-- phpMyAdmin SQL Dump
-- version 5.2.2
-- https://www.phpmyadmin.net/
--
-- Host: localhost:3306
-- Generation Time: Jun 15, 2026 at 04:40 AM
-- Server version: 9.6.0
-- PHP Version: 8.3.25

SET SQL_MODE = "NO_AUTO_VALUE_ON_ZERO";
START TRANSACTION;
SET time_zone = "+00:00";


/*!40101 SET @OLD_CHARACTER_SET_CLIENT=@@CHARACTER_SET_CLIENT */;
/*!40101 SET @OLD_CHARACTER_SET_RESULTS=@@CHARACTER_SET_RESULTS */;
/*!40101 SET @OLD_COLLATION_CONNECTION=@@COLLATION_CONNECTION */;
/*!40101 SET NAMES utf8mb4 */;

--
-- Database: `absen_tk`
--

-- --------------------------------------------------------

--
-- Table structure for table `absensi_guru`
--

CREATE TABLE `absensi_guru` (
  `id_absensi_guru` bigint NOT NULL,
  `id_guru` bigint NOT NULL,
  `tanggal` date DEFAULT NULL,
  `keterangan` varchar(100) DEFAULT NULL,
  `id_status` bigint NOT NULL,
  `id_tahun_ajaran` bigint NOT NULL,
  `jam` time NOT NULL,
  `alasan` varchar(255) DEFAULT NULL
) ENGINE=InnoDB DEFAULT CHARSET=utf8mb4 COLLATE=utf8mb4_0900_ai_ci;

--
-- Dumping data for table `absensi_guru`
--

INSERT INTO `absensi_guru` (`id_absensi_guru`, `id_guru`, `tanggal`, `keterangan`, `id_status`, `id_tahun_ajaran`, `jam`, `alasan`) VALUES
(1, 6, '2026-05-03', NULL, 1, 1, '00:00:00', NULL),
(2, 6, '2026-05-10', NULL, 1, 1, '00:00:00', NULL),
(3, 1, '2026-05-15', NULL, 1, 1, '00:00:00', NULL),
(4, 21, '2026-05-15', NULL, 2, 1, '00:00:00', NULL),
(5, 6, '2026-05-15', NULL, 1, 1, '00:00:00', NULL),
(6, 1, '2026-05-18', 'Otomatis Alfa oleh sistem', 4, 1, '08:30:00', NULL),
(7, 2, '2026-05-18', 'Otomatis Alfa oleh sistem', 4, 1, '08:30:00', NULL),
(8, 3, '2026-05-18', 'Otomatis Alfa oleh sistem', 4, 1, '08:30:00', NULL),
(9, 4, '2026-05-18', 'Otomatis Alfa oleh sistem', 4, 1, '08:30:00', NULL),
(10, 5, '2026-05-18', 'Otomatis Alfa oleh sistem', 4, 1, '08:30:00', NULL),
(11, 6, '2026-05-18', 'Otomatis Alfa oleh sistem', 4, 1, '08:30:00', NULL),
(12, 7, '2026-05-18', 'Otomatis Alfa oleh sistem', 4, 1, '08:30:00', NULL),
(13, 8, '2026-05-18', 'Otomatis Alfa oleh sistem', 4, 1, '08:30:00', NULL),
(14, 9, '2026-05-18', 'Otomatis Alfa oleh sistem', 4, 1, '08:30:00', NULL),
(15, 10, '2026-05-18', 'Otomatis Alfa oleh sistem', 4, 1, '08:30:00', NULL),
(16, 11, '2026-05-18', 'Otomatis Alfa oleh sistem', 4, 1, '08:30:00', NULL),
(17, 18, '2026-05-18', 'Otomatis Alfa oleh sistem', 4, 1, '08:30:00', NULL),
(18, 21, '2026-05-18', 'Otomatis Alfa oleh sistem', 4, 1, '08:30:00', NULL),
(19, 1, '2026-05-19', 'Otomatis Alfa oleh Sistem', 4, 1, '08:30:00', NULL),
(20, 2, '2026-05-19', 'Otomatis Alfa oleh Sistem', 4, 1, '08:30:00', NULL),
(21, 3, '2026-05-19', 'Otomatis Alfa oleh Sistem', 4, 1, '08:30:00', NULL),
(22, 4, '2026-05-19', 'Otomatis Alfa oleh Sistem', 4, 1, '08:30:00', NULL),
(23, 5, '2026-05-19', 'Otomatis Alfa oleh Sistem', 4, 1, '08:30:00', NULL),
(24, 6, '2026-05-19', 'Otomatis Alfa oleh Sistem', 4, 1, '08:30:00', NULL),
(25, 7, '2026-05-19', 'Otomatis Alfa oleh Sistem', 4, 1, '08:30:00', NULL),
(26, 8, '2026-05-19', 'Otomatis Alfa oleh Sistem', 4, 1, '08:30:00', NULL),
(27, 9, '2026-05-19', 'Otomatis Alfa oleh Sistem', 4, 1, '08:30:00', NULL),
(28, 10, '2026-05-19', 'Otomatis Alfa oleh Sistem', 4, 1, '08:30:00', NULL),
(29, 11, '2026-05-19', 'Otomatis Alfa oleh Sistem', 4, 1, '08:30:00', NULL),
(30, 18, '2026-05-19', 'Otomatis Alfa oleh Sistem', 4, 1, '08:30:00', NULL),
(31, 21, '2026-05-19', 'Otomatis Alfa oleh Sistem', 4, 1, '08:30:00', NULL),
(32, 21, '2026-05-20', 'Terlambat', 1, 1, '07:40:54', NULL),
(33, 1, '2026-05-21', 'Otomatis Alfa oleh Sistem', 4, 1, '08:30:00', NULL),
(34, 2, '2026-05-21', 'Otomatis Alfa oleh Sistem', 4, 1, '08:30:00', NULL),
(35, 3, '2026-05-21', 'Otomatis Alfa oleh Sistem', 4, 1, '08:30:00', NULL),
(36, 4, '2026-05-21', 'Otomatis Alfa oleh Sistem', 4, 1, '08:30:00', NULL),
(37, 5, '2026-05-21', 'Otomatis Alfa oleh Sistem', 4, 1, '08:30:00', NULL),
(38, 6, '2026-05-21', 'Otomatis Alfa oleh Sistem', 4, 1, '08:30:00', NULL),
(39, 7, '2026-05-21', 'Otomatis Alfa oleh Sistem', 4, 1, '08:30:00', NULL),
(40, 8, '2026-05-21', 'Otomatis Alfa oleh Sistem', 4, 1, '08:30:00', NULL),
(41, 9, '2026-05-21', 'Otomatis Alfa oleh Sistem', 4, 1, '08:30:00', NULL),
(42, 10, '2026-05-21', 'Otomatis Alfa oleh Sistem', 4, 1, '08:30:00', NULL),
(43, 11, '2026-05-21', 'Otomatis Alfa oleh Sistem', 4, 1, '08:30:00', NULL),
(44, 18, '2026-05-21', 'Otomatis Alfa oleh Sistem', 4, 1, '08:30:00', NULL),
(45, 21, '2026-05-21', 'Otomatis Alfa oleh Sistem', 4, 1, '08:30:00', NULL),
(46, 1, '2026-05-22', 'Otomatis Alfa oleh Sistem', 4, 1, '08:30:00', NULL),
(47, 2, '2026-05-22', 'Otomatis Alfa oleh Sistem', 4, 1, '08:30:00', NULL),
(48, 3, '2026-05-22', 'Otomatis Alfa oleh Sistem', 4, 1, '08:30:00', NULL),
(49, 4, '2026-05-22', 'Otomatis Alfa oleh Sistem', 4, 1, '08:30:00', NULL),
(50, 5, '2026-05-22', 'Otomatis Alfa oleh Sistem', 4, 1, '08:30:00', NULL),
(51, 6, '2026-05-22', 'Otomatis Alfa oleh Sistem', 4, 1, '08:30:00', NULL),
(52, 7, '2026-05-22', 'Otomatis Alfa oleh Sistem', 4, 1, '08:30:00', NULL),
(53, 8, '2026-05-22', 'Otomatis Alfa oleh Sistem', 4, 1, '08:30:00', NULL),
(54, 9, '2026-05-22', 'Otomatis Alfa oleh Sistem', 4, 1, '08:30:00', NULL),
(55, 10, '2026-05-22', 'Otomatis Alfa oleh Sistem', 4, 1, '08:30:00', NULL),
(56, 11, '2026-05-22', 'Otomatis Alfa oleh Sistem', 4, 1, '08:30:00', NULL),
(57, 18, '2026-05-22', 'Otomatis Alfa oleh Sistem', 4, 1, '08:30:00', NULL),
(58, 21, '2026-05-22', 'Otomatis Alfa oleh Sistem', 4, 1, '08:30:00', NULL),
(59, 1, '2026-05-29', 'Otomatis Alfa oleh Sistem', 4, 1, '08:30:00', NULL),
(60, 2, '2026-05-29', 'Otomatis Alfa oleh Sistem', 4, 1, '08:30:00', NULL),
(61, 3, '2026-05-29', 'Otomatis Alfa oleh Sistem', 4, 1, '08:30:00', NULL),
(62, 4, '2026-05-29', 'Otomatis Alfa oleh Sistem', 4, 1, '08:30:00', NULL),
(63, 5, '2026-05-29', 'Otomatis Alfa oleh Sistem', 4, 1, '08:30:00', NULL),
(64, 6, '2026-05-29', 'Otomatis Alfa oleh Sistem', 4, 1, '08:30:00', NULL),
(65, 7, '2026-05-29', 'Otomatis Alfa oleh Sistem', 4, 1, '08:30:00', NULL),
(66, 8, '2026-05-29', 'Otomatis Alfa oleh Sistem', 4, 1, '08:30:00', NULL),
(67, 9, '2026-05-29', 'Otomatis Alfa oleh Sistem', 4, 1, '08:30:00', NULL),
(68, 10, '2026-05-29', 'Otomatis Alfa oleh Sistem', 4, 1, '08:30:00', NULL),
(69, 11, '2026-05-29', 'Otomatis Alfa oleh Sistem', 4, 1, '08:30:00', NULL),
(70, 18, '2026-05-29', 'Otomatis Alfa oleh Sistem', 4, 1, '08:30:00', NULL),
(71, 21, '2026-05-29', 'Otomatis Alfa oleh Sistem', 4, 1, '08:30:00', NULL),
(72, 21, '2026-06-01', '-', 3, 1, '01:00:10', 'gdbdnx'),
(73, 18, '2026-06-01', '-', 2, 1, '01:01:09', 'ke luar kota'),
(74, 6, '2026-06-01', '-', 3, 1, '01:03:50', 'flu'),
(75, 1, '2026-06-01', '-', 2, 1, '01:09:57', NULL),
(76, 8, '2026-06-01', '-', 3, 1, '01:21:10', 'flu'),
(77, 1, '2026-06-05', 'Otomatis Alpa oleh Sistem', 4, 1, '08:30:00', NULL),
(78, 2, '2026-06-05', 'Otomatis Alpa oleh Sistem', 4, 1, '08:30:00', NULL),
(79, 3, '2026-06-05', 'Otomatis Alpa oleh Sistem', 4, 1, '08:30:00', NULL),
(80, 4, '2026-06-05', 'Otomatis Alpa oleh Sistem', 4, 1, '08:30:00', NULL),
(81, 5, '2026-06-05', 'Otomatis Alpa oleh Sistem', 4, 1, '08:30:00', NULL),
(82, 6, '2026-06-05', 'Otomatis Alpa oleh Sistem', 4, 1, '08:30:00', NULL),
(83, 7, '2026-06-05', 'Otomatis Alpa oleh Sistem', 4, 1, '08:30:00', NULL),
(84, 8, '2026-06-05', 'Otomatis Alpa oleh Sistem', 4, 1, '08:30:00', NULL),
(85, 9, '2026-06-05', 'Otomatis Alpa oleh Sistem', 4, 1, '08:30:00', NULL),
(86, 10, '2026-06-05', 'Otomatis Alpa oleh Sistem', 4, 1, '08:30:00', NULL),
(87, 11, '2026-06-05', 'Otomatis Alpa oleh Sistem', 4, 1, '08:30:00', NULL),
(88, 18, '2026-06-05', 'Otomatis Alpa oleh Sistem', 4, 1, '08:30:00', NULL),
(89, 21, '2026-06-05', 'Otomatis Alpa oleh Sistem', 4, 1, '08:30:00', NULL),
(90, 21, '2026-06-11', 'Tepat Waktu', 1, 1, '07:07:42', ''),
(91, 18, '2026-06-11', '-', 3, 1, '07:08:09', 'sakit kepala'),
(92, 6, '2026-06-11', 'Terlambat', 1, 1, '08:03:32', ''),
(93, 1, '2026-06-11', 'Otomatis Alpa oleh Sistem', 4, 1, '08:30:00', NULL),
(94, 2, '2026-06-11', 'Otomatis Alpa oleh Sistem', 4, 1, '08:30:00', NULL),
(95, 3, '2026-06-11', 'Otomatis Alpa oleh Sistem', 4, 1, '08:30:00', NULL),
(96, 4, '2026-06-11', 'Otomatis Alpa oleh Sistem', 4, 1, '08:30:00', NULL),
(97, 5, '2026-06-11', 'Otomatis Alpa oleh Sistem', 4, 1, '08:30:00', NULL),
(98, 7, '2026-06-11', 'Otomatis Alpa oleh Sistem', 4, 1, '08:30:00', NULL),
(99, 8, '2026-06-11', 'Otomatis Alpa oleh Sistem', 4, 1, '08:30:00', NULL),
(100, 9, '2026-06-11', 'Otomatis Alpa oleh Sistem', 4, 1, '08:30:00', NULL),
(101, 10, '2026-06-11', 'Otomatis Alpa oleh Sistem', 4, 1, '08:30:00', NULL),
(102, 11, '2026-06-11', 'Otomatis Alpa oleh Sistem', 4, 1, '08:30:00', NULL);

-- --------------------------------------------------------

--
-- Table structure for table `absensi_siswa`
--

CREATE TABLE `absensi_siswa` (
  `id_absensi_siswa` bigint NOT NULL,
  `tanggal` date NOT NULL,
  `id_kelas` varchar(10) CHARACTER SET utf8mb4 COLLATE utf8mb4_0900_ai_ci NOT NULL,
  `keterangan` varchar(255) DEFAULT NULL,
  `id_status` bigint DEFAULT NULL,
  `id_tahun_ajaran` bigint DEFAULT NULL,
  `id_siswa` bigint NOT NULL
) ENGINE=InnoDB DEFAULT CHARSET=utf8mb4 COLLATE=utf8mb4_0900_ai_ci;

--
-- Dumping data for table `absensi_siswa`
--

INSERT INTO `absensi_siswa` (`id_absensi_siswa`, `tanggal`, `id_kelas`, `keterangan`, `id_status`, `id_tahun_ajaran`, `id_siswa`) VALUES
(1, '2026-05-01', 'A2', NULL, 1, 1, 20),
(2, '2026-05-01', 'A2', NULL, 1, 1, 21),
(3, '2026-05-01', 'A2', NULL, 1, 1, 22),
(4, '2026-05-01', 'A2', NULL, 1, 1, 23),
(5, '2026-05-01', 'A2', NULL, 1, 1, 24),
(6, '2026-05-01', 'A2', NULL, 1, 1, 25),
(7, '2026-05-01', 'A2', NULL, 1, 1, 26),
(8, '2026-05-01', 'A2', NULL, 1, 1, 27),
(9, '2026-05-01', 'A2', NULL, 1, 1, 28),
(10, '2026-05-01', 'A2', NULL, 1, 1, 29),
(11, '2026-05-01', 'A2', NULL, 1, 1, 30),
(12, '2026-05-01', 'A2', NULL, 1, 1, 31),
(13, '2026-05-01', 'A2', NULL, 1, 1, 32),
(14, '2026-05-01', 'A2', NULL, 1, 1, 33),
(15, '2026-05-01', 'A2', NULL, 1, 1, 34),
(16, '2026-05-01', 'A2', NULL, 1, 1, 35),
(17, '2026-05-01', 'A2', NULL, 1, 1, 36),
(18, '2026-05-01', 'A2', NULL, 1, 1, 37),
(19, '2026-05-01', 'A2', NULL, 1, 1, 38),
(20, '2026-05-01', 'A2', NULL, 1, 1, 39),
(21, '2026-05-01', 'A2', NULL, 1, 1, 40),
(22, '2026-05-01', 'A2', NULL, 1, 1, 41),
(23, '2026-05-01', 'A2', NULL, 2, 1, 42),
(24, '2026-05-03', 'A2', NULL, 1, 1, 20),
(25, '2026-05-03', 'A2', NULL, 1, 1, 21),
(26, '2026-05-03', 'A2', NULL, 1, 1, 22),
(27, '2026-05-03', 'A2', NULL, 1, 1, 23),
(28, '2026-05-03', 'A2', NULL, 1, 1, 24),
(29, '2026-05-03', 'A2', NULL, 1, 1, 25),
(30, '2026-05-03', 'A2', NULL, 1, 1, 26),
(31, '2026-05-03', 'A2', NULL, 1, 1, 27),
(32, '2026-05-03', 'A2', NULL, 1, 1, 28),
(33, '2026-05-03', 'A2', NULL, 1, 1, 29),
(34, '2026-05-03', 'A2', NULL, 1, 1, 30),
(35, '2026-05-03', 'A2', NULL, 1, 1, 31),
(36, '2026-05-03', 'A2', NULL, 1, 1, 32),
(37, '2026-05-03', 'A2', NULL, 1, 1, 33),
(38, '2026-05-03', 'A2', NULL, 1, 1, 34),
(39, '2026-05-03', 'A2', NULL, 1, 1, 35),
(40, '2026-05-03', 'A2', NULL, 1, 1, 36),
(41, '2026-05-03', 'A2', NULL, 1, 1, 37),
(42, '2026-05-03', 'A2', NULL, 1, 1, 38),
(43, '2026-05-03', 'A2', NULL, 1, 1, 39),
(44, '2026-05-03', 'A2', NULL, 2, 1, 40),
(45, '2026-05-03', 'A2', NULL, 4, 1, 41),
(46, '2026-05-03', 'A2', NULL, 1, 1, 42),
(47, '2026-05-10', 'A2', NULL, 1, 1, 20),
(48, '2026-05-10', 'A2', NULL, 1, 1, 21),
(49, '2026-05-10', 'A2', NULL, 1, 1, 22),
(50, '2026-05-10', 'A2', NULL, 2, 1, 23),
(51, '2026-05-10', 'A2', NULL, 1, 1, 24),
(52, '2026-05-10', 'A2', NULL, 1, 1, 25),
(53, '2026-05-10', 'A2', NULL, 1, 1, 26),
(54, '2026-05-10', 'A2', NULL, 1, 1, 27),
(55, '2026-05-10', 'A2', NULL, 1, 1, 28),
(56, '2026-05-10', 'A2', NULL, 1, 1, 29),
(57, '2026-05-10', 'A2', NULL, 1, 1, 30),
(58, '2026-05-10', 'A2', NULL, 1, 1, 31),
(59, '2026-05-10', 'A2', NULL, 1, 1, 32),
(60, '2026-05-10', 'A2', NULL, 1, 1, 33),
(61, '2026-05-10', 'A2', NULL, 1, 1, 34),
(62, '2026-05-10', 'A2', NULL, 1, 1, 35),
(63, '2026-05-10', 'A2', NULL, 1, 1, 36),
(64, '2026-05-10', 'A2', NULL, 1, 1, 37),
(65, '2026-05-10', 'A2', NULL, 1, 1, 38),
(66, '2026-05-10', 'A2', NULL, 1, 1, 39),
(67, '2026-05-10', 'A2', NULL, 1, 1, 40),
(68, '2026-05-10', 'A2', NULL, 1, 1, 41),
(69, '2026-05-10', 'A2', NULL, 1, 1, 42),
(70, '2026-05-11', 'A2', NULL, 2, 1, 20),
(71, '2026-05-11', 'A2', NULL, 1, 1, 21),
(72, '2026-05-11', 'A2', NULL, 1, 1, 22),
(73, '2026-05-11', 'A2', NULL, 1, 1, 23),
(74, '2026-05-11', 'A2', NULL, 1, 1, 24),
(75, '2026-05-11', 'A2', NULL, 1, 1, 25),
(76, '2026-05-11', 'A2', NULL, 1, 1, 26),
(77, '2026-05-11', 'A2', NULL, 1, 1, 27),
(78, '2026-05-11', 'A2', NULL, 1, 1, 28),
(79, '2026-05-11', 'A2', NULL, 1, 1, 29),
(80, '2026-05-11', 'A2', NULL, 1, 1, 30),
(81, '2026-05-11', 'A2', NULL, 1, 1, 31),
(82, '2026-05-11', 'A2', NULL, 1, 1, 32),
(83, '2026-05-11', 'A2', NULL, 1, 1, 33),
(84, '2026-05-11', 'A2', NULL, 1, 1, 34),
(85, '2026-05-11', 'A2', NULL, 1, 1, 35),
(86, '2026-05-11', 'A2', NULL, 1, 1, 36),
(87, '2026-05-11', 'A2', NULL, 1, 1, 37),
(88, '2026-05-11', 'A2', NULL, 1, 1, 38),
(89, '2026-05-11', 'A2', NULL, 1, 1, 39),
(90, '2026-05-11', 'A2', NULL, 1, 1, 40),
(91, '2026-05-11', 'A2', NULL, 1, 1, 41),
(92, '2026-05-11', 'A2', NULL, 1, 1, 42),
(93, '2026-05-15', 'A2', NULL, 1, 1, 20),
(94, '2026-05-15', 'A2', NULL, 1, 1, 21),
(95, '2026-05-15', 'A2', NULL, 1, 1, 22),
(96, '2026-05-15', 'A2', NULL, 1, 1, 23),
(97, '2026-05-15', 'A2', NULL, 1, 1, 24),
(98, '2026-05-15', 'A2', NULL, 1, 1, 25),
(99, '2026-05-15', 'A2', NULL, 1, 1, 26),
(100, '2026-05-15', 'A2', NULL, 1, 1, 27),
(101, '2026-05-15', 'A2', NULL, 1, 1, 28),
(102, '2026-05-15', 'A2', NULL, 1, 1, 29),
(103, '2026-05-15', 'A2', NULL, 1, 1, 30),
(104, '2026-05-15', 'A2', NULL, 1, 1, 31),
(105, '2026-05-15', 'A2', NULL, 1, 1, 32),
(106, '2026-05-15', 'A2', NULL, 1, 1, 33),
(107, '2026-05-15', 'A2', NULL, 1, 1, 34),
(108, '2026-05-15', 'A2', NULL, 1, 1, 35),
(109, '2026-05-15', 'A2', NULL, 1, 1, 36),
(110, '2026-05-15', 'A2', NULL, 1, 1, 37),
(111, '2026-05-15', 'A2', NULL, 1, 1, 38),
(112, '2026-05-15', 'A2', NULL, 1, 1, 39),
(113, '2026-05-15', 'A2', NULL, 1, 1, 40),
(114, '2026-05-15', 'A2', NULL, 1, 1, 41),
(115, '2026-05-15', 'A2', NULL, 1, 1, 42),
(116, '2026-05-18', 'B6', NULL, 1, 1, 87),
(117, '2026-05-19', 'A2', NULL, 2, 1, 20),
(118, '2026-05-19', 'A2', NULL, 1, 1, 21),
(119, '2026-05-19', 'A2', NULL, 1, 1, 22),
(120, '2026-05-19', 'A2', NULL, 1, 1, 23),
(121, '2026-05-19', 'A2', NULL, 1, 1, 24),
(122, '2026-05-19', 'A2', NULL, 1, 1, 25),
(123, '2026-05-19', 'A2', NULL, 1, 1, 26),
(124, '2026-05-19', 'A2', NULL, 1, 1, 27),
(125, '2026-05-19', 'A2', NULL, 1, 1, 28),
(126, '2026-05-19', 'A2', NULL, 1, 1, 29),
(127, '2026-05-19', 'A2', NULL, 1, 1, 30),
(128, '2026-05-19', 'A2', NULL, 1, 1, 31),
(129, '2026-05-19', 'A2', NULL, 1, 1, 32),
(130, '2026-05-19', 'A2', NULL, 1, 1, 33),
(131, '2026-05-19', 'A2', NULL, 1, 1, 34),
(132, '2026-05-19', 'A2', NULL, 1, 1, 35),
(133, '2026-05-19', 'A2', NULL, 1, 1, 36),
(134, '2026-05-19', 'A2', NULL, 1, 1, 37),
(135, '2026-05-19', 'A2', NULL, 1, 1, 38),
(136, '2026-05-19', 'A2', NULL, 1, 1, 39),
(137, '2026-05-19', 'A2', NULL, 1, 1, 40),
(138, '2026-05-19', 'A2', NULL, 1, 1, 41),
(139, '2026-05-19', 'A2', NULL, 1, 1, 42),
(140, '2026-05-19', 'B6', NULL, 1, 1, 87),
(141, '2026-05-19', 'A1', NULL, 3, 2, 88),
(142, '2026-05-20', 'A2', NULL, 2, 1, 20),
(143, '2026-05-20', 'A2', NULL, 3, 1, 21),
(144, '2026-05-20', 'A2', NULL, 4, 1, 22),
(145, '2026-05-20', 'A2', NULL, 1, 1, 23),
(146, '2026-05-20', 'A2', NULL, 1, 1, 24),
(147, '2026-05-20', 'A2', NULL, 1, 1, 25),
(148, '2026-05-20', 'A2', NULL, 1, 1, 26),
(149, '2026-05-20', 'A2', NULL, 1, 1, 27),
(150, '2026-05-20', 'A2', NULL, 1, 1, 28),
(151, '2026-05-20', 'A2', NULL, 1, 1, 29),
(152, '2026-05-20', 'A2', NULL, 1, 1, 30),
(153, '2026-05-20', 'A2', NULL, 1, 1, 31),
(154, '2026-05-20', 'A2', NULL, 1, 1, 32),
(155, '2026-05-20', 'A2', NULL, 1, 1, 33),
(156, '2026-05-20', 'A2', NULL, 1, 1, 34),
(157, '2026-05-20', 'A2', NULL, 1, 1, 35),
(158, '2026-05-20', 'A2', NULL, 1, 1, 36),
(159, '2026-05-20', 'A2', NULL, 1, 1, 37),
(160, '2026-05-20', 'A2', NULL, 1, 1, 38),
(161, '2026-05-20', 'A2', NULL, 1, 1, 39),
(162, '2026-05-20', 'A2', NULL, 1, 1, 40),
(163, '2026-05-20', 'A2', NULL, 1, 1, 41),
(164, '2026-05-20', 'A2', NULL, 1, 1, 42),
(165, '2026-05-21', 'A2', NULL, 1, 1, 20),
(166, '2026-05-21', 'A2', NULL, 2, 1, 21),
(167, '2026-05-21', 'A2', NULL, 3, 1, 22),
(168, '2026-05-21', 'A2', NULL, 4, 1, 23),
(169, '2026-05-21', 'A2', NULL, 1, 1, 24),
(170, '2026-05-21', 'A2', NULL, 1, 1, 25),
(171, '2026-05-21', 'A2', NULL, 1, 1, 26),
(172, '2026-05-21', 'A2', NULL, 1, 1, 27),
(173, '2026-05-21', 'A2', NULL, 1, 1, 28),
(174, '2026-05-21', 'A2', NULL, 1, 1, 29),
(175, '2026-05-21', 'A2', NULL, 1, 1, 30),
(176, '2026-05-21', 'A2', NULL, 1, 1, 31),
(177, '2026-05-21', 'A2', NULL, 1, 1, 32),
(178, '2026-05-21', 'A2', NULL, 1, 1, 33),
(179, '2026-05-21', 'A2', NULL, 1, 1, 34),
(180, '2026-05-21', 'A2', NULL, 1, 1, 35),
(181, '2026-05-21', 'A2', NULL, 1, 1, 36),
(182, '2026-05-21', 'A2', NULL, 1, 1, 37),
(183, '2026-05-21', 'A2', NULL, 1, 1, 38),
(184, '2026-05-21', 'A2', NULL, 1, 1, 39),
(185, '2026-05-21', 'A2', NULL, 1, 1, 40),
(186, '2026-05-21', 'A2', NULL, 1, 1, 41),
(187, '2026-05-21', 'A2', NULL, 1, 1, 42),
(188, '2026-05-22', 'A2', NULL, 1, 1, 20),
(189, '2026-05-22', 'A2', NULL, 2, 1, 21),
(190, '2026-05-22', 'A2', NULL, 3, 1, 22),
(191, '2026-05-22', 'A2', NULL, 4, 1, 23),
(192, '2026-05-22', 'A2', NULL, 1, 1, 24),
(193, '2026-05-22', 'A2', NULL, 1, 1, 25),
(194, '2026-05-22', 'A2', NULL, 1, 1, 26),
(195, '2026-05-22', 'A2', NULL, 1, 1, 27),
(196, '2026-05-22', 'A2', NULL, 1, 1, 28),
(197, '2026-05-22', 'A2', NULL, 1, 1, 29),
(198, '2026-05-22', 'A2', NULL, 1, 1, 30),
(199, '2026-05-22', 'A2', NULL, 1, 1, 31),
(200, '2026-05-22', 'A2', NULL, 1, 1, 32),
(201, '2026-05-22', 'A2', NULL, 1, 1, 33),
(202, '2026-05-22', 'A2', NULL, 1, 1, 34),
(203, '2026-05-22', 'A2', NULL, 1, 1, 35),
(204, '2026-05-22', 'A2', NULL, 1, 1, 36),
(205, '2026-05-22', 'A2', NULL, 1, 1, 37),
(206, '2026-05-22', 'A2', NULL, 1, 1, 38),
(207, '2026-05-22', 'A2', NULL, 1, 1, 39),
(208, '2026-05-22', 'A2', NULL, 1, 1, 40),
(209, '2026-05-22', 'A2', NULL, 1, 1, 41),
(210, '2026-05-22', 'A2', NULL, 1, 1, 42),
(211, '2026-05-29', 'A2', NULL, 1, 1, 20),
(212, '2026-05-29', 'A2', NULL, 2, 1, 21),
(213, '2026-05-29', 'A2', NULL, 3, 1, 22),
(214, '2026-05-29', 'A2', NULL, 1, 1, 23),
(215, '2026-05-29', 'A2', NULL, 1, 1, 24),
(216, '2026-05-29', 'A2', NULL, 1, 1, 25),
(217, '2026-05-29', 'A2', NULL, 1, 1, 26),
(218, '2026-05-29', 'A2', NULL, 1, 1, 27),
(219, '2026-05-29', 'A2', NULL, 1, 1, 28),
(220, '2026-05-29', 'A2', NULL, 1, 1, 29),
(221, '2026-05-29', 'A2', NULL, 1, 1, 30),
(222, '2026-05-29', 'A2', NULL, 1, 1, 31),
(223, '2026-05-29', 'A2', NULL, 1, 1, 32),
(224, '2026-05-29', 'A2', NULL, 1, 1, 33),
(225, '2026-05-29', 'A2', NULL, 1, 1, 34),
(226, '2026-05-29', 'A2', NULL, 1, 1, 35),
(227, '2026-05-29', 'A2', NULL, 1, 1, 36),
(228, '2026-05-29', 'A2', NULL, 1, 1, 37),
(229, '2026-05-29', 'A2', NULL, 1, 1, 38),
(230, '2026-05-29', 'A2', NULL, 1, 1, 39),
(231, '2026-05-29', 'A2', NULL, 1, 1, 40),
(232, '2026-05-29', 'A2', NULL, 1, 1, 41),
(233, '2026-05-29', 'A2', NULL, 1, 1, 42),
(234, '2026-05-29', 'B6', NULL, 1, 1, 87),
(235, '2026-05-29', 'A1', NULL, 1, 1, 1),
(236, '2026-05-29', 'A1', NULL, 2, 1, 2),
(237, '2026-05-29', 'A1', NULL, 3, 1, 3),
(238, '2026-05-29', 'A1', NULL, 1, 1, 4),
(239, '2026-05-29', 'A1', NULL, 1, 1, 5),
(240, '2026-05-29', 'A1', NULL, 1, 1, 6),
(241, '2026-05-29', 'A1', NULL, 1, 1, 7),
(242, '2026-05-29', 'A1', NULL, 1, 1, 8),
(243, '2026-05-29', 'A1', NULL, 1, 1, 9),
(244, '2026-05-29', 'A1', NULL, 1, 1, 10),
(245, '2026-05-29', 'A1', NULL, 1, 1, 11),
(246, '2026-05-29', 'A1', NULL, 1, 1, 12),
(247, '2026-05-29', 'A1', NULL, 1, 1, 13),
(248, '2026-05-29', 'A1', NULL, 1, 1, 14),
(249, '2026-05-29', 'A1', NULL, 1, 1, 15),
(250, '2026-05-29', 'A1', NULL, 1, 1, 16),
(251, '2026-05-29', 'A1', NULL, 1, 1, 17),
(252, '2026-05-29', 'A1', NULL, 1, 1, 18),
(253, '2026-05-29', 'A1', NULL, 1, 1, 19),
(254, '2026-05-29', 'B1', NULL, 4, 1, 85),
(255, '2026-05-31', 'A2', NULL, 1, 1, 20),
(256, '2026-05-31', 'A2', NULL, 2, 1, 21),
(257, '2026-05-31', 'A2', NULL, 3, 1, 22),
(258, '2026-05-31', 'A2', NULL, 4, 1, 23),
(259, '2026-05-31', 'A2', NULL, 1, 1, 24),
(260, '2026-05-31', 'A2', NULL, 1, 1, 25),
(261, '2026-05-31', 'A2', NULL, 1, 1, 26),
(262, '2026-05-31', 'A2', NULL, 1, 1, 27),
(263, '2026-05-31', 'A2', NULL, 1, 1, 28),
(264, '2026-05-31', 'A2', NULL, 1, 1, 29),
(265, '2026-05-31', 'A2', NULL, 1, 1, 30),
(266, '2026-05-31', 'A2', NULL, 1, 1, 31),
(267, '2026-05-31', 'A2', NULL, 1, 1, 32),
(268, '2026-05-31', 'A2', NULL, 1, 1, 33),
(269, '2026-05-31', 'A2', NULL, 1, 1, 34),
(270, '2026-05-31', 'A2', NULL, 1, 1, 35),
(271, '2026-05-31', 'A2', NULL, 1, 1, 36),
(272, '2026-05-31', 'A2', NULL, 1, 1, 37),
(273, '2026-05-31', 'A2', NULL, 1, 1, 38),
(274, '2026-05-31', 'A2', NULL, 1, 1, 39),
(275, '2026-05-31', 'A2', NULL, 1, 1, 40),
(276, '2026-05-31', 'A2', NULL, 1, 1, 41),
(277, '2026-05-31', 'A2', NULL, 1, 1, 42),
(278, '2026-05-31', 'B6', NULL, 1, 1, 87),
(279, '2026-06-05', 'A2', NULL, 3, 1, 20),
(280, '2026-06-05', 'A2', NULL, 2, 1, 21),
(281, '2026-06-05', 'A2', NULL, 4, 1, 22),
(282, '2026-06-05', 'A2', NULL, 1, 1, 23),
(283, '2026-06-05', 'A2', NULL, 1, 1, 24),
(284, '2026-06-05', 'A2', NULL, 1, 1, 25),
(285, '2026-06-05', 'A2', NULL, 1, 1, 26),
(286, '2026-06-05', 'A2', NULL, 1, 1, 27),
(287, '2026-06-05', 'A2', NULL, 1, 1, 28),
(288, '2026-06-05', 'A2', NULL, 1, 1, 29),
(289, '2026-06-05', 'A2', NULL, 1, 1, 30),
(290, '2026-06-05', 'A2', NULL, 1, 1, 31),
(291, '2026-06-05', 'A2', NULL, 1, 1, 32),
(292, '2026-06-05', 'A2', NULL, 1, 1, 33),
(293, '2026-06-05', 'A2', NULL, 1, 1, 34),
(294, '2026-06-05', 'A2', NULL, 1, 1, 35),
(295, '2026-06-05', 'A2', NULL, 1, 1, 36),
(296, '2026-06-05', 'A2', NULL, 1, 1, 37),
(297, '2026-06-05', 'A2', NULL, 1, 1, 38),
(298, '2026-06-05', 'A2', NULL, 1, 1, 39),
(299, '2026-06-05', 'A2', NULL, 1, 1, 40),
(300, '2026-06-05', 'A2', NULL, 1, 1, 41),
(301, '2026-06-05', 'A2', NULL, 1, 1, 42),
(302, '2026-06-07', 'A2', NULL, 1, 1, 20),
(303, '2026-06-07', 'A2', NULL, 2, 1, 21),
(304, '2026-06-07', 'A2', NULL, 3, 1, 22),
(305, '2026-06-07', 'A2', NULL, 4, 1, 23),
(306, '2026-06-07', 'A2', NULL, 1, 1, 24),
(307, '2026-06-07', 'A2', NULL, 1, 1, 25),
(308, '2026-06-07', 'A2', NULL, 1, 1, 26),
(309, '2026-06-07', 'A2', NULL, 1, 1, 27),
(310, '2026-06-07', 'A2', NULL, 1, 1, 28),
(311, '2026-06-07', 'A2', NULL, 1, 1, 29),
(312, '2026-06-07', 'A2', NULL, 1, 1, 30),
(313, '2026-06-07', 'A2', NULL, 1, 1, 31),
(314, '2026-06-07', 'A2', NULL, 1, 1, 32),
(315, '2026-06-07', 'A2', NULL, 1, 1, 33),
(316, '2026-06-07', 'A2', NULL, 1, 1, 34),
(317, '2026-06-07', 'A2', NULL, 1, 1, 35),
(318, '2026-06-07', 'A2', NULL, 1, 1, 36),
(319, '2026-06-07', 'A2', NULL, 1, 1, 37),
(320, '2026-06-07', 'A2', NULL, 1, 1, 38),
(321, '2026-06-07', 'A2', NULL, 1, 1, 39),
(322, '2026-06-07', 'A2', NULL, 1, 1, 40),
(323, '2026-06-07', 'A2', NULL, 1, 1, 41),
(324, '2026-06-07', 'A2', NULL, 1, 1, 42),
(325, '2026-06-11', 'A2', NULL, 1, 1, 20),
(326, '2026-06-11', 'A2', NULL, 2, 1, 21),
(327, '2026-06-11', 'A2', NULL, 3, 1, 22),
(328, '2026-06-11', 'A2', NULL, 4, 1, 23),
(329, '2026-06-11', 'A2', NULL, 1, 1, 24),
(330, '2026-06-11', 'A2', NULL, 1, 1, 25),
(331, '2026-06-11', 'A2', NULL, 1, 1, 26),
(332, '2026-06-11', 'A2', NULL, 1, 1, 27),
(333, '2026-06-11', 'A2', NULL, 1, 1, 28),
(334, '2026-06-11', 'A2', NULL, 1, 1, 29),
(335, '2026-06-11', 'A2', NULL, 1, 1, 30),
(336, '2026-06-11', 'A2', NULL, 1, 1, 31),
(337, '2026-06-11', 'A2', NULL, 1, 1, 32),
(338, '2026-06-11', 'A2', NULL, 1, 1, 33),
(339, '2026-06-11', 'A2', NULL, 1, 1, 34),
(340, '2026-06-11', 'A2', NULL, 1, 1, 35),
(341, '2026-06-11', 'A2', NULL, 1, 1, 36),
(342, '2026-06-11', 'A2', NULL, 1, 1, 37),
(343, '2026-06-11', 'A2', NULL, 1, 1, 38),
(344, '2026-06-11', 'A2', NULL, 1, 1, 39),
(345, '2026-06-11', 'A2', NULL, 1, 1, 40),
(346, '2026-06-11', 'A2', NULL, 1, 1, 41),
(347, '2026-06-11', 'A2', NULL, 1, 1, 42);

-- --------------------------------------------------------

--
-- Table structure for table `detail_absensi_siswa`
--

CREATE TABLE `detail_absensi_siswa` (
  `id_detail_absensi_siswa` int NOT NULL,
  `id_siswa` bigint DEFAULT NULL,
  `id_absensi_siswa` bigint DEFAULT NULL,
  `id_status` int NOT NULL
) ENGINE=InnoDB DEFAULT CHARSET=utf8mb4 COLLATE=utf8mb4_0900_ai_ci;

-- --------------------------------------------------------

--
-- Table structure for table `guru`
--

CREATE TABLE `guru` (
  `id_guru` bigint NOT NULL,
  `nama_guru` varchar(255) DEFAULT NULL,
  `nuptk` varchar(255) DEFAULT NULL,
  `status` varchar(255) DEFAULT NULL,
  `tempat_lahir` varchar(255) DEFAULT NULL,
  `tanggal_lahir` varchar(255) DEFAULT NULL,
  `alamat` varchar(255) DEFAULT NULL,
  `id_user` bigint DEFAULT NULL,
  `nip` varchar(255) DEFAULT NULL,
  `no_hp` varchar(255) DEFAULT NULL,
  `foto` longtext
) ENGINE=InnoDB DEFAULT CHARSET=utf8mb4 COLLATE=utf8mb4_0900_ai_ci;

--
-- Dumping data for table `guru`
--

INSERT INTO `guru` (`id_guru`, `nama_guru`, `nuptk`, `status`, `tempat_lahir`, `tanggal_lahir`, `alamat`, `id_user`, `nip`, `no_hp`, `foto`) VALUES
(1, 'SUSIANI, S.Pd.', '4543752654300033', 'GTY', 'Lumajang', '1971-06-01', 'Kedungrejo', 2, NULL, NULL, NULL),
(2, 'IKE RETNALYANINGTYAS, S.Pd.', '6655763664300042', 'GTY', 'Lumajang', '1985-03-23', 'Kedungrejo', NULL, NULL, NULL, NULL),
(3, 'KHUSNUL AZIZAH', '9261744647300043', 'GTY', 'Lumajang', '1966-09-29', 'Kedungrejo', NULL, NULL, NULL, NULL),
(4, 'MARSINAH', '1353748651300033', 'GTY', 'Lumajang', '1970-07-21', 'Kedungrejo', NULL, NULL, NULL, NULL),
(5, 'WIYANI, A.Md.', '6039748651300073', 'GTY', 'Lumajang', '1970-07-07', 'Kedungrejo', NULL, NULL, NULL, NULL);
INSERT INTO `guru` (`id_guru`, `nama_guru`, `nuptk`, `status`, `tempat_lahir`, `tanggal_lahir`, `alamat`, `id_user`, `nip`, `no_hp`, `foto`) VALUES
(6, 'ALFA FAUZIYAH, S.Pd.', '8537767668230283', 'GTY', 'Jember', '1989-12-05', 'Kedungrejo', 6, NULL, NULL, '/9j/4QQFRXhpZgAATU0AKgAAAAgABAEAAAQAAAABAAAEOAEBAAQAAAABAAAFoIdpAAQAAAABAAAAPgESAAMAAAABAAAAAAAAAAAAApKGAAIAAAOPAAAAXJIIAAMAAAABAAAAAAAAAAB7ImRhdGEiOnsicHJvcF9saXN0IjpbeyJhZGRUaW1lIjoxNzgwMTE4OTI2MjAyLCJjYW5EZWxldGUiOnRydWUsImNvbnRlbnQiOiJ7XCJhZGRfZnJvbVwiOjEsXCJ0aGlyZF9pZFwiOlwiMTU2MjY1OTI1OFwiLFwiaWNvbl91cmxcIjpcImh0dHBzOlxcL1xcL2xmMTYtZWZmZWN0Y2RuLXNnLnRpa3Rva2Nkbi5jb21cXC9vYmpcXC9pZXMuZmUuZWZmZWN0LmFsaXNnXFwvZDY5ZjdhZGRiY2Y2MzlkZmY2ZTUxZTdmNTc4ZjNmNjBcIn0iLCJkaXNwbGF5Ijp0cnVlLCJleHRyYSI6IntcInJlc291cmNlX2lkXCI6XCI3NDU4NTEyNDU3Nzc5MTIyNzA1XCJ9IiwiaWNvblVybCI6Imh0dHBzOi8vcDE2LnRpa3Rva2Nkbi5jb20vb2JqL3Rpa3Rvay1vYmovMjBweF9hbmNob3JfZWZmZWN0M3gucG5nIiwiaXNFZGl0UHJvcCI6ZmFsc2UsImtleXdvcmQiOiJpcGhvbmUgMTMiLCJsYW5ndWFnZSI6IiIsInN1YnR5cGUiOiIiLCJ0aGlyZF9pZCI6IiIsInRpbWUiOiIiLCJ0eXBlIjoyOCwidXJsIjoiIn1dLCJtZXRfcHVibGlzaF9kYXRhIjpbeyJlZmZlY3RfbGlzdCI6IiIsImVmZmVjdF9zb3VyY2UiOiIxIiwiaXNfcGFyZW50X3RlbXBsYXRlX3VzZWQiOmZhbHNlLCJpc19wcm9wX3BhbmVsX2NhY2hlX2xpc3QiOiIwIiwibWV0X3BhcmVudF9yZXNvdXJjZV9pZHMiOiIiLCJwcm9wX2NhdGVnb3J5IjoiMzM0MiIsInByb3BfbGlzdCI6IjE1NjI2NTkyNTgiLCJwcm9wX3BhbmVsX2RlbGl2ZXJ5X3NvdXJjZSI6IjAiLCJwcm9wX3BhbmVsX3Bpbl90eXBlIjoiIiwicHJvcF9pbXByX3Bvc2l0aW9uIjoiMSIsInByb3Bfc2VsZWN0ZWRfZnJvbSI6InByb3BfY2Fyb3VzZWxfdXNlZCIsInJlc291cmNlX2xpc3QiOiI3NDU4NTEyNDU3Nzc5MTIyNzA1IiwidGFiX2tleSI6ImNhcm91c2VsX2ZhdiJ9XSwicHJvZHVjdCI6ImF3ZW1lIn19AAABARIAAwAAAAEAAAAAAAAAAP/gABBKRklGAAEBAAABAAEAAP/iAdhJQ0NfUFJPRklMRQABAQAAAcgAAAAABDAAAG1udHJSR0IgWFlaIAfgAAEAAQAAAAAAAGFjc3AAAAAAAAAAAAAAAAAAAAAAAAAAAAAAAAAAAAABAAD21gABAAAAANMtAAAAAAAAAAAAAAAAAAAAAAAAAAAAAAAAAAAAAAAAAAAAAAAAAAAAAAAAAAAAAAAAAAAACWRlc2MAAADwAAAAJHJYWVoAAAEUAAAAFGdYWVoAAAEoAAAAFGJYWVoAAAE8AAAAFHd0cHQAAAFQAAAAFHJUUkMAAAFkAAAAKGdUUkMAAAFkAAAAKGJUUkMAAAFkAAAAKGNwcnQAAAGMAAAAPG1sdWMAAAAAAAAAAQAAAAxlblVTAAAACAAAABwAcwBSAEcAQlhZWiAAAAAAAABvogAAOPUAAAOQWFlaIAAAAAAAAGKZAAC3hQAAGNpYWVogAAAAAAAAJKAAAA+EAAC2z1hZWiAAAAAAAAD21gABAAAAANMtcGFyYQAAAAAABAAAAAJmZgAA8qcAAA1ZAAAT0AAAClsAAAAAAAAAAG1sdWMAAAAAAAAAAQAAAAxlblVTAAAAIAAAABwARwBvAG8AZwBsAGUAIABJAG4AYwAuACAAMgAwADEANv/bAEMAEAsMDgwKEA4NDhIREBMYKBoYFhYYMSMlHSg6Mz08OTM4N0BIXE5ARFdFNzhQbVFXX2JnaGc+TXF5cGR4XGVnY//bAEMBERISGBUYLxoaL2NCOEJjY2NjY2NjY2NjY2NjY2NjY2NjY2NjY2NjY2NjY2NjY2NjY2NjY2NjY2NjY2NjY2NjY//AABEIBaAEOAMBIgACEQEDEQH/xAAbAAACAwEBAQAAAAAAAAAAAAAAAQIDBAUGB//EAEgQAAICAQMBBgMFBgQFAwMCBwECAAMRBBIhMQUTIkFRYTJxgRQjQlKRBmKhscHRM3Lh8BUkQ1OCNJLxY6KyFiVzwjVEg9JU/8QAGQEBAQEBAQEAAAAAAAAAAAAAAAECAwQF/8QAIxEBAQEBAAMBAQACAwEBAAAAAAERAhIhMQNBMlETImFxQv/aAAwDAQACEQMRAD8Alp+1NTXbZbUivSzbbKA34sfh/nOtpddoNUxs07iqwHB3DaZ5V7e7u7yr7uqwZT1HmD9D/CLWqzDdcmduQ6/kY+/v1Ec9uX17gnj1EjmeJ0Otu0d26jUFVxg1OODj39Z6jQdpU6w92fu9QFy1Z/p6zvx3KxY2npK8yTGVTtGUi2JUesmZGVkYjEliGI1cQjEltgFjUKSEMQhRF5xxQJCOQEkJBMQxCEio4hJQxGiBgBJ4jAjTE6xLMRIsniYaRgOsDAGBOEBCRThCMSBSQhiAEBiSEjJCRThiAjkUsRwhAI4QgEIRyAijhAUI4QFFiSxFKFiEcIChiOEAijhAUWJKKEGIQhAIQhCiRIkoGEUsIxGwiEqHiRKyyGI1cVbZYFj2yQEaYWIbZKPEio4hiSxCQLEMRwgRxCMwgRxHiEcAxDEcIBiKOEBQjhAjCOKEEUcICijilBCEUIIQhAUcIQCEIQCEIQCEIQohCEBwijgEcUIDhCEiiEIQCEIQCOKOAQihAcIQgEcUIDhFHICOKEBxQhAcIoQHCKOFEIoQPCUNSukbTarTi1GJK3V8hCefpN3Z1FWupZFXdbpx3bo3/Ur8v/n2nJ2ajQsFC10Mele7Ib5zqLeHorFiW6W1OWtU5V/bcOk48X37Rk7R7CurzbRuuqxnHnj5eomHutXoK69QoJpcBkc+LYfSddtKzle51lu4tw2/BO7JGfrxKak1OjRxVcrrd8aX+JWyP59R9JsdHQdpJq/AxAtxx+8P6TZPOVqlO3KPWdxZWVtyfTHM7mjubUUnd8aHaff3np471z6i+GI8SU6shRJARCSEyDEh5ycgYCMI4pQo4COAoxGRGBCpCPEUYmVGJICKTAkEdmZJUkwI5NUARwkWaQBkDFmLPMqLR0jkA0eZFTBjBkJISKnHARiRRHCEgYjiElCiEI5AQjhAUI4SBQjhAIRwgKKShAjCOEoUI4oBFHCAoo4ShRRxQgzARGA6wJwgI5FQIiCycMSiIkoRiQLEeIRwFHCEinFHCAoQhAUUcJUKAjhAI4o5AoQMJQRRwgKKOKAQhCAoo4pUEUcUIIQigOKOKAQhCARxQhThCKARxRwCEUJA44oShwijgOEUIDhFCQOEUIU4RQgOEUIDhFCA44oQJQkY5AQihAcIoQJRRQgShIwhXhdFpm1SimrR6ahwvS5s97/rLdD3Wj1RqLtotSvxU3nNdombswafvhv0mouQr4s/EPdflOprdK92kS6ph2jo16HH31f95y5+aLU0FF2+zSbVB8W1TkqfMfQ4Ik20rOvjHU546jPxAfXxCYNLrftBocotdoPD1Nm4j3UcTqf8XWrItK6nz+7Xa4+a+s6zEscvXaDWUVWWUfeo48a46fvL/aS09l/Z+qZWUsjgN6hh6idTT9saDVPtstao7vClg2g+hm9qKrqijKr1nn1E1z/uMqBtdFdDlW5EREh2dVZXQdxGxmynriads7TpnFIElJ4jCxqYgFjKSzEI0xTthtluIbY0xUEj2S3EeI0xUEj2yccmqqKwAlhWG2NCEYMeMQxIqQjzImImQNmkDHzGFzKIGLmWbY9suorEmI8RgSKBJiICTAmVMRxCORTjiEcigSUUIDjiEcgI4oQHCEciiEIQCEIQghFCA4QhAUIQgEUISgijhAjCOEojARwgOEUcgI4oQCEIQHHIwgSihHAIRQkU4RRwFiOOEBQjhAUI4QEYo4pUEUcICijhAUIQgKKMxSoIoQhBCKEAhCEAhCEA8oQhAIQhCiEIQCEIQHCKEgcIoQHCEJQRxQgOKEIUQhFIhwihAlFFCFSjkYQJQihAcUIoDhFCA4SMcCUJGEg8VShq1tQPaq5wGW5FyqMfJp0z366lwhXSa/budUOK9UvqvoYxXqaNQ+dBpEQ15s01bbjYnqPcRCiu5KK1tL6Kxv8Alb/xUP8AlPtMyYrFtHdpfRXaq2OCyV1bF+th5z7zolU1G1rrNrqcV3N4bEbqFf1HvMWtSwoz2ra5qsw9ttu2rOfJPMS+o/ZtQrqVrrtQrsC97W/pt/sYVRX2bZY1ne1qWPTHT6f7/DBtPdpiTpxZSXU7dpIG78p/36TV2Tqm09VpCMa9zHu9oHT8uOh9ppH7R6BvDaLa8/nXIImozS0PaPeOtGoUKWUd0/QMPQ+hnRImO9NL2jSv2WytmZ/ir6j1mxVKqFLFiBjcfOdJWaWIwI45ULEWJLEeIVDEMSe2PbGohiGJLEMQIYhJ4htgRAj2xgSeJNVViSCyeIYjQtsWwSeI40V7Iwssik0xDbDZJxxpivZGElkeI1cV7YYluIsSaYjiGI8RiFKEcBAIRwkBHCEAjihAlCKEijMIRQgkpGOARRwgOOIRwpQhCAopKECMI4pUEUcICijhAUcIQCEcICjhFAIRwgKEIQHCEIBCEIEo4h0jmVKEcIChHCAoo4pQoQhKgijhAUIRQAyJjihChHCUKEIQhRwhAUI4oBCEIUQhCAQhCAQhCAQhCAQhCA4RRwCEIQCKEIBCEIBCEUBwihAcIQkDhFCFOEUIDiihAcIoZgShI5hA8h2Sundk2NbWrNtq1LNkpZ6fIzp1Vv8AaXDYrYuF1NS/Du/DYs4woeym+9NSupKjF6VjGF8nUe07/ZFn26pLbgp1FI7p28rU8jOfCsPa32cuTWtDWJYB3z27rM5/Ckjcyvp22clzk9zWStmPVfwtJdquxd08KqtgASnT89f+55GZe1H3phW719u07qm35PRXAIGfQyq1/s/UVVPuhk+LBXbkeXT+B+Ylmh7P02qa9a3C2pcW7tmDbfl/vyl3ZdWzR2Om07Kiu1TgHPmPT+hBnP7Hq+0DU0vZtHiIcN8J9QcCVG2/sC5be+0hVHDbgVO0zZoLtUy9z2hV3eoXo3k4nKTsbtB6xZVq7TXZy2Lev1k9N2f2tobEse/va0bJVnzuHtLKjvRxkcwE6MiPEBJYkCAjxCSgRxFtk8QxJojthtk8R4jVxDEMSeIsQFiGI4YgKEcIBiGI4oUsQjhAUkIoCBMQijEgIo4QCEIQFCOEBRwhAIQhAcIRyKUI4QgijhClCOEAEcUIBCEIBHFHAUUlFAUUlFAUUlFKghCEAhHCAoRwhShHFCCEIQCKOKAQhCBIGSkAY8yKlCLMcgcUcUAijhAUjJyMoIo4pUKEcIEYpKKAopKKEKEcUoUIQgEIQgKEcICjhCAoQhAIQjgKEcIBFHCAQhCAoQhAIQhAIoQgEIRQHCKEBwihAlFCEgIRQgOKEUocIRQHCKEDyHZybri+9aivhSxPhRj+FvVTO12LQdPdemxq1AAKH8Bz0B9P7zj6RNJZSdOuoFd1vhDY2nP5SPNT/Cen0ne/Za+/Xbdtw/uRxOfEaridveG5kd2IbBALOVx/lXiceitNZ2gu1WKpy+48Z8gD1HtnocT0P7SaRr9D39Yy1XxD1WZf2e7MsRRfYuFfk5lz2OmUOm7JtBfl8ncevM4nZ+pGm7Lvu3kOQQDuJ6n3na7bYr2c5BYfLP8ASedNYbTaXTAkmxh7ce8VI6Ghs1un7Hou0upAax8Cm0ZBJ9DNpb9oArd5RpnGcbRxn+Mp7Wpzb2Xoa+EL5Zeky6jTaFtRb9p1+v2JYVRE3N09DB9d7Rao6lSLaXovT462/mPUTRiZuz7K7aENNz2oowGs+IexmubiEJKKMQgkoo4U4RSUiiEcIChHFAUI4QFCORgGY4o4BFCEoI4RyAjEIQpwhCQGIRwgKEcUBRwjgKEcIBHFHIFHCEAijhAIQhAIQhAUI4QFHCEAhCEAijigEUcUoUIQgOEIQHCEIChHFAIo4QFCEJUEUcICjhCAeckJGMSKlCKOQKOEUAhCOUKIxwgRhHFKhQjigKEcICihCAoRwhEYRwlBCOEBYhJRSBGKSixKFCPEIChHCAoRxQFCEIBCEIBFCEAhCKAQhCAoQhAI4oQCOKEBxQhAIQigOEUIDhFCB53TdkHUW2KaRW1L/F5N6CegrbfWrYIPQg+RmPS216EWafVXoorAK2O2Ny+WfcRUds6HVas0aR31Dnqa18I+szytb/4g+UFTaoVV2qOgEcx6xKsHZqrqLf8A6ZLfqJaizX6X7ZobqPNl8PznA7C0T2dp77aiqUL+LyMtHbWu0dmzUbb0B6spUmdnQa/Ta9WfTnFnV0PxTMsq/HP3G79ob7mOV0lZ2j3xM+iuur0FL981bsr3MyqG6sABidxNIgXUrt/xySzD3E4XaLV6Hs/w2Ib6660WsHng5MUjr9lvc+8u91tbeIPbWFOfpOhPN9h62n7calfAdc+Ic59CSf5T0gmuaUQjhKhRwjhRHFHIHCEIBFHCAoQhAIo4QFDEcIBFHCAoRwgOEI4U4QhICOEJARRwgKEcIChCEocIeUJAQhHAUI4QFHCEAhCEKIQhAIQhAUI4QFFAxSoIoQlBCEIBmOKEBxyMYkDhCEAijhAUI4oBFHCAoRwlBCKOQAjijgEIQgEcUIDihHIFFHFKFCEUqHFHCBGEcIChHCAoR4hAUI4QFHCEAhHFIFFHFKFFHCVChHFAUIQgEUcIChHFAIoQgEUIQCEIQghCEKIQigOKEIBCEIBCKEAhCEDyyfss1Fgr1OqW2rUHYcZyPPPM9FodBpuzqe60te0ebHqZNqjZqUsfhKs7R6n1l0zJi2kSqqS5wo6mYbe2adLwmmvKfmC7R/Gb8A9QDG6C5djgsv5fIxSOena3Z2uXub/CG423Dj9Zk1P7OtU41PZeoZLF8SK3IPyM36zsXS6tT933L/mQfzE5P/7p2CwJH2jSk4wDkf6TH/0adf8A8R7SRE0TKKgv3pDbfF5iU6P9m2DbtZcoHmtf95dfrbqtPfrNDdWtLbbO6evJy3X+IlGj/aZmcLq6kK/mrPI+kWS32Olb2XplVH01QSyohgPzY9ZvRgyhl6HmRqtS6sWVNuQ+cmJ0iJRRxSh5jkY4VPPrHKdReum01tzDKopbHrOV2V242quNOprSvPwlfL5zFv8AB24Tldu9p/YNOK6j/wAxb0/dHrOmhJrUt12jMaJQhCUEUcICjhCARRwgKEcICjijhRGIo4DhFHCnHFHIFCOEIUIRwFCEIBCEIBCLMIDEciDiSzCiEIoDhCEAhCEAhCEAiMcRgRMIQlQoRwgEIoQCEI5QoxCOQEIRyBQhCUEIQgEUcUAhCEAhCEAhHFAcUIQCEIQHCKEBxQhAUI4oQo4oCUOEcUgIQhAIQhAUIQgOEIQCEUcBGRMkZGUEUcJUKIxwhUYRxQghCEAijigKEIoBCEIBCEUIcUIQohCKA4oQhBCEIBCEIBCEIVKEp1Gr02kA+03pVnoGMy2dvdl1Ln7Vv9kUmTR0DkDwjJ8hORrdL2hqLtn/ABRKWPStQVH6+cto7YbVtjR9n32D8z+ETXbpn1tBq1qUhG/CuSR9ZL7X483qND21oTv+03ED8SW7pXb212gNO2n1RW5H82GCPfInN7c7E1PZdrE3Wvp2/wAO0sT9D6GdDsWrT6lVq0faz1X4/wADV1hh9PWcrKq/sntDTafWLdduNVqbeF3YYc8ibtV232Ra+1tA16njvAgGZz9d2b2roW+02V0tstV9+nXHscr5TZrOxdbq7LdYq1aenu8Lp1Hib3J8jNe8Bo+0NNRqHehraqT0rYZHynoKL6dQm+mxWHn6j5zwFnd6ZCX1OrVn2mkEhgfzAz1/2insbstL7CzCxQRX+Jmx5Rzb/SupAmeQq/aHtLVahmS6mmof9Pbkz1lSuEXvHZnIGZudah7iPiRseq8ySMti5Rgw9o9p6Tj9tdkNah1WjVkvX4lQ43f6xbg6WtpbUaG+lfiZCB855PscMe1HS1WUJWwsBHI/2ZOn9oO0aVFZtVtpxl1y0sbtmvU32DVNaLNoWttKvLn1nK2dXVjToew9dqtYNT2kcDOSGOWb0HtPS+c8jpNH2lbbiqzVVN1AuvwxHynY0er1ultXT9pplW4S739zNc0deEITaCEIQCEIQCEUcAhFCFOEIQCOEIBCEIU44oQiUcjmPMiiEIQCIxxQhExZjMjKCGYQgMRxCOAQhFmBKEQhIJQiBjzCiOEJAojJRGURhHCEKIyUiZQoQhAI4o4DhFCA45GOAQhFAcIoQHFCEAhCEAhCEAjijgEIRQCEI4ChCEAhCOAosRx+UCOISUUAhCEIUIQgEUcICjhCARRxQCOKLMoDFCEAhCKA4jHFAUUcRlQQihAIoQgKEIQCEIQhQhCARQhKohCEiCEIoDihCA4oQgEIQgeFv1R1+oN19jtZjGNh4m7Sdka61hsrSoEZVrPxfKcg61BqWR7E2P8ADYAVx7MPKdejtfWaVEqbUMaF/CQM7fYzzT3fbbvaY9r6VQmoWi2sfT+M6FVq2joyt5q3WZ9D2lptXVim1jaFzstPiP8Aecirty+q/wD5rTqaSeO7GGQztEdPt1sdk2rgEOQuDPKdndhUdqd9XVc2nvq8SA8riet1qr2h2S7aY7ww3J7kTgfs7vXt7A81bd8ov1YuW7t3svTPpNdWmpoYbVv3Z2j0Mxdv6vtTtAt9hW2vTCvdaqv5jznrtYGbSWoBUVZSD3hwJ5PU6a7SV098rdzqK8IUbJ5HIiprBXqNO2q0I13NNbb38/LiT7c7Tu7V1aXfZ2o09AIrDH/fM5Lo1Vr1tncjbees6rdnWt+zrdobttYK4T83PM5/+KP2fu0dHaTXa3GK6i6An4mBnoLe1NT2kvd6fFK9W7pstj0z5Ty/ZNLX68Iq7mKkAe/E612qfsbtnTUaLUgJvVNRu+Fm/oBmJvwaq6q9Nm1lttsAzsd2UzNfr9T3ZW2+yu1WG1CxU7T7S79pNXRe2pei7fijaSp4lvYNSdsfs6K9QcvSxTvOrL6GLLRyacavULTew3WHC2dCp9T6z0tmn0nYmmp1mkVHWtgtr9SynznC0VOt0WvuZKhuqOxrGTcq58/0/nOr2h2N9not1j6s3N8ThkAUj6RzMgv1XaadqXjRdnVi5xydQeBX7iaq9SKlt0/atwJQZ3NgK6+o95X2B9nq0Fnd1rWUJNhH4h1zPN9pdpv2lqO9bw1rxWvoPWW3IPUabtTT6gZo7wrSyqzOMZB4nSnmaFr0H7Ou9zrXbqGVlVjyQDOi37Q6DeFrNtrHjwpNc3/Y60JEHgcY9jHNIIRwgEIo4BCEIURwhAIo4QCKOKAQhCBKAkYwYE4RCORSijhiERiksQIlEYQhAIwYoQHCKEBxxQgOEUcKkI5EGPMgcJHMYkBiIyUiTKFFCEqFCEIBGIoQJRQhAI5GGYEoSOYZgOEUJQ4RQkDhFCUOEUcgIQhAIQhAIQhAcUIQHCEUAhFCA44oQCEIoB5whCEEIoQHCKEAhCKAQihKHCEICjhCAoQigKIyURgRijilQoQhAIQhAIoQgEI4oBCEUIIQhAUIQgEIQgEIRShwihA8vV2T2k1Vu/QUXaa5cnZYMn0YehnFcW9l2LTey20MM8HJX/fpOhruzX0HZlmqHaQ2FtorDEf+33kuynOq0d1bdn236Z/jCJyP3gfUTjedbb+yOztFqQNPaj06hV31ujnDr+YS/wD4AU1Bru12oVX/AMOxcFfkQehlPYCtZpbtMu7v9A++hmXaxQ/hM9N4L6uR4HGZqQcgdn9pdn0H7N2uvdJyRdSOB9JKnTdqaZnvoTs/UNb4iwyhaaO167LexdUoZg/dN085w/2Z7R7SbQWafT006n7P8Ku5VtplG3tHtHXpo7U1vYdjIV5amwMB7zj9ndov3mm+0O1unRw4XGdvv9J0Lv2p7S01hS7sQoR1G5v7TNpf2j02i1tzVdm20nUIGCuMYb//AFkEf2lq0HaOpTU6DWafvmG11Ztufczr9j6Ohv2YGg1OpqPeK27Fg8OZwtT+0Gv1jhdLToyScd2aNzZ+sF7G7V1bd9f2XQHAx/hqn8JFx0ew+w9XoG1V2UbUd19wQeOfOec7U0WpF7N3NrFRh/CSQ2Z67RdhKdKi6qoUPjrVawI+kl/wjSJuS/7TUW5Fleoba38esYjyvaWrTU0aapCQ50y1vuG0bhIdlLrNFY2r0zsKw4VnAyjcciaNJqOytTql02tp1lY3lFsN27HM0ds/s7rdA+ezmvu0nXYH3FT64kyj0nY13/7Z3j1jfZud2Zlwzekr7Q7Q7Ns7Os02o1mnoZ12FRYGxPO9mdnacijS6xKFtcbl7wMd/sT5H2l1fY/fCx+zTprQhIepV2Mp9MRb6HS7G1Wj07aujTd/q62ICbKycjHrMem7L+xI2p1XZuqtCtuCs6qqrnjPMq7KGk1Fb16m3Uaa7ftWzPhB9DOz2dZfVc/ZvaV24uCF38ixf3T/AEknscmyqz9pe0+/pRaakRVZd4Zsewnb0GjTs8DuuzbrH/7jMuf5zzmq0mr7A7TDUMV/7b+TL6Geu7N16do6Nb08LdHX8pl5Fi6hj8emvT6A/wApcrBhkZ+oxAGPOZtDhIwlEo5HMeZA4RQhUoRQgEIQgEIRQHCLMIDh5xZjgMGSBkIwYE4SOYxIpxGOKAjIyZkZUKEcICjijgEIQgOEIQohCEII4oSAzCKEoIQhAUIQgEcUcAijigEIoQHFCKUOEUYgOEIQCEIQgjihCnFCEBwihAcIQkBCEIBCEIChCEBwihAIQhAIoQhBCEIBCEIURRxQghCEAhCEoIRRwFCER6wCBhFAUUZilRGEcIChHFAUI4QCEIoBFHFAIoRwhQhCUEUI4ChCEAhFCB57Udhdlaru+41C0rqPHSQ2drEfCR6TTTru2uw8Vdpab7XpF6X0DlfmJX/+i6UQ/Z9dYr44ygPMvHZur1FlRv7VuqdqwtVlQwGPmGHrObbqVXaLVbe0qbldQu3cvXr0M01rsrRfQTwGqr1On7YfR/aFvvDDhE27/n7z3tDu9a97S1T45UnMsSrNoYFW5Vhgzx/ZFbdjftU2ks4S0FF9x1Uz2M4X7W6Lvezxr6n7vUaQ7lb1EUjX2x2/pux8JYHvvb4aa+T9fSeN7d7V/wCM203PobNM9YKlmPDCdDRdl6ztAterCtCcvfaev95ye1XSi99LTqV1YHLWL8IPpOe2q100aHU9iLeT9h1lXhVx8NxH9Z0+yP2oanS9z2oljunw2Lg5X3nmNNqvs+UtHeadz4lxkr7r6Gerr7H7J7ZUnSarutSqdUbggj8s1B2tF2toNf8A+n1K7/yP4W/SbOnB6ek+adq9i67si3/mE3V58N6fCf7T1X7Kdp2arTnTah9zIMoxOTj0m0cPW1rV+1rI1K7RqVO0dMHE96SQxxOH2n2QdR29odag8O4C3/x5BnbPWIVyv2k0Q13ZbNjNtHjU+ePOee0GvI0groqWrV6dvDcgxvX0ae1wGBVuhGDPCdlrptPrtTqtWu/S1OUVRz3jeQE59eqR2e0+1W0uiprr01Yu1im20WLkDyyB7zj2a/VW0VU3OrJU25H2+JPkZ16KtB21pSSlqGo885sq/usm/wCz2j0tJv1PaJGn/Nt/rM2X+K6WmNXbfZCpqQCw8JYdQ3qJy+xxb2b24+it6WjHsfQzqdj6XT6atzo9R39D8g5zgy7U6Jb9ZpdSOHpbk+q4m8/qNcMxQmw4RRwCOKEB5jkY5BKEUcKcIoQCKOEBQjhAUMwMJQ8wijkDjEjGIE45ESUiiIxwgRhCEqIwhHAIQigOORhAlHI5jgEIoQCKEIDhFCA4o4oBCEIBCEIBFHCAoo4pQRxRwCEIoQ4Q8pHPMolHIgxyBwihAcIQhThCEgI4o4BFHFAIo4QFCEIBCEICjhCARRwgKEIoBCEIBCEIQQihKHCKEAihCAoQhAUUcUqCEISBQjhKIwkoQFFJQgRijhAjCOECMI4oQRRxSgijigEIoQHXb2lX/wCo0tVg9aX5/Qzjdqdu6XS3HQNp7rg7hm28NVn095q1v7T6bSlu5psux+LOAZ5bssnV9s/atQdxDFyTnG75+WJy1t6nRdo9l125vRNPqfK22oqXHzPnOyuHXejBlPmpzONqv2ap1lWW117MfErM25R8pi0WlGi1o0lut7i881PUfA/zHkY8sHp5n12lXW0pTZ/h94GceoEnU9ynutSAX8nXo/8ArLZpHlv211hpop0NDd2mMsF9PL+s8lTprrVHdUuy9M48P6z6Pq+xtHrtcmp1StZtUKEz4frOTqKre0e0no0tYXT0eBQBhV9TOXexXO7F0vZmkZLNUbLtWpzsKZQ+w95V2p9mt19j6Om3ThTz+Flb1A8p6zRdk6fSFXb724fiPQfITB+0XZZtU6/Sj75B94v5h6xZ1g4VXaOptVdHqbrNr+Ebmyriev0vZeh0DbtLplrcjqJ5/SdnaftgMDmpbELeD8DjgzNX2325ptPSlRr1IGVXNRO8Cb5o9nFOL2Z29qLto7U7Ps0m/wCC0A7D8/Sdv+U2iDrvRlxnIxjOJ4vtWqujWHTVY209SPNjyf6T23Tk+XM8FbZ399lp/G5b+M5foOn+y24drPt6d0d36w7Y1ve9o26Ng32LeAyVfEW9f18p1v2f7POj05utXF13OPyr5Ced7Ty2p1bDrvfEz1fGSDRoxqOx+1FSl91d6HBZSAceo9Z0NP8AtKd5XV6dcA431H+ky/s+V1RfQ6vdbXt31knlfXBnT/8A07oAfC96j03Szy+xXSovq1NQtocOh85ZM2j0On0KMmnDDdydzZmmdkEIQgEIQgOEUcBwijkDhFHAcUIQpwhCAoRwgKOEIBGIoxAlHIxiQShFCFBihCEKEISghCEBRwhAcUcUBQjigOEUcAhCOAoozFAIQhAIQhAIo4oBFHCUKOEIBCOEIXlImSMjKEOslEBJYgKOGI5AQhCFOEISAhCEAihCA4RRwCEUIBCEIBCEIChCEAMjGYpUEIQgEIQgEUIQCEUIDihCAoRxQCEISgijhIFHCEoIQhIFCEIQopKKUKKOKAoRxQgihCAojHFKFCEIHi/sOr1zJXp62++fAbyUf6T0y6/s7sDTroK1a50/xNijk+833MnZ3ZTvUig1VYHznmezeyre0rCxcrUDmyz1M8/+PqNtdj6PtetxTYdMqHdl0PHqOPKc9uzara8aXV03svI7vwsD6jPWex09NWlpWmhAqKMY9fnMWr7G0epbeq9xb13J6y9c2ms3ZN+sFYFrC6pfiGfEvuPadnP6TjaOm/R6k6e9/G53U2+RPofnOtU4sXptZeGX8pm+fiVaOshTUlFfd1Lhep9z6yQhKHF8+kcWZRyux9ENPqNevSvvCqfXrM3YfZN2gYLaf8PUOa/8u2dwAKMKOOvzMeZJDTJ3AhvEp6gypKu64rP3f5D+H5SccoJip7I0FF/fJR485G45A+k2xRgeerHy5nnOxtCdZqW1dy/chywz+I5noWUOpVvhYYOIKqogRFCoowAPKZ658qOD2bpfs/7RXVqPCgY/Q9J35BakW17VHjswGPylkvMyYFHCEoIQhAIQhAI4oQHHFHICEUcBwihAcIRwohDzhAcIQgEIRwCOKEBwhCAQijgKEcUAhCEAhCEAhCKA4RQgEcUcAhCKAQhCAQhFAcIoQCEIQCEISghCEBwij8oBFJRQhRwhAIQhCnCEJAQhFAcUIQCEIQCEIQCEUIDhFCARxQgEUIQCKOKVBFCEAhCKA4oQgEIQgEUIQCEISghFHAIQhICEIQCEUIBCEIQRQilBFCEBQhFCCEIpQQhIwCEIQNGpoXU6eyluA64zI6TTrpNLXQnRRz7mcL/9U2LrHrs0a92rlDhvEOZ3qNRVqaRbQ+5D/Cc5laTij84TSI2VrbWyMOvQ+hkbVbcLk+NRhh+cSyA68QoRldA68q3SOcV+3NPptbbUtbPVu5IPAbzInYVlsVWRlZW6HPWSWUOKMjHWRlQ4RQgOEUJQ4RQhThFCA4RRwHCEUgcIQgEIQgEIQgEcUflAI4oSBwhCA4QhCnCKOA4QhAI4o4BFHCAQhCAR+UUcAihCAQhCAQhFAIQhAIQhAIQhAcUcIChCEAijigEIRQCOKEAjihKHCKOARxQgOEIQCEIQCEIQCEISAhCEAhFCA4oQgEIQgEIQgEIoQHFCEAhFCUEIRQghCEBQhCAQhFAIQilDhCKA4oQgEIRQHCKECUIoQCEUUBwhFCCKEIBFCKAQhCEEUIpQGKEUAhCEDl6Cns3tWt7n0jG1TmxlYh8+pEo0n7R0aV3pTQ7NIrkKyk7vmcyf7Joy63UOM7RWAfnmR7aqbsvtVdZp1Bpu+NCMqT5icJfWtvRUX1amlbqHD1t0Ilkz6WqoBLtMi10217iq+s0TrEKZe1L203Zt9qZ37dq49TxNcW1WwGAIBzzJfg8G5FNYFhK+34pr09qansk6ZbtjUMbFdshl9plvpL6q5y4bLtg+2Z0+wOz92pOruX7itTyfxTzcfVdLsM9omnOqJakjwF/inUM89/8AqUhgldDsqvwWxyn950re2NBVVXY9xxZ0VRkz0TqI3QlOm1VGsr36a0WL5+o+kumkEcjCUSihCFEIo4Q4RQhThFHAcIoSBxxQgOEIQCEI4BHFCA4QgJA44QhRCEIBHFCA4RQgOEUcBxQhAI4oQCOKEBxQhAIQhAIQhAUcIQHCKOAQhCAoQigEIRQCEIpUOEUIBHF5wgOEUIEoSMcBwihCpQihAcIoSBwijgKEIQCEIpQ4RQkDihCAQhFKhwihAIQhAIRQgEIRQHFCEAhCEAihCAQhCUEUcUAhCEAihCARRwhChCEAhFHAIRQgEIoQCKEIBFCRlDihFCCKEUAhFCBZ2VofsGjCNjvX8T/2lfbun+0dlW4Hir8azoGIgMpDDIIwROfj6xpToKzVoNOh6isS+GYTQJn1rmvQ3uvxCtsTREZB5vsrsZ7VW3VgpV5J5tOr2pYKOy7QgCgjYoHvNpOTOd2xp7tVRVTQOS+SfICYvOT0PK2Hu34HQc48p0uxtN2d2mllV9LrqV8W4N1HtNPauir0PZIqTxPbYu9/XEp/Zyk/brLR8KJgn3M58zLlGtOxx2c51Wl1L7k/Ay/F7TsZzjjHtAQnokwEIoSocIoQHCKEBxxQgEcUIDjkY4U44oSCUIoQHHFCA4QhAccUJA45GOFOEUIDhFCA4RQgOEUUCUJGECUJGOA4RRwHCKEBwijgEIQgEIRQHCEIBCKEAihFAcIRSoIQigOEUIDhFCA4oQlDhFCQOEUIDjihAcIoQqUIoQHFCEAhCEAhFCEEIZizAcIoSBwihKHFCEAihCAQhCAQhFAIQhKCKEIBCEUBxQhAIRQgOKEIQQhCAQihAIQhAUIQgKEcUAijiMoUUIGAoeUIoQoQhAUIQlG7MIhHMKI8xQhTzAxQgIyMlEYRxv2i3NXpq0BZmc4A+U29naT7Fo1rPxnxOfeaiqlgxUFl+EnyhJOfeqIo4TSFCOKAQhCAQhCARxQgOEUIDhCEBxyMcKccjHIHCEIDjkY4EoRQkDhFCA4RQgOEUJQ8wizDMB5iihAcIoQHHmRhAlCKGYDzHIxwpxyMcgcIo4BCEIBCEUBxQhAUIRSocIoQCEUIBCEUBwihKHFCEBwihAcIoQJRyMcBwihIHHFCAQihAcIREwDMIoQCEUIDhFCA4RQgOEUcAhFCARxQgEIoSghCKA4oRQHFCEAhFCEEIQgEIRQHCKEBwiigOEUIDhFCUEIoQHEYSJgEUcUIUIRQCEIoBCEIG2EcJlRCEIUQhCAjEY4oQopKKUKEcIChCEBQjigEIQgEIQgEI4QCEIQCEPOEKcIQgOEUIEoRQkDjkcwgShI5hmBLMJHMMwJRRZhmA4RZhAcIoZgOEUJQ4RQgOEWYSBxxQgSjkI8wJQihCpQihIHFFCEOEUMygihFAcUIsyhwizDMBxRQgOEUMwHCRhAlCRjgOORjgOORjgOGYoQHmEUIDhmKEB5iizDMBwzIwzAeYSOYQJQihiQOGYoQHmGZGEolmGZGEBwihAcIoQHCEUAhCKEOKEIBCEIChCKA4oQgEIQlBCKEAhCKA4oRQHCKEAhFCARRxQCKEIQRQhAIRQhW+EITKiEUcAhCEAijhAUI4sSoUJPEMQqEMSeIbYFeIYk8RYhEcQksQxAjiEliGIEYSWIoVGOEeICiksQxAjCSigEUcUAjihAcIoQHCKGYDhmRhAeYZihCHmGYoQHmGZGECWYZkY8wp5hmRjgOORhmBKOQzHmBLMchHAlHmRzDMglmGZHMMwJZiizDMBwizDMocWYsxZgSiizFmA4ZihCHCRhAcIoQHCKEBwijgOEUIEswkY4VKEjmECWYZkYZgSzFmLMWYDzDMUIQZhmKEBwizCBz+39bboOyrLaCFtYhFb8ufOeG0mv1Ok1g1KX278+Mli24e4ntP2l1KUdlMhUM9p2qD5epnhWG2zcpweslb5fQey+2KO0a18SrafIHhvlOhPmarYjHUaNtjDlkE9V2J+0qapVp1p22Djef6/3klLz/AKehhDyyOR6xTTBwihAcIoQHCKEBxyMcBwihAIQigOKLMIBCEJQRRwgKEIQCEIoBFCEAhCKAQhCAQihAIoQhBFHFAIoQhShCEo6WIYipdLqFsqfejDhpC57KRv2d7WPiC/EP7zmqeIRVultYettyNyCJIiBGKSilBCEIBJSMMwHHFmEocYkYxIJESOJIQgQIgJLEWIBFHAwImKOEoUBHiAgEMSUJBDEJOGIFeIiJYRImUVxxkRQghCKAQhFAIRQgGYZihKHDMUIDhIwgOORhAlmGZHMMwJZhmRzDMCWY8yGY8wJ5hmQzHmQSzHmQzDMKnmGZDMMwJ5hmQzDMInmLMjmGYVLMMyOYswiUMyOYZgPMMxRSiWYsxQgSzFmKEB5jkYQJQzIxwHmPMjCBOEjmGZBKEjmGYEooswgPMJGEB5hFFKJRRQgOOKV33pptPZfZ8Na7pB5X9p9V3/aJrB8FI2/XqZ5/4mmrVWtYz2v8TsWP1lFC5aSunK3xVAW1/Gnl+Yeklbp0vUajTsQTyP7Scprs+yX7W/wbDz+6fWYbjqdjftK+iZaNaCaTxuX8P9p7KuxLq1tqcOjdCJ4C6irUV70wd3IPrLOxe2L+x7u5s50zn4W6KfnLKz1w97CUaXVU62kW0MCPMeay6bcjzDMUIDhFCUOEUIEswihICEUJQQhCARxRwFCOKAecIQgKKEIBCEIChCEAihCAQhFCCEIoBCEUKIQigEI4SjjdmpqrnCdnXW1WJzZlsqffmd6jUa+osmtprO1dwtVuG9vnPLalbuzdZvVLdGVO5N/OR58jrPQ6jUHU1Vvm2+mo7t1Cc2N/QCcOW2tKLNjltQNMHbdtTHh/WNKGVcnU22j8yv8A0nBv1PY+sYcajR3p0ZkJ59xH2V2pSz93qN1Vnlcq7f1HpHlNweiAcfj7we45kokJZFPH/j0MJ0ZEUjaljoe6uap/I4BE5lHbL1av7H2pWtVucLYvwmTcG/U6ujSd3377TY21ZfPNftSXXWVEg7CmEI9Z3NNba2lpxSxbYMljtGZnnrbRpjlQa78VKn/K8tH1Hzmw4xCEBiOIQkUjETAxSocIoSghCEBwxCEgcIQhRCEICMiZKKEVmRljCQMoUIRQgiMIQFCEUoIQigEIRQHCKEBwiigShIwgShIwgShFCA45GGYEoRQgPMMxQgOGYoQHmGYoQHmEUIBCEIBCEUBwihAcIoQHCKEBwihAlCKEBwihAeYZihAcIoQHCKEAjihAcUIQCcP9qNVtpq0inl/G/wAvL/ftO7PMftQtQ1tZXPemvL/0/rIPO6hskL6y2hcDMoxusJPlNadJmusPErtGSMDJUZlsgvOT6yNI0XLQe7cHYxyjeQzNFtS2qUbz85QEDhqX+YMKr7FdKrkx+EPnrMus9wabU6rsbULZS5KHyzxPY9l9tabtJAMiu4/hzwflPLuodfEMiYrdO9NneafI85ZXPv8AN9HPEJ5jsT9pS+3T6/5b/MfP2npgQ6h0YMp6ETpLrhZghCEII4oShwihAcIRwFFHFAcIo4BCOEBQhDMBGKBigOKEUBxQhAIQhAIo4oQQhCFKRkyIsQIwjxCAoSWIQPL9u9o3dt1UnSACunIwWyz+87mh7f7C1FNdLX9yyALtuynM8dp3xSFXw44mjtvQafS06a+re3fFt9n/AE2b92cWnb7d7U7Irouo0NSXapl/xUXKqf8ANMn7NW6nX616HdNy1bslfi9jOB9g1aaEa0adl0pbbv8A9+U6v7Mrt1t2pt1NlNNNfiKfiJ/DJnseyTu66dlupsp2cYVvhE4t37SNp+2KtJTcNZp8+Ngo3dOmekwdvftA+po+z1LZSjfDzy3qWnnFVeBtBA5wZbR7nTftHVbrGsu3V6V1xXgZx7mX627svtajZY9ikfBdsIx9Z4zTagd4aVpUbufAeF+k9B2YNejNoa7Ke5v8XeMeAPOYnVvqjsdnNTqKaKbbkuagAoGHLH83PlOkSc8znpoK2xTrEJt/Bap4H+X0jq1o02obRa2zNqjNb4/xF/vOsRvh09M9cTLqtYdLpmveghB03NgsflOR2NqLtV2w91jsxas5B8vlF694PRgx5kMwzNCWYZkcwzAcI4Sg8ojJZxImQKEWYSiUIRQJZhmRzCQSzDMhmAMCWYsxQzADINJGRMqIxSRkTAIo4pQoo4oBFHCAoQhAIoQgEIRQHCKEBwhFAcIoQHCEIDhFHAcIoShwihICEIoDhCEAhCEBxRwgKEIQCKSigKOEIBCEUBwhCARxQgEIQgEIoQJRQhAcUIQHCKOAZCgs3Cjkzw2u1J1Wqu1DH42yPYeU9P8AtBqvs/ZpRT47jsHy8547UNtTj5SVYqU7iTL6z5GVVr0Et6DPnMOqbnAMAMKBKhcjWVKpzvBYS+SrFb8EMPKTsrW2vB+hgwiptQnu8+MSOnKCWWUWYucsjcbj5TSrI3wsGHqJFlDfEMiUsr6di9SbkbqsjYv0YsYvW5RvaX9ldu6ns24V34aonDZ4H+nziptFyBwMeRHoYX1LahBA585dY6417TR6yjX1b6G5/Eh6rNE+c13ars2xXqclR0xwR/v0nr+xu36O0lVLCEv6fOdJ08/XGOtCMjEJpgoRwgEIRwFDEcICjhCAoQigEUcUAigYoBCEIBFCEIcIQhRARwgBikoYgRxAiWbYbPaBViGJbthtkFeIS3bCUfOtGaadRp01NZurZ/FXnGc+s9tquwKNTRXX31lK1nclWd6L9DPIfs9oq+0O1qC1o2BtzK3XI8p9GIYnoZzkacb7B2lVp7NM32bWaawYKfA2P5Si/TaRdD9lq0Oo0jV+IAJuBPvjrO8eOso1tDanTlK7DXcvirsH4WlR4LtHRPbdS6WVozjYUsbaV98SnU6B6rUTTbrQy8liOvn9J6uvTab9oz/+5b11Wl8FlK8YP5vrMF3YvZGk7RtrsusppRRgIxLEzl1MaZP2MWr7fqrdUAqLSV8fn6zv6DsurT1aqrVqg0lmLKyzeJPbM81pez9Nf2h9mbVMqVkNUbGOLh6exnp9Z2Zp9ToSug09bXvhcu+e79T9JqIz26jUns+3TaO/7SN6im4tjaPczNqdJ2kGS59Zo9TdwPiwR9fKdrTdkU6SlV2V22D4mtT4jOPr9dquzu1XC6aj7OMHutg6fOL6+jm63tDV66xlvt8dZx3YOE49Jq7CTtE2mzS6NSfh76/4V+U9TU9Gq06WIlbV2LkDaJz37P1WhJt7KvYp1bTWHKn5SeGXR0aFvVc6jUC1/RV2rLJm0WsTWVkhTXYnFlTdVM0zqhwihKiWY8yMIVImRzETFmA4AyOYZgTzDMhmPMB5hmRhmBKGZGGYEsxRZhAMwihCCRjigEUcJRGKSixAUI8QxAUDHEYCijigEUIQgihCFEIQlBHFCEOOKEBxyMcinCEJQQhCARRxSAjihAcIo4BHCEAhCOARRxQFCOEBQjhKFCEIBCEIBFHCQKEIQCEIQCEIQHCEGLBCUXcwBwPUwPLftFqe/wC0TWp8FA2/XznBtO60DyHM032slj9/xaWJb555mZBlifWYrpzFtYhqH2UOfPGBJKOJl7QfARPqZI3WMMVYMOq9J2q3FtauPxDM4c6HZtvxUt81l6jPNb8Si+psiyo4sSaBInhsiYdIro1BssKOgU9VxLx6Sm2gWlXXhh59JXXeaXavUMcdVYyOkqdmnJZnqdkJ9I6dUh2pblbehGPOWq6uoZDlTI21LapDefnDSTKDlWGRMtukcXCzTbVb06SfeXVbO/YNX03Y6fOXoyuMowYeoMM3nW/sj9pmqcabWhyOni5K/I+c9VVbXqKhbS4dD5ieEvprvB3qNxHWLR9pa7se4Op72onlc9Zvnpx7/P8A099HM3ZvaOm7U04u0r5/Mh+JTNU24FCOEAhFCUEUcICijigERjiMCMI4YgKGJLbHiBHEAJLEaiAtsNssxDEgr2x7ZYBHiBELJbY8RwqO2GI45AsQxHCAsQkoQr5Wmt1FTl6ClDMck1rz+pmkdq9p2eK3tHVFfPD4mUppqbiDb9sCN8KAqrfMmdLsbsTV9rqbVVatMG6n09FnOD3WiZW0dTIjqrKCN7ZY+5l0SIErVFHhUBROJ+0vbn/Davs2mwdXYuc/9sevzm6i3tvT2aa1e1tGdl1Xhv4+Kv1x6iTTsPRWJ3htusNni3buuZq7OsOp7L0z3eI21Dfnz4nK1va//AtBpqgnestrV4P5FP8A8SWS/RPWfsvTqExTqXVx8O4ZnE12j1eiuW299t3w95U3D+/HQ9J7BLV1ei73SuNtqZRvTMzaPsfTaet0fdebRh93QzPXP+lcDQ9p66lvDqWbH4bDuBm7tG+vtHSrqUXZfR4bV/dPnMWt02n7O7TUVuuoqU5asnlfYzt/8M0zlL9J92HTxLnwspnOc9X0F+zz7uzSn/bsIHy6zp5nN7G0z6TT3V2Zz3px7idDM78/GVdlAOpTU1YW0eF/3ll2ZGOaEo5ARwJQJkcwgGYoRQHCLMWYEoZizFmBKEjmGYEoRQgOEUcAhFCAQhCAo4oQCEcUoIQhAUCI4oETIyZkTAjCOKARRwlChHCAoRwhBHCEgIR4hKohiOEBQj8oSBQxH5wgKEcUAhCOAQhFAcIo4DhFCARwhAIoQgEIQgEUcIChCEoUI4pAQhCAQhCA5Vq9QNJpLbz+Bcj3PlLZwv2n1OEp0inljvf5eUg85qALVJsPJJJPvKalwoElqG6KPOOsTFduVonL1b772PkOBOjY/d1s/oJyW95eTohJ1ua3V16g5kYTVZjuowdA6/CwyINMfZtuVak+XiE2GcnWFW2DiSdFbqJA8cx6e9b1bA2spwymGooC3adnFW3Y3OGHnNFFwvr3Eqrjhlkpnv0q2BsAbvKRqVp4ZSrcgyg1PS5fThfF1U9JCvVMm1LkI8i02YhVFN4dfGQjjhlljKGGGGRK7dPXaTuUbvWQFt1IAtCtX03Dr84UkXUaHUnU6IhT1K5xPS9j/tRRqilGuxRe3wsTw04KOrcowbHpKdRpEuGU8Dg5Bllxx7/PX0Q/wini+yv2iu7MsGn7Q8dB6MPKexoup1NQt09i2IfQzpLrh1ziUIQmmRCEIBCKOAoo8R4gLEYEeI8QFDEkI5BDEkBHiSEKWISUUBRwhICEcIChCOAQhCAQhCRXyo93aUw33p+IgfFO9pe1tPoNGlS6m2vUISURayy49PrONXp7qrA1qKo3Fc7s5MvTTpfqVNtjKhXGF4JInLcHYt7f147/AFSb1PdHbvTCr8hPNW22XWPdc7WWPyzMcmdO+rb2Zc9GXAK9W3ZAPM5KDvrlrr6sw4UZxLKV9Go1KaDsPS2WjkVKFTzY4njf2h1Nmq1iW2lfhPhXovM6/bevpTVVo9yt3dShQB0P9Jx7tH9t076mrUVNbWeKQfE49pq3R3v2J1D2aPUaZmytTAoPQGP9oP2hNCnT6I8t4TYPP5f3lfZehbsnsLWXau3urb0zsz4lUf1nntVjVWq6I4ULtAxFpjofs52Qe1tQdXqrt1NNnKfmM9jpKvs+mSryTIHyzxPPfss+p0tL1vRXVpmbcbrX2k+wE9MegPUHzE1zEoJhFFNolmEUIEo8yEcglCRgTAcUWYpQ8wijgEIQgEIQgOEUIDzDMUMwHCLMIDhFCA4RQgOEIoDhFCA4oRQAyJjMUBQhCAo4QgEI4QFCOEAhCOAQjhAUcIQCEIoBCIwgOEUIBCEIBCEIBCKOA4QhAcIoQCEIQCEIQCEIQFCEIBFHFAIQigEcIQhj36TxOv1P2vWXXk8M3h/y+U9L25qvs3ZrhTiy3wL/AFnj7W2JJWopzuuY+Q4l6DiU1LNAnN3jNr2xUE/MZzz1mrWPvuI/KMTKOs3yx0IR4jxKiVVndWpYPw9fcTtLhlBHIPInEE6XZ1u6k1N8SdP8s510jQRKbKWd+8qfZZjBx5zQZAna2RI0qp1IVSmpcJYnGT+KaAeOOfSRemu3l0BzMoOo0qbFVXRTwT1xI01WVrahVvOZtr6WxXQsy9CufKaa7EtRXUjxeWZOBGq5bmYKrKy+TSXkQRweCJTbp9x3oxVumVOJXXqu6Qper5U43Y6iGtSelqm30bQehU9DJ0XB1wxVbM4K585cBkZHIlNunSzJxh/JvSBN0V1w4BEz03a/ss79LaGVTwCsmt7VNt1JVQfhYdJcpDKGU5U+caz1zr0nYv7Q6btRAlv3GpHBQ9CfadkrifOdRpdzd7SxSwDy853Ow/2kesDTdohiBwGPxD+4m504dfnnx6mKTrZLaxZU6ujdGWBE25IAR4ksR4gRxHiPEeICxDEliEKWI8RxQCEIQHFCEgcIoQHCKEAjihAIRQgOEUIHiO2dX2fqjWezrMqjYZVrZV6cN85xdQdysASMDMm+q7+8HZQhPDd0NuT1GRKjaEubcoZSpUj5zjVGms2A5UWIpBFLMQrH5DrOnp+1tV2ZU1emTR0KeSNm4g/MmY6a6KaF30vbeSG3CzaEHp851K9f2VaKqv8Ahg0rDgWNhw31i3Irl6jUPbZ9s1ldrbzy+Nu/5Gel7E0PYPaNLXabTWpcvDhrTuWSrSxVKL8B8XdWL4W+hk9Cuh0N9ltenOjtsU4bnZ9RHHUojqP2Q7Ots3pdqKz15bd/OVj9jtKGDfbrwR0KqAROie2KdPQr68CrJwGU5DfSbarUvqW2pso3IOMTrMrPty6/2Y7MFDVXi3UZOd7t4l+RmWjR9q9g3H7Lu1/Z561Z8afKehhmaw1TptXTq699Jb95WG1l+Yl0R5OTjPrCVDjkY4DzHmRhAlmGZGEBxRiEAjhCAQhHAIo4oAYoRQHFCEAhCEBwEUIEo5GOAQhCAoRxQCKOKAjFHCAo4YjAgGIR4jxAjCPEcCMJKKAo44QFFJGRgEcUIBCEICijigEIQgOEjHAYhFHAIQhAIQhAcUIoDhFCA45GEBwihAcIoQHCAjxAjCSxFiAoSWIAQON+0ttS6WqtkDWu2R7DznlL1PB425nS7X1X2ztG2wHwJ4E+QnJsO63HkJit8xYksyAMnylaCR1bbaD6txMurA7FiWP4uZEQY8wHSdHM4RwxMqYk6LO5uWz06/KQjkrUdvqBIuJRobd1JRjynA+U0ETLaNbfhMmfeUWBx8AG6Gn1Peod+1XT4hn+MKrs0SctWNrjkfOSr1TNatdtWwt0OeMzR1kbaltTa3zBkVPpE9YsUqfOZF36Rzw9tbeWeQZqotW+veoIxwQfIwrK1NunKtUzHYfhLcYl9eo72zYayhxkZbOZc0ospWwcwLSAwwwBEztVbQCaH+7B3d3/AEkUtfSrssXcgPxeYE1qwb4WB8+DCq6r0vYqm7cBnBGIW0V343jxL0YdRC2hbCCcgjzBxKlsejCWrlc4FmYGrs7tPWdjWFnsDVFsEH4W+fofee20Gu0/aNPead+fxJ5rPEeF1xwyn6ymo39m6j7Ro3bA/Cvl8v7Szpx74fRgI5xex/2k0vaP3VzCq8cc8A/2naPE6a42YUcUcIIQigOKEUocUIQCEIQCEIoDijhAUIQkBCEIBCKEo8Hq6ey00WhpZHs1yJhlp6uT5Gcmxy33Xc7CjHcG+LPoZ6b9mtLpzqUtoG4Y3tZncT9Zo7d/Z6vVaVr9ImNWhLN/9UZzj5zlm+115FlvWwE1XqzdNvn/AHk97/iZVPTxjaZrPaR0mqt/4ba7aTGRXYMgHHOPTE6+h7N1WurF6uLNO/iBs4Zvkf7zNg4VqvbWrntO21uhrrckj06zOK9Qp3Dvg3ruJM9D2j2dptfrK10arTbUvdtRZd3ZY568dZG79ndPW6redRUerJ3m4N9YzFZP2Z0KajtZbtSjMqZ27ucsJ7cmcTS39naHXMr6uqmtF+7V/DxidGntPs++0VUa2m2w9FVsmdOPjNaoQ+fSc7/iTm4FQopzjGOSPWavWI6MIHrFNBxiKEBxyMcBwijEBiORjzAcIsxQJZhIwgOEUIBCEIBCEIBCEBAISWIwsCMce2GIChHiMCQRilm2R2wIQksQxKIwk8QxAjiSAjxJASCOIYlmIFYVURDEnthiBHEWJPERhEcQjhAWIjHImUKERjgKEIjAIoGEIIRQgOEUIU45GOA45GEBwhFAcUIQghFCUOEUIVKEjGJA4QhAkJLEiJIGAYhtkhHiBDExds6r7F2bY6nFj+BPmZ0Ns8p+0mq7/tAUKfBpxj/yMg4rkInylFYzknqZZcckLGi8TFduIaiZdc+6xV/KJuAnKus3u7+pkjXSn8UkIhJTbEMQhHMqIxACSCyKsot7q0N5dDOn1E5YA6Tdp7N9W0/EnEjSbSmzTpf4iPF5j+suxkSPwNxCs6ai3SpssqLhD8WfKbUO9FdOVYZBkWVXXyKmY7NM9K7qHbKnIGeJFbyJmt0q2MSpZCeuDiSq1i2OEZGRm6Z6Zl8KzJqmQol9RX8Js8ppI5kXrWxCjDIMzdy+lt30Dep+JSf4wrUyhwVboZm7hqblspIHkfD1llOoSwHvMVOpwVYy4wM9WqDHbaVV842+svKhl2sMiV3ULapzwT5ykWW6ezFu6xCvBHlAkUs0+TRt29Sp/pL6rktzszuHUER1MLqxYnSV20izzKt03LxCjUaRLvGpKWeTKcGb+yv2k1XZZGn7R3ajT+Vnms59d7Vstd4CjyfPBlxCuvOGU/xjWOude50es02voF2kuW1PY8iXz5zUl+gv+09nXGlx1Xyb6T1vYf7Q09pr3OoAo1acMp4DfKblcOuMdmKBGOsJtgQihAIQjgKOKEAjihAIQhmAQhCQEIoSghCED50g7T7D1AsXdprHyCjDIbH9OZu1v7V6zU6RqqqEoLLh3VvF77Zk7TbW12BO0EdW/C1rEr9D0gOxO0m0o1KabchGRtYE4+U5e1Z07N1Z7Lt14q/5dOPcj1+U9F+xeqezs+3TPn7ltyZ/KZR2Nb9u0d2nanUG2pNpXvOP/bxxKf2a72rtG9dWLHurG3u1XlPeanqo2dv/ALPHU2PrNEu6w+KyrzJ9V95j7D1Z1uezr2sXU1gmpmJw37rZ856LU22PSRQurrfy219ZxBWRcxuaxb+uxxtP6zPXpVeu0P25Rp2TF6N4PUe03djdjavs9iVeqgN8RwHZv7TTTqadRqlvfT/fIu0eMAD35m1/tL1/d1pWW6M1mcfpLx8Sp2I70WIG3OyEA4x5Tz+iNmq1i0qnCfH+76zY+r1qs1VjlHQ/qPWaqDqRo1eju3Yklwy4Lc+seuqNsJlo1qWv3br3VvTB6TROkRKEUJQ45GECUeZHMMwJZhmRzDMCWYZihAeYRQgOEUIDhFCA4QjgEYgBJAQJSSrEolqiRUSsgVmiQIkFWIwsliMShYiIk48SCnbDbLSIsQK9sNssxDECvEkBJbYwsBYhJEQEKjiG2SiPWBEyDSbCRxKiBikyOJDEAkZLEMSohCMxQFEYGKARRwhChHDEKUI8QxAUI8QxAUI8RQCEIQCEMR4hCjhCUKEcMSKIR4hAUcMR4gAjEAIYgSBk1kBJCQT58uD5T57ri+n1N29hY3eMCffM93rNQNJo7tQ34FyPnPB2sbNzWeJnOW+cjUZEfvHPBBE0IJnqHiOOmeJqX4Zzrvz8V6l9mnc+Z8InJM6HaLY7uv8A8jOf1M1yz0YkoDpGIQCSAgIxMtGBGBACFjd2uc8+kCYHoJbU2y1WOPQyim1HXn4vSXxVjcQPKVuI6H31c9RwYzI0qSzY+1vhb+BlxHModNwK+sjTqAimvUvixTjn8ULE7dMlq4HhbOciUq1mltO/fYjD1zgzZAgEcwYhRaL696Z9DnyMu6iYbdJy7VOy7ucAydWs2hEurZSfCX8swLbdPVb8aAmUE36fbuYPSvBwOcTYcZPIiPTmFV1XJbnu23Y68SwgEciZ7NOS26pzWxGPD5xVanaUruRlb4Sx6ZgD6YI3eVcOp3YliahGJWwitwfh9Zb8pXdQly8jn1gTdQy4YAj3lHd2UYNbFqwf8OJbLqGbvQ9y446ZEvR1dQysDkZhSquS1fyt0KnqJG/TJeQTlbF+FxwRCyhGO9fC45DSIterwXAtz/iDpCZrr9lftFqdCy6btI99V0W0dZ6ym2vUVC2hxYh8xPBHZdWVbDoeuItJqNZ2TYz6Sx2q67M/7zNTpy7/AD/0+gQnG7K/aTS68BL8UXdOeh/tO0Rib1wswRQhKCKEIDhCOBEwjjgKEcJAsRSUUojCMwgcprNW1Zr1ehp1NZ690/X/AMWmEfZ+z336O7UaDzNV9bNUf7fSdaPccY8oxNYNN2l2dqNVu7zTpqyuCyuMMPnNGm0qV6vVatMFryOQfICFui0d5zdo6HPqUEjVodLQ2aKK6v8ALxJitW4+srNKNqVvYAsEKcyWY8y4jDrNHj7yhcg8Mk5ado3dnXbQGNefHWf99Z6LM4vb2nCuuqVfC3hf5+RnLrnx9xddPV1Lq9OLasM4Xch9R6R6DjRVZ6kZ/jM/Y1m7s2v91mUfrN3AGAMCbk/qKtVpU1S8+GwdH/vFpLLCrU3jFtfn+YesuzEQCyt5r5zWCUMxZhmVDzHmRzCFSzCRhAnmGZGECWYSOY4EoRQgOOKOAQhHABJCICSAgTUSe30kVlgkUwI4hJTKjMUIoCMUkYpQswDQIkYRauZIrKQSJahO3mRSxHiElCo4jjhAUMRwgRjgYswiLYkY2MUqEZHHMliPEohiRaWyDQKjDEkRFiVEMQxJYhiBDEeJLEeIEMR4kwIYgQ2xhZYBEYENsNslDECG2G2WYixAr2xhZZiPbAq2wIlmJEiBXCTKxYgLEMSQEeIEcRgSQEliBDEe2SjxIIgRlZLEeIVALJBZLEYHMg8/+1eo2UU6VTy53t8hPKahsKZ0e2NV9r7TvtzlVOxPkJybTufHpJWuUqh4RL15IEqrkrLO7pd/MDiYd3P1VneXu3lnAlA6xnoILNuaUYijEysSEmJECTEjRzJe5Z8eQmyYb+LGmuWO2/syofZ77SOowPpLR0zLtLV3ejVD1K5PzMpUKVHWTv6vHxOlwlnPRuJpcTLgeQmitt6e4mXRBhEakvBDgZxjMsIlfKnMCk2anSqoYK9S8E+eJqruqsOEsVvPrGcMvI4Mz2aUFlejFbqcgwrVK7KktUq44lKal6rCuqYYPKsF4mhHS1Q6HIMKy9w+nsD0Y54YHoZZVqlZSLytbqcEevyl8qtoR87h184Rd1Eg9a2KVcZmX7/TKh3l6l6r7S6rUJczKFZSPzecKiaLaN32UrtbnawzgydGqrtZU8SuR0I4lwODiQtqS0Yfr1BECbCZXoZH7zTlVbGDkdYA2aUbcB6c5J/EBNFbpapNThh04gVUakWbUcFbcc5HBl5AYEMARKraktwHErU26ZVB8dQ4AA5gSNT1NupJ25ya/WWVXo5x8D/kJ5hValyblOD+UnmD1K/XKt5MOokVHUaVLcn4H/MODLuze3+0eyWFOoY36foN3OPrM4tenw3jKeT9SfnLvC6g8EHpLKz1zr2nZ/aOn7Sp30na4+KtuomqeP8A2bWvTdrLuswjqVQHyb0nsDOnN15uplEIQmmRmEUcBwkY8wHDMUUBwiigOEUIGOEx6HtKnX7u4qvAXqzptE2SsiEIoDhmKEB5mbtNO97N1CYySnHzmiL5yWaqrRUfZdHVT5qvi+fnL4oSocIoQHCKOARxQgOEUcBwijlBHCEinGIYjAgEI9seICEkBACSAgMCSAgBJSKQEmJGOBIR5kcwzIqUJGOA4oQgEiRJQMIhLR8MrMkDxCrR0hEpgZlThFCBKKEIBImOIyogRFiSMUqCEIQpRYjjhEMSJEsiMorxDElCERxHiEICjEIxAcRhCAo4QgGIQhAJISOYwYU5EiShAgRFiThiEQxHiSxDEBQxHCFKOEcAEcUcgJl7V1J0nZt9q/Ht2r8zNM537QaoafsmxeN9vgWFeKc7VmYeJjNVrV7WNm7P7sz1DiZrfEWKJRrW+7VPU5mkcTDq23XH0HEjpWZuscQ6yUtYgEkIhJATLcSAkxIgSYEiiZ+773Wog5yeZpAktJX/AM27/lXj6zfH1z7+N/WZVAxNImYZGeBHZ+Z8Sdb7LBnoeJDmIiYdWpuJBhmFbb1HrJiBXWccSZlN4tUZp4ZeZCnW0tWDY4VzwVx0MK0deoBmZ9PdXvOms2qTu2485qjECirV12MqEMtjeRHGZoI8jKrqUtXB48wRKQbtMx4e9W5GT0MK0iUW6ZHOSJOm9LUDbgpPBUnkGW44gYxbdQqq6hkHG7zxNVdtdqk1uGxwYEAjB6SizSq7FlLKSOcHEI049ZTbpz4npdq29B0MrS96tiXqAvTvPf3mmuxLU3Idy+sKpGp8RW9VqOMgluDNEhYiuu1xkSjbdp+VLXJj4WOMQJWadWbenhszncI0teshL+cn/Ek6rq7uEbxYyV9JMgEYMKAVdQykMp6ESk0uhJ07bT+VuQYdy1TBqXOM52npJVWhyEYFbMZIxx9IDrvDttINb+QJ5+Ynsux9f9v0f3h+/q8Ng9feePtqW1fEOfUdZp7F1V+j7UpRVNi2HYeeSPeXm45/pzse1hG3BkZ1eU4RQgEIQhTihCAQijEAhHCBzqtPVp0FdKd2g/COkr1Gp7lq6kTvbrPhTOPqfaY7LbOxNHu1OoOqpBwu/wAL/LPnOd2V2g3av7SNqBWyV10FQpOcRqPRpv2/eKin905jjhKhQxJR4gQxDEniPbCoYhiT2w2wK8QlmyGyEVx4lgSMJArxDEuCR7IVTiGJdskdkIrxHiWbYwsKgBHiTCR7IEAJYBDbJAQFiG2TxDEghtjxJ4ihQI4RQHCLMIDgDIwgTzHIZjzAlHIwzIJZgZHMIBGJCGZRZuxHvlJMYMmGrd8YbmViHnCrsxSAMe6QBaAMR5kZRORMWYZhDhFCA8wihmAREwiMoWYZiMjCJZhmRhAeZLMhHAlmORzDMBwkcwzAlCLMIBmMSMYgSjihAcIoQJQkYZhThFmOAQhCA4RRyAnlP2o1PfdoLQp8NC//AHGeottWml7XOFRSxngL7mutsuf4rGLGFZdQckL6xpIfFYTLE6TFdufiROxSx6Dmct2J6+c26xsU7fNjMDdYhTWMQEYEJDEmBEJIGRtICTAEgMyYWRUhJab/ANTb/lX+siFktP8A+psH7gmufrn38ah1lHmfnLhKiDuPHnL2n5lg+sNojwfUREAckzDqlUQr48jLz6zNxL1bcggD8eISmzTJbWSqgEy89JWh2t7GBlLanTbGZi9a8FfaaqdTVbYa1J3YzyMZk2UHqMyi3TB3Vk8JHIxA0sMHBhMKvdp2cBDYDypZuk0U6iu1Fbcqk8bfPMKVukqtydoDHzlYt1Gnde9PeV/Cdo5+c1iIwIVWpfu2bhtOCG4Msme7S13fEPF0yJEW30Ad9h0Xw+EZY+8DQwB68iZ307od1DlWzu254Mtqvru3d2T4euRiWQqgarazLqAK/wApE0Y4zIWItikMOsoC3ac5TNqFcbWJ4gWWULb6qfVeJEW3UYFy70xjco5zLKr0u4Q+PGSvpLDyICR0sUMjZB5kbaktGGHyMrbTqW31k1v+ZYhfbVhb1yoHxryT9IDL3U53/eJjr0Il1dgcB6n5B4YeRjVlsQMpyrCUvQVbvKDtb08oHuOy9cO0NEtp/wAVPDYPeap4zsbtQaLXKbcolmFsU+fuPlPaHHkcidObry985ShCE0yIRRwCKEICjEUcBwihA8jp9Zou2WOldrWqzuTTWna3/i3n8pvF3ZfYWmAqrZe8fbsUbnLe88loVdddS9IDPU4f9J6n/hyau8dopd98xBDMvhGPIHy+s5zpXXq3soZ1Ck87fT5ywLMNvag02nW5078E4IU4cfMTbptVptUF7uzBcZCtwZudSs4ntjCzLq+2NBpLmpsaxrE+JUXpM6/tBo2bBpvVfzcGPOLjpFYASVVtV9QspcOjecmFlRHbDbLQI9sCnbHt9pbshthVe2G2W7YtohEBHJbYYgRhiSxHiBXtjCyWI4EcR4jhCliOEcBRxxYgEUIQFAmOKAoQhAIRQgOGYooEsx7pDMcCWYZkY4DhFAmAoZiJhCJiSkAZIGFSiJihIDMMxRyhRwigOEUIDigYoATFmLMWYQ8xQilBCKEBx5kYQJZhIwgShCEAjijgElIxyBwhFAcIoQHCEIDhCEKcIQgEIRyDj/tPqe57OWkHm9tv0855C7heDPSftYiizTMxzlWAHpPJXKVbceOfI9ZGoaS9RxKklw9fITDsxax827fJRMnnLLW3MzH8RzK1mmUsyQiAk1EysMCTAiEmokbSHWT24iEkeZFA5MKeNQ3+T+sYU+0imV1gHXKH+c1x9c+/jRIE+IyUR69Zrtn80eYYz5x5hn2mHUtvuZOnwnGDgyGT8oiD6mBpMrcSancoMREBq25cn4h1j85nta6pS9KhiOoPpJ16mm3aFsUM34fOFWkZEyXaJGVii+Prma+QeRwesOhgxjGoupsUX+JCMeEcgzRTel6sUyNpwd3Ekyg+QMzXaQOxYcZGDA1wmFL9RQqCxVNa8H1ImtLarmYVNnHXjEIru01dpyy+WJBWvoKb/vKh4fCvPzmoiRhRVdXem5Tt5xtbg5k+kot0tdpLbcP+YdRIl9RTuZs3rj5YhU7tMlnIyrYxlTILdbSQL13Jt+JRzmXVXV3DCOG/pJEQErI4BRwcjOAY+vWUNphnfUxrb1WIaiysgahPDt+JeTmBJtPtJeg925HX1jTUgtstXu24A890tR0sAKMrZGeInRXBDDIMAtqFqFWHPkZ7Xsu+rU9nUvTwFUIV/KRPC/eaboDZSPwjqs63YfaS6XVZFgbTWna+Pwn1l5uOf6c7HrYRmKdXnEIQhAcAcnEQw3wkN8ph7Ra1VLCmxggO0IcH/NnynKbtOrQ6VqajrU1P5Lj5n3ktV6TGenOPSZdRrqtOzK/h2DLO3Cj2nHXU2afs1bnqepH6mq7xZ8yxMo0/a2mFtVNdLakXH71rDwPlJo9Jp7k1KbkB/mD8jCc+hbhtTs5jdRnhldSqe2IRo5NGmTf3GjpAyeFHX6md9dL9i7HurzlgjMx9zN2m0dGjr26dME9WPJMp7UB/4daqAl3wqgeZzOU5yNPO9n6Xv7mpcBvuyQw6qRKK9/dqPEoydp/tPT9l6A6Kkm3Buf4v3R6TiftBirUU6ZBhKq/1zMWZNB2fpOz+1Fdrq7LNSv8Aiulh3fPE1aTsbsk6gquoex061Odpmf8AZjTP9tt1C8VomzPqTOr2v2cNbR3lfh1NXKMOp9puSWajYEVQEVQqjgADpHic3sbtBtUnc3/4yjg+s6mJ2l1EYxHCAQjigEIQgOKEUoI4oQHFCEAhFCA4xIxwHmEUIBFHFAIQhAIQhAUUcUIUIQlChCKA8wzFCBLMJGOAQihAkJISAkhIqcIQgEIQgEIQgRPWEcUAijigKKSixCFFJYhiBCEliGJRGEliGIChJYhiAo4YhiACOEJAQjhiAoR4hAUI4QCPEBHiFGI8RwgLEMRwkBADmEy9qar7H2ddd+LG1PmYHle3dV9r7TtIPgr8CfTrOHd4rgPIczU52rk/WZUGcuepma6cRYgi1DbaG9TxJqOko1jchB85l1YXjWR6tJiaYiQkxIgSQEy3EhJiIASwAeky0BJgE9AYAyQJgPDekrIxq6yT+Fh/KWE4GT0Ez2WlLKrHQhMHpNcfXPv41RH4oAggEHIMCoLcib7Z/NEsPWGT5KTJ49OIiRjrOTqjz6YhtJ84E9OMx8yiVJ2tt5OZcZmORznmaAwZQwMioHKtkSq3S12KDVhGByGHkZc8gjbTg9DNIpNmoouBuY3IRjCjpL9PqE1G5QCjJ5N6S3qPcSi3TVWtudcmRV3yII9oTEV1WmqIqKmpTkAjn5S6vVU22BE3Bz+YYhdWMgbhhkSizSgtvUleMcGasQ9vWDGNb7tOqq1YatTgtznE0V21X7u6fdt6+UntB6jMpu0iOdw4yMcQi8GMzDnU0KoLbkU+nJEuq1dT7lciojyY9YUWaYMS1bGp8YyvGYvtLV+HUoFAXh15yZpKxEA9RkQAcgEHIMCAeszfZzUxbTttJGMHmSGqVeLx3RA6noYA+lA8VDGt8YysBqmQkahMDjBUfzmjHHzkSAeogSBVuVYMPaU2UdXqwr/wMianqbfS3HUoehk69Qr4V/BZ5qfX2hHsOwL7NR2PW97LlCVznkAes6KFbAdjBsek8d2dr37Ptfwb6rPiX0PkRN1+vtq3HZWgYYX74izPXoJudPN1zlekwYvOee7N7Spues2HU2uTtOUB/lzOq/adNdmy0dxghfHNSstb1iwKrE7Qc49ZxL/2fXuntsss1N5s7zrgfKdG3tEK4ShUYn8TPx8uJQnbOxm+00msKdviGMn2boY2Dg9ododpsLK6y5rAy67AQv8Ap85qop7P09JsbumubDLuqO4+vE19v3VPoaatMMLbZus8WMr57iJ5laUUOyr3mW+LcRx6TNHZft7R6NB9hoxbyTvG3+XWE85dWCSwKisHB2+sJB9Wi49uOkMxStA46k8DqZ5s9l6ntbtC3U2/c6Zm8LN8TL7CekMROZLzoqooq01K00JtRZMcGOE0jlns8VdsUW08Bmd2x6TpwwN27zxiESYFCOKVBCEIBFCEoIRQgEIRQHmGYoQghmLMBAlCKGYU4RQgOEUIBCIxQiUJHMcBxRwgKKShiBHEWJPEMQqvEWJaVi2yorhJERYgEI4QASQgJMCRSEMxGKBLMcrjzAnHiQBkg0B7YbZKPEghtkdstxERArxDEniGJRDEMSeIYgVlYsSwiIiBHEMSQWGIEcQxJ4hiBHEMSWIYgRxDEliEBQxCOARYkooEMRiMwgEcUIEoooQHCKEglPOftXqsvTpFPw+N/wCk9EOs8b25Vt7Uu+87xyefaBx9S3hxEq4URXI3eqGUjPrLBMV34npJRzOdqbNzsf0nQsOyh288YE5LyRekUlgkOgkgZakWCTErBlgyeky3ExJj3kAD5kSYUeciphgJLd6mJVBGQIwsgjYQykSL/wCPQSONxX+Ek2BjnzitGTUVyQj7mPtia5+sdfC02Ud6fyHK/IyaWG0scYQHaPeV3HZd3g86m/hLKVxp6l9EE32x+f1PbHt+UOfUyOBObsZx5mGR7mPj0hukC5/KBJVNjIPTykMn0MRzKi13AmZyW65AlkiRNM6ups3L+8ss/rMReyrL1ruIHIminUU2KvjXL8hc8gyNLfnKbdPXdjdwR5iX4iMKxrVqNMzCgqUPPi55llesrdkrYMrt6jjMvMhZSlq7XGRAs9/1jHoehmL7NZQ5OmcLuHiDcxrq3RAt9TFgcFwOPnCtRlNtFdoIZQcy0WJbnY6sV64MIRl2X0OGrc2DGCHOZZVqgWVLFKsc5J6Zl0hZSlgwygwLeCMqcj1kSoYYYZEyqLtMy7PvKhkbDLqdQluF+GwjO2FROnerJ09hTI6HkQOq2Z7+sp05XkGaIiMjBGYDGGB2kH5SqypLR4hz5GQOn2HdQ3dnrtHQ/OMajY23UDYcfH+EwIh7KRtsBsr9R8X1mh7rdVUqVWLZj4WwBj1MJZoKtPX2gruigtwHY+FT6n1iOffOxdS9mhW1X3UsMK71YyT5fSZbGbm57HLt4QFO4t9Z2dbo01VeaNljIcna3JPmP9fKcLugrta1RCg7R4uQfaWvOX2i3Tju/ECo8LdNv+sgL3R22uzqQc994uT1IHrKbbg1n3SuAOmecmIVp3mbi3TJA9YE21CqPDwvr6yFbXDfjvAGxx0yT0mzTtZY5GmrAdk2gheCJq1HZaWomsuv237lX7P5tj0PylHX7DXRKlVSuNRcuRkV47seh/ehOnpezqX0fdU6h1RvEefF7/KE0OtCKORooQigEIoSoIQhKCEIjCCKERlAYoQgEIoQgjiigSihCAo4oQHFmEIBCKEoeYswigOEUIDhFCBLMeZDMcCUlIAyQMinGJGSWA8QxHHIIbYtssilFZWLEtIi2wIASUe2PbAhDEliGIEMQ2yzbDbAqxCW7YisCIMkGhtjxIDMAYiIQJQiBhmFSxCAjgRxFiTxFAWIRwgLEI4QI4hJRQhQjiMAijhAUIQgKEIShQhFAeYRRwHCEcCNjrVU9rnCopYzwV9rXW2XN8TsWnqf2l1Pc9m9yp8VzY+nnPH3vtQzNWKNzPazFifIZlwlNQ4EvAmHoijWt4EQefM5x5aaNVbuub0HAmcdcyxmpYk1EiJMSLE1EmJASazLSQEmDiIZkgD6iRTGZIxfUw4xAMZ8+nPEkTxIHftYJxu6xq2fi6ysy6ouIS5AAfcHpgzRzjPAlGpYZr9mEuJOchTiKsMdOTHiIFseQjw35pFPPpiBPHxRbB7w2j0gR3cxc+QMn08xEWX1lRAZ84GDN6K0U1GKN5Vsjn2is0dbVhqQATyp9IyOJZpm8RqPQ8r84ajO9uppvRrHewfCV6TTTrEsLq+KivkxlpwfiGfWUW6Op2JwM/KRV+MjI5HrDpMJr1OnrXbYxCHIXyxLE1o7wpcncjGVLGDWoyOAwwehkq2S6sPWdw9REYVnOkG4mljUSMHb5yC2amhVFiK6qcFs+Iia8/rGeeYFNeoqs3eLZt/PxLRKbNPXb8aA+8rFV9TA12d4MbdrniBrlNunrtXDLIpqyNq317GJwX6LLgyuoZDuU9CIVnX7RpyP+qgXG0y2vVVWcE7Wxk7uJZK7aEsHiUQLYmUOu1hkTN3eoqJ7q7Phxh+Y11mG23ps6YMCXd2Uf4PjU/gY/wBY69QlnhbwuPJuP0lwYMMqwYeoMhZUj/EPrCG+7KkEqVyODiZ3KVsGsVmf8J8lkwtlbBW3W1HzU+Jf7xW/ZBgq9rMTyrOMYh5uplRV+/dkopstK/kGZEbGXdaQAvljxGbLNem3u6R3VS9Fq8OfmZTorlpurtauu1UOQr9BKyrTtC6tWp0veKm3DKPKWsups7kPb3Soneoxz1PAz7z0VH7V1JWXHZ9e48AoRj6zmt2hd2rrryb9Ppa7CoxbyuF95RX2Wuvua77LUtllYAYMxHP5sZhNXZ+s7J7JtVR/zVuctbXkDn2PWED2sJHMMytJRGLMRMIcJHMMyocMwkZRKKLMWYDiMMxZlBCRhCGYCKEolCKAMgkIjJCBEKhCSIkcQhQhCUKEDFAIQigOEUJQ4RRZkEoRZhAnmMGQjgSzJLIRgyKtzHmQzCBPMJCMGBKSEjGJFShFmGZA8QMN0RaARbosxZlQ9xjDZ6yMUCckJWJNJFPENsccCGI9seI4C2wxiShClCOIwImEICEEDHEYCijMUoIQihBCEIBCEIChCEoWIiJKECMI4oDhFHz5DJ8oHk/2j1HfdplAfDSu36+c4GpfymztG56NXcNQh3s5JI5nNssW1sqcgdZmtcnWPTMsNr1oTulY4XMr1DjwrMOuqHOZEdINnMeJUMGTWRUSxRI3E1kxIqBJjEy0kJLBIxAESYOfwzKkF4kqwM56+0OYsSs2LAHboQIm0583Ejt9zHtl1PFm1Y2qgJBO4dJpGMTNrSBWB+8JeHBGZKsS5HlDn2kd3sYeI9BI0l8yYsc9Mw8ftDB9ZQY9BDp5xbfXMNo8hCEWXzMh5yzEices1GajInOcg4MlEZWWtW31h/XhhD29Jlr1Cafd3pOw/wA5q6qCvTqJHSGeRK3qSzllBks4Pzj84GNtFw+12XPkDjmJdRfU698u6s8HaOZsMCBmExRVqqnUsW7vacENxNBGPl6zPbpKrCSVG4+coNN9OwpazbOik5GIGyEyjVPWHF1ZY9QVEvrtrc7UdWOM4BgTOGGGAI95QdOyMHocgg/C3wzRjmOFZk1LoMahNvJzYPhmhHDqGU5U9DAjIwZnOlCvvqY1t+sK0mRdFcciUC6+sAW17wB8S9SZdVbXd/huCcZI9IFPcPWS1DlT6eUlXqhwl67H4GfIy7oZF61ceIZhE+oyDkHzmYaZQxZ3zk8CMU2VHdS+RxlWklZL2Sq20aZ2bG5xkCHPvnVW7To3d7dz9cdZZ3ltTB2022phxkYHM7Og0ViL9neuhqW5+0k8MuZs1HZ2guret6bbS3w2U4O5fQenpNY4PNLRVaSVs2O+PF+FfnIV6VLQqVXbWZipdj4Dz5Tv0fszSaW7+9lZFLKuzH6t54mDQ9naZdPTfe67nwEVrMEDd1HtGDb2X+y9tli36xdtP46ydu8jpiE3nW9n1gfbtW1rL/0q1LBoQuL9J24t3bWt01jqunqwEY/m851q7q7Rmq1LB+62Z4bs7QXW/tFZRbRaaS7NYdpHHOP5zfp9Drezu3KqqUYgtncBwU95PKj1mYZkCeTKzqKRb3TWqtn5ScTaL8wzIZ9YZlFmYsyGYbpRLMWZHMWYEswzI5izCJQzI5hmUPMeZHMMwJgwzI5hmBMGS3SrMMwq7MjkSGYZkROIxAxkwImIxkxGUERhI5lBHI5hmBKEWYZhDhFmGYVKORzCQSkhIRiBYI8yAMeZBKORzCFTEciDDMCWYosxEwJZhmQzDMCWYZkcxQJ5khK5JWgTxJDiRBkpFSjkAY8yBxyOY8wpxRxGQPMRYyJh1lQ8wEhnmS3QHETIh/WImVEsxZkCYAy4anCRBhmAiYt0Z5kSMQiW6AMhGDAnmGYoQqUMyOYZgOEWYZgOV6i9NLp7L3+Gtd0nOD+1Wr201aNTy/jf5eUg81fYbrHutGWcljOfkM5IGAT5TVqXxWQPOZKhzM105WiZLW32t6dJrZtiM3tMDSNVOLcZEfDH1OBKLKzLlkFXiTAmK6RMCTGJEASa9OkyqQOZMfWRBkgZFS+kRzHz+Uww3sPrAOYYhg+sMHzJgRKKWBI5EfA9I9g+f1j2geQgQ3iPPoGk4QI+L0gMn0k/fBj2nySBDb6t+ghsHvAttYKepGYE+plCCjcfB9YED0ECfnEYRW0UkZGbYIbRkOMoeDIvpHq2vS7bl+HJ4xJmWaezP3TeXwwsVfara7MamvwN07sZwZZVq6rEYse6KdQ/EuPvKX09TMSyKT6yKvHKgjp1imM0XVFHpsZ9v4GPGPSSGsdHYaisg9V7sZhWqEgl9VqIyuoL9FzzmTgQZQeGHtM76RcqUyuOODNZ5kTAyqdTTs57xV42+o+cmmuRsLaprfdtx5frLusi9auuGXMIsGGztIbHHEJkbSAZNTMpzkAdMxjU21Ni9Nw3fGvAA+UK1e0pt06WdRg9MiSS2u0eBwTnGOhMnAoI1FfKv3o8w3X6RpqkLFbQajnz6frLoiob4gDAkpzB60sGHUMPeZ+5eps02EAnJU8gxjUlABfWVP5l5BhXuOxG0z6T7WWD3t4bFwMKfQD0l2t01RpbU92KbEIYWL4T1H6zyfZnaD6LUi+hgyHwuBzuH957IPTqtILKXDrapw55PT+E3Lrzdc5WbVrXVort4t2hGPeKDz85n0Gi1Z0OjVSldfcqCwUMenpNuvta3sPUWgnmg/rjmUW9raTsvs/Td8zlu6XCqufKGWbXp2TorB/xLU2ap0Oe7xnaPkITzuv7Zt7Ta/dZXXpsbtjp4m+qwkNRbtHU6O7T13Lrqql/xH7w77P6Ynou0rPslNN+n1F/35A3M+7jGZz9evaWj0JualmymfDh9h/eHpKNNedV2dQupyV27gA2NvymLcHVo1nad2nsegV2hB/1ByT6TDb2pXrCn2+oUbAQzVnO6aP2dY1arV0h2NZ2um/qZR2rpdvaBrrTJtG9V/nJ1bJKOvp9ZpUpCVs+xVzuJ3cTUlqWIHrdXQ9GUzyGh8FypUPG7jbid3S1HSdq30p/g2L3gX0M3x3pXVzDMqzHunVlPMWZDMMyieYZleYZgWZhmQzDMCeYxIiMCBKEIQCEIQDMMxQgPMMyOYZgSzETFEYDzEYRGARQhKHmGZGEIlHIwgSjkY4EowZCMSKnHmRzDMCWY8yGY8wJ5hmQzDMCeYZkcwzAeYZkcwgSzCRjzAlGDIZjzILAZMGUiWCFSjzIwkE8wkBHCpwzIZhukEjIZk85kSsohmAaS2iVniVEjDMjmPMIDFJSJlQwYwZCMGBOEjmGZFLHMeIRSocMxZiMinmGYoShxyMMyCWQAWY4UcmeF7Q1R1muu1B6McL/AJfKep7de5ey7FoUkv4WI8lnjLDtXEzVjHqW3PiNOB85X8dhP0lyjpM125ivUfAqzI/WabzlyfITMOWhaJNBEJYshIksmsiDJgzLomBJge0gDJCRViywZlSmadJUb7tgbBwTM0R2mG31m0afvKj3Sjcr7efPAyTLU7OTvCGchVC7vmZnzjWOd3clVRZc5SsZPWbU0oW5lsI2KGPB9PKXnuqDbgbAa1A9z1kvZjl7FGdx5l9Widyyt4CF3AH8XEl2hUiXsq8cZwPKbEtS3WVis5xWf1x0i0kY10RNakMu47cr5jd0kzo1yGS37vxbm29NsTXLXpu58XecB2zzx5SGo1JuKhB3aLnGPPMn/anpeaK67G4azbWp25xlj/pLk09C6rZt3HvMAbvhG3MxnW2bg525AxkefvKe9fve+VjvzndGdGxT2gSGrxxuYNj0zmV5PoIax99lRYliXyf0jyPQzqyj4vWLB9ZM/KLmVFZWI8S3EgyzUZqGZXkhgw6iSPWJpWWxH7ysP+sCOMTPp32vtPRpp+X0kbREl7yJjBgZ7NJSwOECnOdw6yAq1FTN3Vm4OOe85mowgZV1j1qvf0tkHDN5fOXDUU2M2ywEL1J4k2UHqJVZpq7CCygwq73ByPWBmT7PbVsNVjEL+FjxiMamyvi+v8WC69MQNUCARKk1FNgyrjG7bzxzLsGBQ+mRjuA2tnO5eDK1+00lRkWIOMGaoQKF1dfS0GpsZOekv69Dn5SL1q45GZQNNsOaXZOc4HQwNMMTMLb6j94neD8y9Zamppsx4trHHhbjmAjpl3bqy1bdMqcTu/spfdXZqqbtXXUmzcuR+pE5EG48a/EOhxEuM9TY3duL2ho+PtjvptVlgFOf1l9Gl7Q12mp+1K+qqFAdVJACkjwgY6yu3V6CrQ2UV22WXWgHcuNq/TymjsntSjTaSmgBrNUuEDWfAPckeU1rzt2rTQ9m9kVd5oqk1Z4SgeIM3rjzhKNfrtBpK2fTOuu7UsYDep8/b0EJQab9r+zn41dV2nJ4Ph3L/CcztJ9AdLSnZ2uFwLHcinovlOx2h2Xph29pdTbpEt0+oylgK8B/IzH+02n0el1Omp0umrqcqSRWvJmO/gXZ7rctGns6WKFDD4lPlNvZm6zX3JrDv1WnGxW9V9fnKP2a7Mue9ddehStB92rdWPr8p0K9KzdsazVf9LaKx+8fOOZqOf2LpSNXfqSvgUslZPnz1nX2rv348WNufaT24AAGAPISJE6znJiCKPEe2aCiktsNsCEJMLHtgQEcnthtgISwHiV4jgTgTI5hACYZhFAeYRRwFCPEIBFHCAoYjhAjiLEnCVEMQxJxQI4ik4YgRjjxDEAhCEBwhCAQzCEB5hmKEinmPMjHAcUI4CjhiPEAhJbY8QEJYJHEcipQizDMBx5kcwzIJSMYMIADJBpGEBmRIkojKKzFmTMjiENWkjyJCMQEYCOEqFCMxQCEUcAzFCEAjihAcBCA6wrkftJqTVoVoU4a5uf8onlrtQ9VTY2nIxyJ0u3tT9o7Us2nwVDYP6zh6ltzBZzrfMVVCXD1kEHELDivjzmXZnsJCnPnK04yYXNkgR4woEIQkxEBLFENQAGWASIkx8plpMCSCxDPtLFBkUBJr7PYU3q7fCM5x6TLtPqYiH/A5WZvsdKy/e3xOpViU2+8T6m0rh7MDAB98Tm5vxt3DnzgKE6vlm9zM+MXWprqRnLg+vMT61XC7n3BRgDrKRWg6IP0jJVfKawH2nJ8KO3zgL7s+FAvvujwfNY8fKMFf3x+K3H+UQ7rPxO5/wDKWcwzAr7oerfrDuyOjt+ssjxAqFfjDMzNt6ZMszCRJHqJQ8+gMRz6fxhuA84bh6E/SVBtb92RKHzf+Eln0Vosn8uIRS4x7yB6cy51J9JWRNxixFQrZVyQDwcSJGrpp2B/Ah446yWOZfQ+5djdR0+UixUusG9VtratGHxH1l1V9Vu4o3wdc8STVJYMMvSUNo0Zi3n6GFaOoyOR5GLpxMR091agKxOw5Vc8SZ1VyWMt1YY9V28QNfUQmerWVuF3ZUscEen1l6sjsQjK2PQwCIiSYYihVNulqtySg3HzkO4tQt3V7LuHOeZpEDCM/wBourB72ncPIpLa9RTbna4yOOfOTEreit+o59RCrTAzKKLah9zacA52t0jGotr/AMaosOfEn9oGjykGqR/iUGKu+qz4XHuD5SzGDApWh6/8G1hxja3IkhqNjbdQNuejAcS2MgMuGGRCs+oA2bw5HTGPOLS994HVLnUk+GpeWMvqqSlnZVzvXbg+XuPea+yr6dJd4zZ3dw2lqxixf94ljzdzK5zWvpwTqtM1bt0HQwmy7R6VbrmXUWNYgNoezlSM8deYQy97wwwwBHoZAaXT/aGvaoPa3G9uTj0jBjDTeC3MiRwAAAvoJHfMt3aNdXaWm0KsDbblmH5VAgaSgMj3UtIPpKDq03lKke4jrsHA+supiYqEXdSi3tTT6axU1Qs05boXXwn6zcliWVh0O5TyDGrjPshtlrsBIiwdMSogFzGUIEPOWjkdYGeMLmBGDGJUGyIiTiMKrxHiPEmindArxFiXlBIYkFcckRIyoIYhDMAIkZPrDbmBXHJbDFtgRhGVixKDMWYQxCDMeZGOBLMMyEeYEo5CPMCUJHMMwJRyOYZgShI5hAlCRzDMglCKECWYZkYZgT3SW6VZjzCrN0N0hmGYE93vDMjAQJ5hmKOQPMeZGECWfePMhDMKnmGZHMWYEjFFmEIcMxQgPMWYRSh5hmKEBmKSB9Y+MQIQjihBCEIBK9TeNNpbb26IpMsx7TjftRc1egrpVWPev4segkqx5h2Jy7HJY5MxE7rWPpxNF11eDtcE+0ypOdduFoEhceQJYnPWZ7rMhj+kjoozusyfWTPJkah1MmBCQxJCIASYxI1EgZMD2kQZMczLSagyYzIDPpJqG9v1kEh7mHEBn1j2k9SZFSGPSPPykNo88/rDavpAC0QPPrGAPQSUoW7PrDnyWOAU46GQRAb2h4vUSW0wlEDn80WPc/rLOPWB2LzugQ2L+WAAHQCSOMcZh9ICzFmTxjqIsH04lRHPtA5PlGZEso+J1/WAEGVMuDJNYnk4zKy6456zUZpERZKsGXqJKIiVlrRgyhx0MZmah9j7T8Lfzmj2PUSNwj6xHB6gGSEXSFUvpqyrL0BlB0hUnu7GTI/DxNkRhMZjdrK9hdVdRwVA6wOtK7u8r5HIC+Q98zUJFkBHQGExBNRTZu2uPCMnPpLR4lyOhmazTV2HlfKQGmsT/CuZTjaflA19I5jW3U17Q6h16e/zk01q7VFtbK2Tlh0EDTDOJVXqKrcbWAYnG09ZbjKgiBXZp6rPiQSo0OhzXaw5zg8iaQYjCqFuvQAPUHGOqnmWLrKScMWQ/vDEkI2VWXkAwJjxDK8iGnrVdbXYEVufhK7s8TMdMo/w2atv3TH3l1f+Im9fVOsM9TU9QyNa6WOWXADd23hHsPbmERRbHQDbUMbQbPEdxPpCXXn+O8/7TE6tatNettP47TQc/QCXVdrawue7vNqn4RZobP5y79ltAmg0JsexPtFvis5+BfITP2l+2CU2NV2eou29bWPh+g85rf8AZEtR252rpU3W9jLYvk9bn/8AHGZT2FpX1+su1mo3A9WsPhZifIegmftXVdoK+ku1Dpp2sq3FajgsfcQTRX6jss67VaqyqrpVWo5f0z7TO+xv7ZGmrvrqpe6p/wAdiWNgCV6HX6rTuunTWrqqfJdu1/1nF0mluss+zVMrWO+CzZxkzr0fsdWjHUdqdoFgniPdjaB9ZJtG2/tnR0K1Wu09YDDlTYGJnN7I1tVXaTubLaezwWNVeS3PqfSci/W6D7U6abSivR/CrHxFv3jmbezzp9LXYKgqCwhlcc4+Unl7HsK769Qu+mxbF9VMkJyLdFZTSmv0v3Vm0NYnQH14/pNVHamktrTNyi1hzUOWH0naVHQBEmPaUhuh5+ssV5RF/i6SIMmcGQK+kqJAwJkIQJbpNbfWUkwzA0bsxYlIaTDGRUsCR4gTDMqImElImApIHmISUC0EGPbKhxJq2JFRdZWVlrHMgZYisiLEmYSohFLNsjAjFJ4hiUQhHiGIChmPbDEBZjzDEJAZjkYZgShI5hmBOEjCA45GOA4ZkYQJZjzIR5kFmYZleYZgW5jzKsx7oVZmPMq3R7oFmYsyG6PdAlmGZHdDdAlmGZHMMwJZhmKPEBSUQEeIBCGIQDMN0UYgGQekPKMYgcQFARQgTnD/AGp1fd0U6ZPjY7z7CdsHJnie19V9s7Rut/CDtX5CZqxytSlYAwg3EyKLxC077vlLBOdd+Z6RY7EJmO9uceXWadS2AFmP43hasGQoEYijEKkJMSAk1kWJiTH1kM4jDqOrSNLR8jJjOJULV9SZYj7h4Q0gmJMD1Mr8X5f4yQ3Z8pFTwIpC0slZYEZmQ6px8VgEsms3rG7PMfOZzG1Y87v4yB1iedjGXxqecdbOOrARb0HW1f1nHOsT0YyJ1i+Vcvgz/wAjrm+oMdz+H2kTqavLcfpOQdY/kgkTq7fLaJfBP+R1/tCfkYxC/wA1QZ9zOR9quP45o0Vjuz72LRecWd66223jlB9I9j/979FiN1mcjT8+7Q7zUsOErX6zm6Jdz+a1zKdTUK6WfxcYxlj6yf8AzR/6ta/JZTqq7Dp3NtzMBjjp5yxKzHJJxtx78x7W/wBiAExM77j4zOkjlesbdpPn/GROwfEw+pmM58zHtTbyTul8U8nRRty8Rymo4Az6S6ZbIjn2gNY1W5b62Lg8bemI5Osh0Kt1EixNb6XdUS1SzcgCWjxZA5I6zK2kqYLgbSPMcSK6NkLCq1kVhyAesLrVj9RFMmdXUExtZV42gcn6yX2x1Zxbp2z+ELzC60dDH/IykayizYA2CfXov1liMjruRgy9Mg+cKDwYRkHEUAMW1T1EcBAofTo3ljzkBRdWv3VpC4xiazEphMZm1N6Z3VKxHOR6SY1ibsWIyA9D1l5EiyKw6QHWyWjwMG8+JKZfsq79yE1n1WBXU19Ld3X4hCNR4imcX3KB3lIb3WTXVUnqSp/eEC3aoLPjxjkFR4sjpiElU2SGQ58+IQzeWzVP39dmnttWtuBg5UufMZ8pydHXpksZbXQtjwgNnE63bFtN779bUTuITvU4wRKtPXpRctd6bgnItJG8+x/MJNcViqdZQdMNRWS/KmxxkY9z5T0mpq02o7MXTjUVJsVSvjHBE5a9r6A6fvNTpu9dDtDUICRLtJ2z2QzlGIVj0W+pVP64m0xh7Lu0FWvNmo1lFQqfcQzckzR+0Xa/Z2u7Jt02l7QU2nB2qp8XtOj/AMV7OVioSrj9xcTP2jqdB2lojSripjyliBeDH8HE7I7D7PvrW7X9qUd2f+lW+D9TJ3ULphuXU6Y1Bttao+XPPBx5TjX6B9JYHD15U5V63B5ne0Xa3f6X7P2p2cHdvCl4q5P0mc1S7N0Ver1pt7b14s7z/Boe3qPUgcfSei0Gmr0tTiusLl2wcc7fKcvU/sroNTXvpa3T2Efi8Q+sNE3afZD/AGfW02arSY8FtI3Ff6zpIy7sMyuq1Lk31kke6kEfSTm0SzDdIxZgShI7ot0qJQkcwzAkI8yOYZkVLMWYsxiA8xxZjBgPEcIoDzHmRzDMinmEjmLMqJGKLMJRYniETJIpw0mz8yCJEjiW9ZEiBXCSxFiVCEcUIAYsRwgRxDbJx4gV7TDYZbGIFW2PbLeISKqK4il2IbYFGIYl22AUQinEMTRsEiVgUQlhGDFKiPMOZKEKjzHHiEBQjjxAUJMLJBZFVxiTCR7JAgY8x7RDbAhmS3GPaI9sCBaImSKxhRArzDMt2iAUQK8wzLvDESAOIVVCTGIyMwjB2rqfsnZt1oPjI2J8zPEudqz0X7VXkvRpwDtXxsceflPL6l/DgefEzW4rTkk+ssXrILJFgiFm6TDuzah8sxlNYk9Snd2beoPKn1EiucR/Gf6liSCyPMmA3rI0e3iV8+stAPmxlY6yxKQBkwv78zEnPUxoMsMkkTXix5tYXP4m/WaaHC1jqTMtWOcTVQ21cbSflMdOnKzvDj4G/SANh6Jj5mSFj+VZ/WBe3yRR9Zh0QvSw1HeVVRzxOTrB94D7Tr3ixqm3FAJydb8Y+U6cOPbLCEJ1cRCEIBCEIBNWg+N/lMs1aH/Eb5TF+Nc/XZ7278NIx5EvFu1B/Cg/Uxix9q7aCc+ZaSzqD0qrHzbM4vSjt1B/6ij5LKb6rGpffczADOOJoxqvzVL8lld1VrVOLLjjaeigSwrKswP8bfObk8sTFb/iv8515eftHHEtrqdtpHAJErU+E+8a7tuQxAm2I1LnHJyZePhmavlZoBG0DnPynKu0BiDbWBEDImGmwcjI84+nMo074Oxuh6S45kU2GeREeRn9YwYunygQapHXaVGJQ+ir5wWGeRg9JpPBjMDJ3N6vldQ3IwSeYt+prK8LYo49zNUREKzjWYA7ypgc4Y44EmNVSx+IqScYbrLCJF60ceJQYFiujAlXU4ODg+cCMGZjpKj+HHyMG0xHwWuvOeuYVq6xTMPtSHh1cbs+LqY/tNicWUHp1XzMI0R9RM41dOed4+ay1LUcZV1MBgQNat1GZIjzigU/ZlU5QlD+6YS+EDrtYmdieLnOT6zO3ZtV2579XjncG2Y2n5zQOyu0VpDJXUGP4GPM5b9i9oarVijU3oH3Y2knaOJjx6eTUU0T6K42aTUV6lDwV3bSR/ImVajQqbWALqCN+2w5wPaab9IdOWov7ux0HxdVJ9Zcul26eprQQUGEsXPgPsfMe0kqudR2Tdqq9yhDX0VmJB+kmn7OWMcWW11+wBM6F/YOpv1AbX6u1FdRs7sbgx9vITPf2f2h2a4WnU24YZ7u7AJ+XJE6KhX2df2db3iNplrB+Irucz0nZWhZW+2asZub4EP4B/ecrs+7TjULfq2vt2dFcAd2fcT0qWJagetgyt0Im+MrPVWbob8dDIQnVlMuT1MWZDMcCWYZkI4DzCLEliAo4YjEAxDElxDiFRxHJZhII8wkocQAGPdFxDEAzFmOGIChHiGIChHCAQzCKBYGgTIZhmAyYoswzKHDEQkoCxiMGBihEozK8mPJkEooswhUswzIQhE90e6VwlE90N0hDMCzfETmRhADFCOASQxIwgSIkcSUUBYjEISCQkhIiTEimDHER6RZMKZhmQ5izCLMxyrMe6BOOQDSQMKZ6RQDBs4YEjrgxGAZhFCESEYBlNtr14Fde9sZJY4AE5f299VZU1i9zhW8LZVcg9cyWqy/tZqcX6fToeVUs316TzOr1DWlEKoAPyiaNVqH1Ootvsbcznr7eU5rvuuY+XSYrpzPa0Rag4QL6xqeRKdQ/jb0HEjqzkl25J44EsAPrK0+KWDdDMML7yxU9zIAH1kwnqTI2lsWVCXCsSkjBMsZ6Zj1PzmjTpYVO3GD6zO/xH5zopgVhF5wMcTq86qsEDk/SaqGCryCflKCqrZw2T5iX0Ptzncf8ozOXT0cLd+elbmS3v8A9r9TGTYoBam1QehZcRF2/wC236zm6o2i162U7VUjnE5OtHK/KddjYUICKMjqTORrBws6cOX6MkIQnVwEcUIBCEIBNOhP3zfKZpfov8b6TNa5+u5XfUqKD3hYD8KmM6lC+xQ27zz5e0rW4DTpXVYBa5C5x0yZbVRfpabambSbrOFZn5T+84O96xH7RaSQKP1aKzv2VvCi5HrmVXW2UV1jfXe+7Bes8S1bbmHhoPPq0LusdfwjHpMd3Fz/ADmqoFVAbGR6TNcPvmnXlx7VCPoBDyhjwzo5tNPwTZQQFO4jEx0fDNVCK4w6hh7zlXbkmxk7SCIsS5qwq+FcCQkaRCnPh5PlL6LharfnT4xKG/SV/ZMhnV22twRnEDaR5iSGGWc/utQqIFtY7PhXyklu1SWknawYeYwFhW3bnP5hIiZft16qpaoEq3ib1+Qkjr69z7q3XzUeZhNaCMGKVprdO6pltrN69B85JLqXAYWLgnb9YXThJ48RXI3DqPSRxxC6UI8ZixAIjHFAWBKm01TdVwfaXGEIp+zuPgusHOeTmAXUr0tVuMeJZeIGBSLdQvWpW+RhLsQhXs9J2lotcAdPdyfwupU/xmC9D/8AqAHnG5eP/GdstnggY9MTk6vP/GlIxnK8GdnjY+1KXu7eqqHIcKfko6zb2xr6qqW0u3vbHX4fJPczcmmSh7tU/wB5cV5b0A8hPP8AZ3Zt/abNqLG2VM2WY9W+U5devU/oqrOu7QI0tNztWuBj8Kj3nUq7LsoO/WvTrkHGbR4l+RM6GioTT6NUQbUGW+mfOcDW3N2hqehZM7a0Ezf+k9q3vZ2clu/Sp3jr8SVLyoktH2hp31Do+/Tl8YW1NuTIDsJl7PG07dUp3KQeB+7OjRYnaGjRrq0bIwyMOhHWb50WkRYka6+6HdgkoPhz1HtJzsyjiElCBGOPEMQFCPEICjhDEAhCGIU8wihIJRyMIEo5GHMBxyPMMmBKEjmPMBwxFkx8wCKHMMQFHiPEeOIEcR7Io8nygPZEciSDREwI5hDAj4lRGOPMMiAoQjgLEIQgKGI4QI4hJRQDmHMkI4EMGMCThAQERjgRmQAMcjDmAGEwdodq/wDDiO90ljofxoZr099WqoW6ht1bdDCrIwZGOBLdDdIwwZBLdDrFtjx69IBGBI7x+Hp6w3TPk14pYlGoaw0nbpLHbyUNLd8e6Tya8XN09dn2rvnp1FA/JgY/WdBLBZnaGwPMjrJh/eM4brEqXksQlCaZ6rWddRY6H8DSNmrrRgisrWH8JzN6zjRY+ytjuCgcknmeY7XexdDUL/FbcSAT5L16TvajU9xSGfaGPkGzPJdt686ntJ7WrdagNiM3tM0jDe+xDjymNVPEtvsSwhEYE9TBRxMV24hDzPpM1r5HuZqswlWB58TFYcvgQ1TQcSY3RDI4GIxu9oWJgN6yYUn8RkAG/NJhT6mZaSFYPUn9ZURycdMy4Vg9SZURgnHrNRnpTUu7VYI4ByZvAA6DrM1FeWdj+biaGbapPXE6vNfpWdAZbo7RTcth52MGx68zKrvZywwuOADNGmZVZtxwJy6d+Pjo9odsntFkzp3rCfxmXef+20YtrHQk/JYd8D0V/wBJzdZMMm0qcUjp1LTkawfdrnrOt3jY4recrVgisbuoM6cOfbDCEJ1cBCEIUQhCQEv0f/qB8pRLdL/6hZKs+u7QwXTpnGd3r7yXZr1aOzVfabK8O3h5Dcc9YaOqs0BmCHJPWN9Pp9xJ7sfpPPXfx1hprrqpRTdW33pbCnOARNouTjaHPyUwA06n/ET6GTN9C9H59pVnOOYgIzuGDnpM9/FxmrO62wgcbjM2o/xvpOvLj2qzA42w84jwJ0c40afoZrrXeCuWHyMx6fzmyoMxIVtpnKu3KQ06/iZzj1YxEbTiSCXNx3zD/wARE9TIMs5c585GyPIirfu35+E9YAyDwjUV/wBDI+oPQyGnfevdsfEOksMCIGfCw5H8YmrUjOBJHyYdR/ESX8jAz/Z0PhI48vYyt9Ihzxyf4TVG/PMDD9kwSFYgMMHBk+5uUsVuYErgk8zTiLjOD18oVmFurRhyp4xjH8ZIajUjG6tD4f4+suIjHPXygUjVv4d1B5HPPUxfbAOtLjw5+svKwwCORzArXWUHIJYdOqyS30OeLFHXrF3SHqokWorxgoIF/hIUhlOfeSA8pi+y1k+YMPs5X4bHHUdYGwjEJlCXj4b2P+bmED3PZo7TqrFfaa1WEdLqmzn/ADCUav8A/rCN6bJy9H+1GtoYJ2tobCv/AHUrKkfSb31mm1utW/S2rYmE6dRz5ztryu2fMHpIJWqUrSnhRRjA9JM9YCEZu0iw7Pu7seIrtAHvKtFok7N07anUMve7fiY8L7R6ztKqizuKkOp1J6VJ5fOV19nW6qwX9q2d63VaF+Bf7zF526rk39r3ai0NWtjfvFCQfkJp7Pp7RvZmCpVSzbi1iYP0E73G3b0UeS8QzLhqO3pk5IGMwxJRTaFCOEAhFHAIQilDhFCQOEUcAhCEoIQhICEIQHmKEIBHFCA44oQHCRhAlmGZGEBwihKJCEWYZkDixDMMyoIQhAIQiZ0QZd1UfvGQShFuXbv3rt/NniMYYZUhh7GFEIwJxdb25Zp9S6VoNiHHIzmQdmKYtF2hZqu7LVKquPLym6VBCEJQR5ihIpwhmLMIceZGGYCvqr1FLVWrlT/Cee06ansPtLu1w2ltPKk8fMT0WZVqtPXrKDTaOD0PmpkValiWglD0jnBp7/sjUD7bqC9f4WzhSPT5zu7sgEcg8gwJZhmLMBAZIUEscASiy7JXcMk/An9TI6i5ctn/AA6+v7x9JVWGAL2HNj8sf6TFrpzF5cnljzFuzKxl2wJh7R7a0fZx7vB1OoPStOg+cw26q5b4dp+snscfEh+YnidT2r21reljaavySkbf4ymjX9saOzfXq7jjqtjblMauPdZkg0w9k9qV9r6XfjZqK+LK/T5TSeJUXgyrU6SrVgbiUtX4bF6iIP5GWBoTHE1Fg0faDv2igbp3RVOGUec4XaGsfXam25xtRz4U/KJ7bV6anX6VqLxlT8LeameE1+nfQ6l6bhynOfzD1iM5jC2O+OPKWCUVc5ZurHJl4iu0U6hvFjPQTKnL5MtufIPvKkhm/VmT6SQ3e0jk+kkN3tI0mN3rJhW82MgN/qP0kwG/OZGkgnu36ytxgkehloTP4mlbDBI95Yz0sp+D6yNtjIwATcpjp+E/OD27M+Bjidnmv1DZtsyq4XEv07BbCWOBKu9L8dB6S7TELZliMTl278NHfJ5ZP0iNuRwjfpJ99Xjh1kTfnz49pzdjDkc7GzOXq892dwwd3SdM3A9N36TmavLK5I/FN8Ofbn+cIHrCdXAQijgEIQgEs0//AKhPnK5Oji5PnJVjvaOhLa2LKCd2JoGkp/7a/pMumQvW3jdcH8Jln2cH4msP/mZwr0z409wgGFCiJtiryVmf7LX5ofqY/stP/bX9IGO1gdRbtII3eUyaniwTXaAt9iKAACOB8pk1fxKZ15ce1WeYj5w84To5RdpupmytmDZQAn3mLT/FNlZwwM5V25Wl9R6Vj9ZA98c5ZP8A2yfe/wD0bP0EN7+VLfUiZbVHgyJMssDnlkCj55leJWUMlGDL1E2q4sQMOh6zGwjSyyraUTch+IQrV0gOPD5HkTN9tIrO6lt4Pl0Aj+2VbsYbb1DY84GrqPeRzKBr6dqscgk4K46RnV6fc+2wYX+MCyDZx4eo5EiL6CQveLyu6C21ttw6+PpzAkpDrmIjzkO9rU7t42ucfWW59x1x184UZiPHIhCA/lA8xDjj9I+kCDCNTuHvJESBBU7vLzgMccQjIzCRXvtPqq9Xp0uotFtTDg9Zztela64OEVW2ryox5zk9i6LU6S3vOy9ZVqEYA26a0bCfcTq68ltQhKlCUztPlO09vG6Govq01bW32BEHmZz+91nagxTu0mkP/Ub43+Q8oqgvaPaT3WeKjT+FFPQt6zpk5mk1TpNLRoq9mnTbn4mPLN8zL8xRSiWYRQgEIQgEIQgOEIQCEIQCEIQCEIQohFDMIcIswzAlCRzDMCUWYsxwHmEjmGYEoSMIU4RRwghFHAI4oQCEIQCEIQCOKOBRqbnRGShC92OB5D5zzF6HVXN3+ottYKOduACZ6m1NWQzV2oo9AmTPMdpaqxVdNOrvg+mN3rOXWqzC/U6eo6a2x1q8x5GT03aD6S9rVsPrgHg+0wCz7VhD91jgEtx9ZCkU98ReGITIYA559pIrr6nt7XWP3ivsU8KqeXzlGk1Jv1NltpC2HzAlej0ddq4e4qnXxcNiWDS013bK3Vl3cP6zSNCdp6nT2fduEXruC9Z6XR2XPQGudLCejL5zzmm1PdamvvkJqPkQORPS1X6RlVaLKwD0XpNQWZhmOE0yWYZji4hRmGYQgGY8xQgPMMxQzAhqKatTS1N6B0Pr5THo7H0eo+x3fB1rYmb5XqKE1NWx+COVb8pkJV2ZC23u6mfz6CY9Pre6t+yaxgtv4WP45dq2+8rrPuxk6vprme2Z/jrqP4fG3zl2czLpXNzPZ1DNx8v9/wApVfc+rdqKG21KcPYOpPoJxtd5NR1etsvZtLojtA4e38v+sr0vZ+m04yF3OeWduSxmhKEpQJWoVR5R4InPXSTEu6THwiQfSo4wVEkGwY9/yhXNOk1Gg1S6zRDcV4ZPzL6T0Gm1VWu04uq6n4lPXP8AeYw/rMtrNpLTqqM4/wCqg8x+b5yys2Os3QYklJ+UpovXVUd7WR68estWbc11b71Des437W6H7T2f9qrH3lPLe6+f9/oZ06GwbF/K/wDMZlzhbKXRuVI5Ht5wPmoG0+0kzeAy2+k06i6g9a3K/oZRYdoEOjLaecSQ8IAxniVjx2ZPrLNxPlKzEhu9JIbvaRG72khu9pGomN3rJgN03GQAb80kFP5mkVMJnzb9ZB1wWEmKyerN+si6hSwEsTpKn4W+csPQyqno0tzO0+PLfqJGUz7QoKizxdIs+HAhRjvRuxj3nLt3/NsF1Xk36CBuQ9M/+2LfWPxrA3VfnE5ux98uOjH/AMZzNUSwtLAjxec6Iur9SfpMGpO43HBAzxmb5c+3MPWED1inVwEcIQCEIQCSr/xE+YkY1+IfORY7mnDsrBLNg+UtNVp+LUWfwEq0xs8QqKj/ADS3/mPzoP8AwnGvTPg+znzusP8A5RHS1nqzn/yMe3UH/rD6KIit3Q6hv0EgzX1pVcyIMcAzLquizXehW7xOzsV6mZNT8I+c6cuPbP5iOHpAzo5LNP8AFNtWN4JOBmYaPjmyv4h85zrtw1d9SelgPyke+r8ix/8AEy4ge0iSo/Ev6zDopNqEEbbD/wCEpmk2VjrYn6ymxkZvAwJ9pWagY6m2v7GIyJlRqK+URAPUCKpt6e4kv6wqsIpBBQZ8/eDVIedgkzx4vTrJcfQwKPs1XHgGJH7JT+QS/wBj0j6jnqIGZtLUAWC/OL7HX1UsPMYM0xL4Tt8vKBmOlA6O45z16Q+y/wD1H65+LzmoiIQMx0oHV3xnPXp7x/ZcHw2OPP4poiHHH6Qqj7O2Md9Z0x1gabPK5/rNMUIzLU5Ubb39IS8+Fs+R6whXbrRhqi1KmjWUsW7rPhYeizqdpOO9R/WrMXamlL6nS6irIfvFV8eYi7YH3tYX8hAnTiWenkX9kV932dX6vljNkq0i7dJSvogl2J0ZEU5er7X7jUmrCKqHxlueP9mGr7UpXTcanDlsBq1yG9ZPKK6kJztBrA+rahdT31ZGVLdR7ToyoIQkDbSvW1PkDkwJwzM41+lZyi25YdRjEzP2tW1vd0vVg8K7HgmNV0cwzK6rN6+Jkz7ESz5EEexgGYZjilBmGYQhBCEIBCEIBCEIBCEIBCEIBCEIBCEIBCEIBCEIDhCEAhCEAhCEAidxWjO2cKMnEcHQWIyN8LDBkHB1+pXXjvNLe9G0fjJAachX1Va2pvVtwxwJZ2hprEvsTTGpaqujMeWmKyrUOys1jVufMTj1WoO8t6NSm3OPDzzLCleM2lePi+Uitb2rtt1AUH4bQOp9IXLplTuwzmwdTnIaIB/vW26dxu6KCM8S22m7RbW1Wwo44x+EyrRWJpbO8fxAqds62tuTVaKgrVvVvEWxyMCaxHM31OxdW8uR1Mu0l9Suq0nBLA4fzmjs3RaHulv1DsmoQ42MvB+Yhqe5qdymmrVVPBA5bP8ArGD1aNvrVsY46ekc89+z9rNqn5YI3XI4zPQzpKlEIQlBCEIBCKEBwhCAQhHIMuv0iaqkk+G2sEo/mJzEvubsoXWsWtNSqD7n/Ynbs/wbP8h/lONYEprpRziurNj/ACXp/wDyzl26/mL2Onpq0VLYtdfG35V8zEmq0ulrCKMqvEz1sxL33+F7fEQfwr5CUjWaMsV3jI8xON9vRzHTr7Q0tvCsoMmzIfhnDvWlhvpKsP3YqtU6gAmRp2T84sZmeu7IznmWDUKvU8yKmQesfUYMa6nTficSxTQ/wP4vQwjmaW49ldoqG/8ATWnp6TvHwEjPScXtXT97pmH4hyp95t7PvOp7L01x+IqFP0nTmufUbK2y9v8A4/yloswGPoDMtJ/xST+Mfy/+ZIt92fLOB+srLzP7QVCrtm4jpaqv+ox/ScHU2bnwDxPRftPYC2lv/PSf4H/WeVdwXMRqrE6nEnz6SCHw8KT59JYA7dK2P0lIY3egkwG9ohXd/wBl/wBJYK9RnHcOPmsy1AA35h+kmFP5zFstHVcRjf6j9JFTFf7zfrK7VCsQsnh/zkSuwYblixx5yxOlRuNYIX4jLaL9/hb4plv+JTIrlWUr1E7R5uvreMfeCFQBtAOMe8rS5SGznJllY+8A9Zjt1/Nt+7HTZEWQfjUfWPYnokX3Y/JOTuO8THNizBqSGa3acr6zdur/ADJIJphrLLWZ9lKjG5fM+01yx04OOYj1nW1HZ1FDBFdnsPJDHpKRpaks22VMf/LidPKOPjXOhOv9ko8tOP8A3GMaOkjP2XP/AJx5HjXHjnWOl0//APzjH+aMaXT9e4H/ALo8jxrkZiB5E7K6dDnGmq+pi7hM/wCFWuI8l8VmkZ+dib2I9cTV/wAwWx3C/wDvmSsWZYJhceYgy2+d9n0M511lxrxqM421j6mDJqv/AKY+kxN32QF1FnPHxSwC5eGsb/3SLqOpSwWKbGBJXjAxMup4r98zUVYnmxsyG2zeEWw4xNRz6msGD6QKn8p/SdDu26F2+hgFfftD8Y85ryZ8GKlH3g7Gx8prUPvXwNj5Swbh55iDWc5fAB6YmbWuZi9tPSOiDPvAUVn4a0+glLA7Dg8+srrGcEv1mW9be4/cUfUSLVHac7B/5CZjkEDJMdqbkwpKn1EqDumbP3lIHu8htQfFcP8AxQmJUwy5Zj8zJnwp4RjmVkVbFbw2M3sUxLyPToZQWw456iTobvKfdeIVPoYl/L+kkRkbpH28/KAzD+cDjBOeB1i6NjIzjMoCIjz8496MFw6+P4eesh3lZxh154HMipg5EUh39OB94vJxF9opOPvFGTiBbIsP1lQ1dOOW88dIvttPA8XXHSBeIzM321MD7p/OL7bxxS2cQNB5hM7aqxidtGB84Qa+j+c5XbO83UhGXcV/SdWxxUMsrn/KJzO0XW1qXCMv+bznfp5Iy3ds36HT11pXXa6gA7jyflIWds6y5hsKIo+LHhIOOkwa8uO0bWNO8ABVIbGDiZq/tLIx2YZ+CG42icb1WsXpqDQzLaVf4i+/4mYyNWvqVkcbKiy7Sq8n5yo6d3UBrHL1nge3vMjhqrQmdqvwzAZ4Miupou1fs+oClWuRvw7dnPqJ6SjXpbW7lSiV8OWPwzxrpqGKVKFVcAAgZyM9Zo726ld2kv7yliTurx19CJvnrGbHf7S7X2adK9MGNlvG8Ywo9Z55tXYxTY26vkOR4Wz85Tez6hLL2QqxYqGazjJ9JB07m2qsozDHhHrM3rVkajdkLWqnvUGVfp59D7xMxs4bFLb9u5TkZ9xKk1ndLtNJa2w/Aw/hLGdPt76W2suW8KlPX3+UCdPcrX3NRDW5O4McEe062m7Vr0laKunCBjhyo4z8pzhT3Fdm/UaZDT1rzlmAler1CB1Zd1tLY4HHzEsuI79HbDWuf8HA/CxKmaqdf3uCdNagPG7ynm6nDr3wShUG4jTWHxcdJ1dM9q2UWDeaXUBufgPrOkqO0CCMjoYSKJsGPeSm2RCEIUQhCAQhCAQhCAQjilBCH1iLqDCJRSPeLGbFgShIGz8sXeGBZCV7z7Q7w+YgWQkO8HnJBlPnAcIRyKUcI8SBQdFdCHHh85XqL009DXN4gvkvOTOOdTqdW4V7gosU4qU7cY8jM9dYMGt06UWK71hqrSWRQcriU93QLBZz0xsBwPpLH7SZrLCgXIXaA65VVlDalLd+8hGGWDKPCfaee/Wl+qei3TLptNVZVXu3GxvJvSYxpO7C77ty+YCciWV3d2O8d15/d/jG1uqUby25PJl6R5UXaSjTVh6rwHWzncR8PynW7KNS6W2s93hWKpWPQzgPathCOucdD5mTqVHsBa1tOMYz+HM3z2jp2aUazVlw+6pE/D548pvv7I73stqFZVs6o3oPSc9Go0PaFZGpDIEyCeQPUHEs1X7TFCq6XTK9fTJPE6SxGPR/btFZdSgTeB8S/wC+Z6XSG5tMh1DbnI646zg3ftBfcP8Alq/swx54JJl2n/aJ+72agDvOgYL1idSLjvYhPOv2s4CP3hrsYeLPwmT7P7U22uLCcAZGfxGPOJjvQnP0/aLaq1a0XH5jDtHtCzRtWV2bT6+c15TNG611qqa187VGTMtHamnvsCr4QePF1zPPartS/V2Hv7CtH4QmAMzExt7wNUzXKx5UcETl/wAnv0r3WITjdndrIESpnVFAxizg5l//ABygKfubMjzPAM6eUR0jwMnAEgl9NjbUtViBk4PScHW9vF02V4q3cZHJInLq1JNeB9y/QE9CJm9q9jeX24VGZGHxLOZZX9o1XdnlEwX98dB+uf0mfs7tHVWairTm4NXyrDr5es06RttRdvisdm+meJz7613/ACintTRJdT4iwx5rPMavS30KPs9tjnJwVbHHyntCyuNpPM5mr7Kaxy1J2kzErrY88rX1UrbefEepxg/X1mykM7/xm+rsm5P8W1cegGczXRohvAUYEUkZDurSYXtO7rzO3raNq4nB1tN1JzUjWMxx8h6yRa0U6fvsbmx9ZsXQGvmuxv8A3Tztet1I1C0tTWSWxhlIP6zYmvspsxuZPWtzuB/yn+8thK7SWOc02jnyMs7BP/I3U/8AbuYfxzM9Fy6gI6n3lnZz9xd2gPbf/wDbHKdOhpz/AMtu/Oxb9c/3leotCV2sfhrRnP6HH9ZP/C09Y/KuP6TB2ixHZ7D/AL7qn/j1/kP4zTEZO2G29m6KzYjEKy4YZ8lMwVNa45FNePSvM19vAn9m6G9LwP8A7f8ASc/s5dujQ+pJ/jDUTve1NoV0O445QCRI8Oe8yfbpJX0JqHC23CpEGTxuY59B9Jfo9BW7hUFgoQ5y3VjGmLuzNAu/7U5cn8IY/wAcSOusGryiMVqDcEfiPrNOtu5+y1en3h9B6TBa4WyupR0IJ9hM2tzlRbTZVXuFzN7GUgP+b+E36hGsq2VjLk8CYCLUba/hb0IiF9JhW/OZXauG5JORJhX/AO5/CSFeTl2LY6TSM+0flBktq/lE1BB6SWwflEus+LIAo68CA+IcZE1isfkX9IxWM/Av6Sas5wzSmfgWHdoBwqSH2es/h/jDuKsgBV3HoJGl1VQsfYu31OMcCadRZXpqsgLgcIPeJKU0lPQKT4nac/VP33jbjDDasMqG3HUOzHJktQcMh+kbr4y0jaMqIFyniZNXrL9PZtrK7GGeRL0bMz9pIGpVx1UyxK2p46gfVZn01veVeI+JTtMu0pJ09eVx4R5zFpTt1dyeROYgetvuosU1vgMOmPOX6di9KMxySOTKtem/T580OY9Gc6VJU/q+tlW5t5bHsJM9TI1sq3HcdoxA9ZGjG0MCwLewk2sQrxTZn1xK1O1g3oZcdTSP+5/7DIqmLaGsXdJFgxJXIHuMSJlRN6xX0iRVdhu9JK1lZVKpaPdhgSKMVsrKgMdwGDIJWJ3bBfUZEdDlXKL+LnzzFaWY73GWJ5bAH9ZWTghvSBKxSrEMMfr/AFktO1r6Zk3LsTPrn+0LlC7WwBuzwMf0lVbYaxMNl14IA4gMDxZkvSEflAqf/EEj1VhLLF8IfP4sSn8/ylZN/wALehlVdTt95RZhlbxCWHmszKl50+r3/hPDD2lF4qu8Y71tr9feH2e0lM2tlPh56TYQOo+ExEYgY/shw3jO1uoz5wOk5yWPT16zX0PsYEQMg0aYGTz1Ef2VPP1zNOPKKBUNLXg8QGnToVl0Z9YVR3KD8Ml3S46SzEQ44gIIMYxGFEcUICohGIQr1N2quopsrr1DXBD96/CkegB9ZlGqS+lHBsGw4ZbByJg1ut11+mfvFUDhSicY/Tzj0Fdmor1FWoezc2AdwwV+U35a8uK9fb9o7RVRW9lZGQn9TMz3sFL2hQm5RjPxKJZ2r9xdbWngB2+LPJ9pRUtl+mZTtrbAZfMkD2mKqw3A2BNMwNmdqs3VfaO8X2ZZ6q+7HxbDkKfnKbdiMlyMGQ88RJqlfe1AbL4DKwypkVZVprqnVyAUztLb/wA3kw84qxp+5AttVW3Hw9ASOmJfTSqq1txDhgAaymc+kztRp67Wzc2G8QqYYYH6yorFiqC9oWx1wAqkxlXs7nxeKxsqd/T3EgiWrd9xVbQmMnnLCPSrtGxnXuH5FjDxfISqd9C0i59V34tKrsB8Qz7t+s6P2TQ3aA3W62608fBXg7sdPXrMdlNC72Y3uS2RUwbPT4iekpNw+0KlzWHYCG45U+0BiiqjRVanUNatlr4C5B8PmT5zUM28d8GRFC1KBkZ85l1pF60rQhHdqQSy7SxPnEmv1OErayv7vgWbMMP3cyo06c1gI637baxjcBnn39p3uxrGq013eqrBmGVTpg+YE873tKaQstTVMV8DfhPX1nS7Me/UivudU+5MKwI4EvKV6wfCMcjEcz6O1rKgH25HGVmid2CjhCAoQhAI4oi6jzgShIG1feQNhPTiBazBRzKi5PtIkxboEopHcYZMolCRhCJZhukYQHmGYoQHCEIEgxlNnaVFVvdtbmz8o5My6vtSigPXW2+5fLHH6zjvdZc5/wANLD1ZeuZx7/TPjUjs6jtexiU0yqG2+IucETDrdZqW7tbtSr8ZNY4zOfaSrAcO4+IgYlbW2AZtqRv7Tj5WtY133vfYyI11aJnNedoHv7yfaL02GgaTUgeEsWz4gR1/XP8ACYNldyb7WJC8phukss1e/aDUi+R464848kO1lZUW+9gQuFCjy88mUV7CxHUHyaSVqlOe8QjPw+ckWe3aqP8Ad5x4Vzj5zKm/dhRvTIHHh6SvatjeElQvPiPDCVWVuu4Dft88HyjFFexi7kgfCMc5hU0ZlG4NuVRnj1l2O9Jc2Kpb/wC6VVO9Lb0AYbSpXzEzFjjxbg3rjkyo2VMK7EGoRinnjy95N9Kl7stRZlTnw9SPYGZa7XSwBstjxDcM5mlzZTtv2lR12hc5BgIqF2FaXx7jDSPeWIrFVbb8PPWXI3eV53uEb4W3dPaRu0u9M02s77ue86N9ZNBW6WfFtYg5XdJPepZQ7txzt24WZ00+o3Pv2Dbgdcj9ZYyWADv3UoDwVbr7TQ1afcLFdwaWxlctxH2tr7NVT9nbxbeRgcZ9cwBqvVfEoCD/AGJnuC87a1UjnjmavxGN7gucUhiFwxcZAMlp7xp+8JqXnnmOztE6gbLnUdQdq9ZQi02/iwUP6zEGxNalboxCj8OfSWO6OSVsyW6q3l8pkGlDPutLZz0l9q2n7tjUo8gV8WPnKDYTZtqLKx8iQcwr2szs7bUX8CjO4yru7VdVBZlbhSs06auyoFm2hSfhY8/OaGnsrKahXYBfiIXHTwmdJDsRF/KoH8Jx9JebNYgBXncp9fhM6F1mGOJz6en8vjati/WS7/A9ZzDeQDElr2thesy7uiljai0rWpO0eJvITbpq/wAR855rW6/V6EirTKWHVtvBMuo7ZZEG7PTz4hnXa1WGPOMTFqNImoqKHr5GLQ9rabWh0s2hunhOYae5gzI3JViAYXHKfQautsAqw/e4l+n7Pew/f01/znbDBhDvNvTpLqeLLRoKtOv3SbczOF26+4f9ylR/9xE6DWzEh39qN+VKwzH6mOU6+NN5LWrWvl/OYO03Q36TTL+F2b9Fx/Wa1bCtaepPH+/YTiJd9o7WZ8eFFKibZjR2wm79l2I/Dan8/wDWc3RjGjp/y5nU1/i/Zm9fIFW/+4TnacE1UogyxAAEVYt01Rtschfx4LegxN9lv2OkCtQLH4rX095GlE0eldySVB3f5jModmL6m/gt0H5V9Jm+lk1Cx+4q67rW9fM+szn41J5PXMm7G1A7dd/T0GIm4IkbXsRwc4xzGdtq93qeRkhbMcr/ALx/GLgjn4fOSUZ25by5/r/SRmsFtF2nuNbv8iB1gEc9bWm7Up3vZzZJD0cgj09Jz0Vj/wBRpqXRcK3/AO48O6P53/WRCH87/rH3Rx8b/wDulDFAPnZ/7oxpU8931Yxdx++//uh9n/ff/wB0KPstZ6ia9Fo0qYXKg7wjCe3vKdPoxbZhmbYPi8RmjV6haUyjnkbQqwzVPaFneI9aNkIMlvUzJaPCglmz7tlJ6jJkLetcgeMrIPLBwplZ5WBXSfvLR+9LLF3VMvkRKK32610P4hNJ6SoKPDQg/dEwA7O1D+8ZvHwiYLhjtJPfBliVquG6lx+7K9Cf+WHzMu6jEo0fFLD0YiUaq+dRXmNxtciFVTX3IipvPp7TTqtE9NPeLTsVesyrKJpDV7BudQT6mZhNWkp79mTCZxnJEVYr1CjbXajAh8jj2lHnN2vqNWnrQ7OHJ8PlMMRK0ph+zxz4scfSZgceIdRzNmiJsrZFUEI2MmZXTZYyHyOJBc3iUrzyM8AzOehE0Vj7tD1z6f8AxK7FxYTzzzzKJna+gV23Fs7V5P1mdG2X1t65U/WW0lyrptZ1UHAGOMzPbxXn8pzILzAxZ8OY+ohVdhO0AHw5zIDqZOz4RIA+IDzmmFacpMeo/wASbQRubHTMyakYeWJWvs67encN1X4Zrx+onFR2R1deqnInZRxbUtq+Y5lIRAI56GCcgqfiWMxeh9JFBiPr+skZH2gKEMHp6RfzhTgZW11S4y6jPSQ+2U8fEc9cDpAvhMo1LtjbSffMO81Ljoi8YhGqEymu5viuI8/DCB0K2SlV7mlrXcBsg5LH0nS7Outax01BCvnIX0HpOE3aeoHgUJWHJyVXaR8p1ewmrs1GqNfK4XHriX44Safamh7/AFT2q29HTGAvInJaq2ptljqjnB3OccCdW2xamtW2w+ABuczPcftVFbO1bEjkk4ZBIX0oFlenCd9SCyru+Pdz7jyljatqiivWqP3eRYg8JJ9YU1aTamGNr27lBfkytxt0gsUslTEBlXxEHpxmBfVfcHQNsa18tjyxjyg91eqYFkSx0+LvB+sj3NNbti2xWUhd2ckZ9pDbb/h2qr7W8NvQhYRe1ndV1FNObAu7c2M7B6CL7VorLjY1a5UZ3r1YY6SzT1NpSUqcLWV+7wwPzOIVnuriKdtbk5fco5MgpOrS6xlXd9mIO5WHIGPOVWU52WVJtHGQTkY/3mRsNJuTW236h0J8ewANmQzf2haUNTsbSNvGDjOef4zSru8uZmVru7XyXbu/hLlu0FWjFNu+22zwk93/AIY/N85znYrqjXYncbBt4XxRPY99jOrEefT0lR0zatuqFg7xtIgAVrwTvYdPlOh2VUba7Ae7V63V6lVs7TgfwnIGt72nY6oTtAA8gR5zZXeKTVZp2C4/Jzul5uVK9Xk5JHh3ckD1kZn0erXVIPh3452nM0zuwjHub8xihKDr1MIQgEIswzAcWYoQghCEBwgRDEBQjxCAQh5Q4xnygEJA2ovVhDv6t2N6/OPQmcKMnpMS6r7cHqVHqRfisz5SWp1dL1NXvxnjIGZx7ET7Tb3T290vGzdzZOPfeLIeqv0ferVTUyHyA5LCYNRdWUAWtlPIKnqOmJZZXdUpRygLN8IPiXI8zKzQ4Ut3qnPUnqZwdGVbrksCBTuPmZpN17rsFW7pyPP1lNtiVLs5Z/nmMPa69CqKPhB+KUSstCf4vBHKqBGyBVZlQMrDks0q2I6lcFWwAAWyP1khQigBywYDHPpIiRt04K1/Z1/f4g1tZYd0Wr528D24zIqhZAFVtv4flJJaqbgfG687cwKSbG5DszegOCZGw3PZv8QszkeHpNK3082VOqtnBLDpF3qPdsJs7z82eDKqvT6hk7xrt3iXb085Cy1ymLVKvj4x+KXkKMK7EYOfUyB57xTuZCOQRxACytYvowxkeUvTVClHTUF3q2hNuOR7zLUbFbZ3JIHBI4Jl6ue776oZZfiVjziBXZfWl7BT4Q3XPxS9LQjBBYMA7tqgr+spcb1KMinzUqeYNqxcvd2IVwo581b/AFjEbje6MzPYmwcAMOZNCL03VhTtONsoFZdXdTgIQPF4t0pW9hqNiK1YY/CvST4NiUm9Q+QVX8P9JmfW1Vg1kMo/KOpnR0Lk2Mj+Arw3ufWZu1tApTvqSP3t3XMuoqP/ADVrVitAijkekxtpimoGThc/pLu9+6Sru9rLyWBxLK6lT4Hcl/wlsyaqddz15YsxJOBxHeBYyN8J6ZIOZKsXPb99moDp58Q1aONljW985fAJHlEQIt24qhZAv5pOzU092NtgOeOnSaK9XZWoxWAccAmGvqq1SJ367LeOQuGl8hz9OFXX0GgFka1efrOnacsZjqrpo1NJq3bEdV8R88jmbdcvdauxfIncJnp6PyZLB4us16J0OQgmV/EpA85kXRX1ZddQyhuqnpJjs7t1Cv8AFtz5ZM5lnZYZyTkjzExs9tAzdp2I8rFyw/WW0drWEgC/cB0U+ULi7T9lNXfvqCJ6kZnRvUVPuXoZRV2lVauMlH81ld2rFnhzIfG1NRwOZZ3+es5CWnkZmhbeJF1tNnPEjpkJS2wfFe3X90cfyGZnyz4RTgtxn+s2gqgStRyw4A8lmuXPqs3aV/caR3Xj8FfuT5/1nK7MUd7YR0VMRdr6sarU93V4q6fCuPxN5/2mnSVdwly+aJhvn1miL+0Tt/Z3UEZ/w0//ACEr7M0xWlHsXD7Buz+ETaq7uzbBgMRs4PzEy6mzkaZG97W/pFTn2quc6y5fKlOg9T6zLbb3tpVfgXj5mWajUGhR3Rxs5YjyEpHxmZdPno9wFLpsGWYHd/SI9Bj0huTaQwJYnw/1kj0EESB+HABOeh851a9Xq7GAWvTqT7TkEkKJKvtUmxUp0qBugO6ZxK36zWazT072ekMzbQgTrOHaz33NY7nLfl4EndqLtU1l1xwQNiKOiyhVb87TXMwWion8b/rJikebN/7pSEb/ALj/AKyfdn/uOfrNC3uF8mf/AN0kmn3sEQtuP7xlPderv/7p0Oz9GEUuxbc/XJ6D0hNaK1p0umO3xKnqfiM5FrG/e7EcciadTel9vc1j7pQfr7zMlQdFU+UCzaHXxdJXb8NZ95IeNMH5SFv+GufIiQWL+KVnzlpUpYymQj+jBb4dfWfXE3TFrONXUfl/ObektSEOky2qG1aHzxNRk1pRtDdeQN6Wqo48pYVSJTpmxZYmeM7sS0TJp2xrj75EqN63Wadu9qOHHSWvrtVamxrlKvkHjylDfCYu6ccCzGAPITOKmJVqWZKso7Kc9QZZ0Eq1PNMqKtI5Np3MzEjzM1zHpF+++k2SDTotamlSxHpaws27IOPKV6m5L7t6VmsYAwTmZblzjlh8jCldueWPzjFbKtRp00/dXU2OQxPhkHvptYLTphVtGd2eTM1i5JHrChNrt8owWi16bCUAO7rmRblT7iQuxuGZNfhAgSr5qX5Rr0iq4rEY85FDKCjZbGOR7yoY3j1k7CQjSH4gfOaYQPxnEo1fxCaHGLDKdSvw5liVlM1aDUClmRzis8/KUYk6Ngsw/wALcE+kqR0HtqVirWLnG6U/bKgqsMtnggDpJfZalbwoJJUVeiiRpSdVZ4wlJx+AmHeap24CqNuMdcS/p8jHCMnd3sVD2nKjgiA0o43MzY95qZcjjqOkQwy5EKpSiteiy1a1HkI44VHbASRHpI+cIYhCECX2erYubrMNgH69PLM6H7P1vVdqA9bonAXcOs5/2VFDVs1qjAYttPOJ0+yTfvRbtQbENe5QT79Zc1xlxj7aUqTZ4VP4dwwzHP8AKZLbVf8AApW0FuD4lPnOp28f+apQ1iwMvpkjnqJyVp7wbKq3osfgb0+L6yFuod6G1BdCUREwuflJtq1a1O7c4ZQzIem71lQ02pQjvEAHw4fj6yzG2sVqK7FdgCU55+cIm+qe/Nyk7xhXwPSW06lLQbNu1W8GC3HzkdLpu/cpuWtMeN2OBiV3nTI1lKMtlZHDquJcF9rVpaKl+FQygg+p6yKapXs3aivJzt3hsTPXYFJdEZl24XjoZoN9iuNoXa2DtxINmm7n7W1dtZsrt6Mgz/szbqUp04SnRORbv3NuX4F/30nNFrVqTsZsN1Hl7S0WU7xcLbRdZ5MfE2JZ1jOC1NF9oOopS67UblxWRncPxNOQ4Ol1ndtSwK43K3BHnOwpJdq67xUti9AMMp9pztVpCljN33e+bMzeIiXdVUpvZ63KqOOuRgDPnLVpdaw7N4BZ/hr1+coNQYhK6yrKN25STv8A7Tqi5aqzRSqXM9W0tYvO4wlaOz9d9luc1Iqo/AXHP6Tp6cW2aovrWbBGVrP9pg0/ZSC2nUaiwK4PK+Szfs0yap7rNSxZsYVfKdeWK6XTgdITONZQx+M/pIpqd9Vjqh8HQHznRGnMOTMi6wdCuW254PUzDdqWts73xLjoM9JNHYOFGWIA94g6nGGHPScV7WI8RZvPkyO9/wCHrJ5Ds2XV1ruLA8ZHPWUf8RrxwjZ+c5w+HmHhHG2TyXG5u0fCNqgNKn19r17dvX8WcTN8oHnr1k8jFlWp1FXwv9G5hqLHuwz3ZP5V4lWMMQY0O3jyk0S73BGO8U+ocy6rWXISWJb03TOHB8MZ940xJ77rd252Ct+HMS229C7YHGMwA4gcAbpL0uBmcklm8IlFmtr06oj58XK45EpfUHUEVd6qL+I7TmSSmkjFANhH4t3E43tcWfau8rZ+7HdkYYHjHylBQUONne24G8uPL5y06tFyO6Y7uFHqf9/ylOq7SZ1WqklKV8L8fF5ETG60wHO4sSzWHnp1ki1lueDkqBj0wYPbW1zAMwXdlF6cTW1mnbT2YK+Bwpb04PP64moOcGBJwjY8zJIUfi3dtzwd2BIWN36htw3qcH0+cYtW5ucso9BjiaEhc9a4BTuwcruHWWD7ReofvFBQ+XAaQsNdlCipiu48rt54kNhrtVq1yfc/xkFprKZ3khPPnPEdi0BEdjuXhTs4wDMhrbvAG3kDjwnORL/spTTuyOwrGGYHqIwXmgW/Ciso/EZTftowLHZfPheomYWvRcNtrOF5x0E011WailNwySMDLdfpGCT2lgzIimsnw7uCJdUpatG3bN3CIxzn2lA+4fewVmHhC2dBJWFLmY1FAVOCrHGfkYEuLHNN2VJ/+4euZIpUUasV+NDuXJzuWZ9TRvVRWhPADDPSaKaaSqVDW1V25z4Vzhfc+slFFzuXqspfBzgnHAkbtgPeOAyt12zpvUoasV2W2VPw67en73ExDSLW9v3/AN2BhQ/UN6Sy6K6XGmdxk7H67uo9MS9L6tTSU2Ktw5BU4MnpRYXNa7m2jJLAcD2Mi+HCNVhWZ+WIGcDyko2aS1Rsd3GceLjqI9Q/eWM7KLGTpx0Er01zMrP8Sj2HHtKrtT3r92GdKj129T85llYWFwO0bW6+I9JUnfVcqMp+ZcRkaSy3Yu4keZiqTY20lfYgyquqre1jbvygzkh8c+nvFdZ3ViVr96SPEeesa1Km0od1nVD6TPu1C6go523efMgspfGo3Mf/AB6zUmqqv1SvfY3g9uPlKH033Tb1rRz4i55lXdbEYbAx28t6n1Eo6vZWg+0al9RqRiiptzD87eQ/rNHadXepuX/ETn5ibtJR9h7K7o82qm9/8xEz6/g94nVOfmJrHbn04tZywl7nKSFyKrixPgf+cFsXzmXaVjay2pvu3ZR6QNgtGLqarPdl5/WanWt5EadOoMNaztolsXwotf8AkyJVXQ1Nu0uxH7xzOjwgwJms5fMjNSGJahAlG4AcmaKKu8w7jweSn8X+kYutWmX/AKjeYwo9v9ZHtTUNp9O1dTY1FvBb8ol6bsjZ8f8A+P8ArOTfv1L2NVyHbuaf3j+JpqMK+xdOrF9S/FNJOPczVo2a3Q6q89bLGx/CWaytdLoq9DT0x4j6ywVdzoK6hx4x/MQq+xnq7LvdPiyoH6ic0ldNSOdzufPqx9Z07yE7HsZjxvXP6zhO7W2d4/B6AegkrXIuXOnt9SpkvPMmAGr56GRIyCZBW3xfWWnpIngMduZJ+vAJ84ID0mHTnZrEYk4DzYOh6iTGq2qF2aQY82s5/lBWa6vu67VB/wCrKAn7zTZrTv04ZdoUlWBWYRn8xliLRWf+40mK/wD6jyqvxuVW4A+ss7sDG7VHH7qGU1q0el32B9zsqngE8EzVr7ti9yp8bjxY8hIp2jRVXsqrfgYGSJgZnfVlnJ8SZhCWvxsoJX3Eaoc7AxHOMwOd7+KC8Dh8t6yNJBNhdCxz6+chaMLjPQiSXduO5yzepkLPgOTCJ7s2sZEnmQqwM4MkZf6MepG/UU/OayeZVtzcreSgyY6wh5zF3m37rxYfn24kKzkv7NGf8VPkZRKYEK/bxsGBu9ZvmOuhhqQ5I+LMrNbTDDkFg4/SEXeOFAVVkaTGcc9ZVeM14lwlV/wiEUacfej5TXM1A+95mmRRYEO5UYsPJiMSqoMGO5syxnC14O7O7j0kKzlz6ShW58uOJOgEKSTnMhcTkSdGe6GYIhqM7hg4kqx4RzmQ1HUSdX+GMyEWJ8P1iz4pISJ+OFqNnKMJAjJU5PEm/Q/KVnOExKwHGLCfWU6geES9x4wfLErv+D6yozeUCJIriKUbdJZ3tO1viXiWn1mDT2d3cD5HgzomRUCMjH6SbU3JVXZZUyK43ISR4hIbd5FecbjtyfLM637SGl+1K/s5rZatOqZrOZf4muVIHwtnyb+ckeIuo5kUGAhFj0gS6SJg1iKoLOoycTOdYnG1HbnniBeciEym3UsB4VXB/WEI6Z1ANdXfZaslkfB+HnMv7ICVap0rDNx4WLeED0nO7srWXRcYfxCdLs2wNrmA2EbTgquDjPQy8uNX9rOy6+gsyJ4TgFvi5nNr1Vzh6bs2vkt4xnGPITp9tV1PdQbQSMcADzyDOffp63e22mzyOFHn6yUU6vZdX3qDJHhZlPwn0PtIom3cwvVWwG5xhfeQsqdaUruOPPYnU/OIALWlzVDByh3Hp9IDbTDrUtbHG5lZsys0vXcLrApX0T+WJMqtV1RsPeOwDFvwr+kt3ITar2rWuBs3DiUQS256WB27z4sbfL0iL5feDkccHyj76oan7lUZieqnjHoJVaorsXc/FmfDjlZBeG/5pXdwzNnbt6GSV9zsj8MTw3nMm7va8cg1eQ8/rNOkfS21uWZldTnxndx6yDS/CpuqdmBP3ir0PvMt9T+JnYM+zdjoxHXkTpWNpatMKr7GYOMqU4wR54mEppnSnuBvs5U7mwT7xEZKbWNewllrXk7TjM16e9Fzldifh485Bxp+d4Wtlbb4ckn3kHosrZN7b0J+gmldiu92Y94drepPxTShsYPlatg/KeZx0zuatrDu3Z8Iz4fabBZUg2FMg/hdcx5VjxXs69K33fmI8pQdSqHjvCw4xjrLHvFSIb22Hj4hjI9o7UayrfXb3e7kcczXkmHztyygfWFrrUwDOuMcbfOBUqmGbvM/ilNiI1fiJDDoRLauLQ6MuQecdCY1zjzmZNPuOLX3g+QEa6d6VwLmc+8mo0GxUXJ59pXW+/c23A9zMRta1u7ZQtnq3STre6tAW59MSaroBx4Rg5xGWGOJmRn2brHHPRR6S74dpO0qeOs1qJu4IyMZkC+R0kWwmTtYAclvKJQ7+JBuHWUSBLZC9ZLxfD5yDM9Zw67TJ1KSdwBtH4gsloY6nHWZdRZbRcMbmRhk+gk776K7ioDK3+bpKtTexr8AyBx4hxOd61qRC/Xurhk6HrmW6S0PUCG25O5+PSc938OFUM7dZssRNLWngDkpusM51W37ipke8lmtfzPhWc9b6atO/AazeFI9M8yF1yd0VALbkxgeWRmZwtaoLOVLDz9vKJAtUiW6gj7zYSe72jykbdGRUgYMtY8yOsmt33wwrbB6Sdt19i+PO4E7dvG3Pl/CbGVK60Y87q8Z4jax0Ld3txkdf5RoHIPdYJ6nmTatV3McMT5KOCZQ67a0AsYbmPAXyEr1BD27al3FD8Q/ECJqrqrDlSVyB4gB09BM9BRny77QxwK14gTx3i1KCtYBKuOkVyvSBVWS1e3aRjGfrOiW0S6azbhe7dRu6855mV301pupAFW4eAZkGC2pyS75zNGlbujkN94V2hvyiRFe6zaKdtinaW8vmJKmtLLCm7afKUPUWG/vLK69yP8AGrDofWLSV0B03p3rk7VXHA95YEsqARLMEk/+Ux1G1SWXOVyDg9IGx9lpc4G5Gx8x5GOp9MLFF9LbUI3Ej4jMdht3BkOM+ksDPZW3AwSMSYOvTrVdanTYtps7ogHp6SjX1NbdtVe773htvTd6GZ7N9RspqZEdSDnaOT16x6u86hia7HQhdzeWTMyZUZxvVLK0d/gDcTVVranqrSzciBTk46t6yrSmi6tkO/Yo8WDz84WaZa2BVyQw8xiWq2acoKy62EIx6jnHzEVumDZ+MWA+P8Kge3rK6hnLOwwRgKPxSdlVyCpy/wB2fzfhmUTRESo+NlPkygbpmud0JFatafzbeZa1mAUrfg+vlKqhYzeBcjzZhLFjQaXNFVieCw+fTMnZXbeqG3u+/ThQrfF/rKGqe/h03IowMqRiOvutKyhAcKcjMVqrEX7lfC25RtPPlLtHvt12n05Xh3APHkOf6RabTantKwV6JGODyW+FfrPR6Lsins6tbHfvtR8PeEcL8pZE5hhj9oO88kY+cw662+ogIofb1X19J0b0rsyQysy+h6TBqSbU8GO+Top43D0mnVymdCrFFJT8dR6rMrZRWferVjkN7e806nu9QRhmo1CeR4ImK2w18alMZ6soyrfMSNQBj1BzLVuI6zOGVuUZCPY4gffI+Tj+0mLrSb8ecrDNa2EXcZV3lS8ts/8AJpdU9t+BRWzj1+FRGGr6qlVtznew5x+Ff7zVWWsw3IQ9D5ufRf7zMFStlR8am8/DUnCL/mnV09RqVr9Q4azHibGAo9B7QiF9TildNV4br+Mj8C+chp6a67O9UYpoXu6h/MzUylV9L7x9UT/f84im7CIMIkqsRrL2735LSd3isRQMgcxhwX4+UiT4yT16SKnr1/8A2Zx++n85xjjyna7RP/7U3H40nFkq8rSw2Db5LKaMnT+Lk7eSDJr6SvThlRgenIEi1I81k+001q1NXfPwzDCrKtJSzjLrhEOSTDVWm0l8+yD0EIq3bi2WyfOc68Dvm+c11eFSId3k53KJqJanp/vuzWTzTI/qJjB4m+hnU4G0qTlj6RADccFCPUSCv7JSw6NnGcgyJ0FB+Lf9Wmv+0i/wY9xGtYhVo9NU29K/EPeV2H/mPpNeODKLUAUOKCMtg2Fs59gIhfSoc2MPaC4B+csONqfd4I3Zf83tJ317UrxgJjAGYRB1tG1rdP3Weh/NFYCrYdNuRnaTniW3vqbKKu+K92o8BHWQvbcylsbtsIptOHbbjr5RA5kSDuYGMHBlEVOSYFtoJHWVo2F5kb7QiZHMqaelDgPvGNxzLT8Y+Ur09rWgkrgSw5LcekBnoYl0yLh9o3dc5geJa1S1Uo7Py3lCIGSFTBfLHzirqbUsUU7eOW9Jf9gbZjvU49oVAAnAAyZXdW5fZt8Q6iSDAjgwroa1yyttC/xgVLUyHLDEtWK2lqdpZgd0CpFW/cBk4C+cgqO6w+FTtB/WTrVl+IYk6aLWQMuMHnrHYj1/EQfrKqq0c8S1fhkAHa77vqBzGTgDMgp1HxCWVf4axYdrj3YJwOcSQ3BiGyDKianmMiVofvGEsMy0g4kK8BRkBuPOTJ8REggz4R1mmKZbKDHrKbvgMuFR2jI6ShyxJG3iEQf4RmVzWVDVY9RMrAqcTSIkTdprN9XPUcTCZZprRXZ4jhSOZFbmGRJaNEU3oqgA1Z/Qj+8ofUpt3VeM56SeguNmstXbhWpbEqVKUnU1LjLdTjjylCUvbs3u2V4GfSXJUi/hEioHVWEeCrz5z6SG3UOfE+Oc8TVhFYF94TPi7sAtj2zOhqOzav8AhNfaGjr1Hdljv751zj1wJU1xk067iW5MvRAvAAgRiSHOPWRRj9IR/wAoQK7DqRqrGC7Xbqg54m7sipqtZUGK52tlQczlO72ObSMeXHUTr9lK9OtUHxBx1z0ljjWvt+77L9mt27h4h/Cc7S0t9m7ytk2WfCvn850v2hZ1o0xTZncR4+nSecLrVawRt3o2Onyii69iLRRqdv3edtiA8j0l793dbXZaLFJbarN8TcTH31rUoBtIrOd23nMFey4kWPuzyMnofaQarRSWevBUr4lJ85De23KIWcnnHOBK/GlrC63njr1k/tHe3WAIAPbiBCqvRkkPY1T+RPlIulaWhO9LEdWxGaWevC5IHQYki2Xr31sqN4cnjmUQrrRdzO67WOM7pLT0Ou6xLF2L+LqPrHbXiuzABIYqRt6rNNAWrHc7q1cYesncufKQQ1i2GtbWWraMK3djxCQwrPhGsTPDBl6TSoQXJYylXbK5GTzKdQ7VOu1gKrnDOwB6j3kFAosUOfh2dPead1jadjsU0p8RzkgwS2ra6jLWfhJPWOzWJpwuxFy3VR6yiuvuRXmxC1mfCS3GJdTlm76y7uCvRGrPIkaNP3m6/wAPc8+Dg4+cuRFcgfaC6rjyIxJ9RYmnTHeNusB5G7ylnj79XLeH0mqjQ6vUKBVS+38z+ETTV+z9/eb7tTWn7qjdNJmuZ3uDjZt8hJK+BjIOfKehp7E0owXFln+ZsD9BN9On02nXFNFa++2VfF5FtFr7zjTU2sh/EEx/OQs7I7TqGWqtx7LzPaF2PmYw7DzML4vFIO4r2vp37zPUqRGXRVGckz2u7PWVvp67Pjqqb5qJDxeEBS6ws13hXn4ZeuqoVfj3E9MT1lnZegf49HX814nL1P7OVBzbo25692/9DCeLnEvlcD4+p9pIEMhQDaQfiAlN9V66gi1DTb0wekk7XqqpWdijOeeTM2otrDeNLMYHQkSFt407/dNnP5ZUL3yVfcx/MxmNl36pmLN934gR8MfRZcbGPe31eJD/AO6Z7LLLGztepOhLcAyk6lWIexiX3c56Ts26h7VVWqWxW/6Z5BHrM24rlpXS4Xa1h5x4fWX2UXoA4qt4/NNve06fxMlNWfLbjBjTUN3LWu6M5+EhukzqIPUuxWFYDng7m/pM1j2hWQbMEeSdJLvtw32rvfaSA0r+1balRkwQN31zLBmy6sEcjfwcHj6/KdKi7TvU4bCqLVTvPf1/lOVahvbe3hKEhSvpLqGpTTmlxvXPO4cGaqoa60tqGrvrVbE+Ip0f3mdSzbs52LyNvlJlq+54bb4ztGOcSk2YZtvUHr6zYPvFqJJzW55aQYK1XeBxnONvnFjk7T4T1WTFe9QqVgN1z6woU7qyijC7eR/WdDsqpb6z3qbdh8LY5PtMFSgaWx9zb+ihTOhpu0Ldm66wKoAVVxjEzSsqNbXqdlSF8OW2jrLtJprH1iNbS+3G5sRae3u+1Ay7TlvpNvaGstdhSEVA34w+0SW/xKz6yzutVWu1lrqJ68zNq7A9+WrVdw8vMe8srstayzu2V2xl2bndiZr9NbRZuvqzv5HM1BMoxrJRRx5TMA6eI5BU8ZmjT1Fq3xjHXax/nLeHqbevwdSpwZRcat9YvT70OubK8/EfaLQ6RrKSbsV1M+1UbqT849DQ72Fq7mwOik7cfWTHfWlltJDVFthHrMh1qmjuLVou0Nh0J5AiSrve8SpgakYj6dYOq2vuvq3s2PEpxziXIzBvuttLrk467pBNaldVqQYbqv6QFtCbzZYpAG0rEN748Pdv1LZ85JFdVO5Kgr9fOZRm7zxM5CitevGcx94gbcHGWPh4JEsNFYX7plUdSoErNDrZuN6kN+JV6TSk+odX6lT6jzm3sbS2dqazDO66evmwjj6TCld19tdNQDl+FOP6z2vZ2jTQaNNOnib4nb8zSyLI1VIlNYqpRa6x+FZm1LvZcER12p1U8cy532rwUz5Bjic+37RY3elqsnoUzyJp0kV3pbpGN6pkf9RR5iQY6bWJ3lVq/wBpemo1KDD17k9zOVrNPor7ydPa2l1Hy8LTLSd67V8bJaP3uZkbuSMGsAenMhamq0//AKik2J/3K/EP4SG+lxkMMexgV2aPSsc7CvyaQ+w6TzTPzMsbuc/4o/WICn8/6QqdVGnqOatNXn82JaTbadgcf+PSKrTNaBsqsK/mM21pTpFDXOoC9EWET0mmr0tZsfAGMszSektGuJ1lng0NPNYbjeR+I+3pOe4v7a1i6c/d6VPE6jz+c7Ot0+/T1UrhaQ6rtHp1/pKI1FrGNrj723Bx+VfIS9U2dBNIUddoHv6w2gyKwWUV5JAxMjbEUbqzluQxHE6t9eK2+WBLaErKhHqRh04HELrhau0W9nXIMblsU/ScnOGAPnPUdvK/2ELVS3dIdzsq9PSeWYhk3DGVYTNXmrNvwHHDcSRqdkrKL8XmJXc4WsHPRv5y+hjptOG/6jdBBotdtq6WseFfi9zMri4WN933jD8K8ya6iyuxtlaN+84zz5zSvaV58lHyGIGNNLcxG1WyeTlek1UaJu7wyc56mWDtC4/hT65khrLmPIX9JNWRJNGArAovi9YfY0DfCmPICRGsb8SIYxrVz/hfxkaZtQmy4qOMSmzhDLtQ/eXb8Yz5SlvhOZRYDxmWOuezLGzyrZlVfwSYtI0t1eAQwMhWdv8ACH+f+k0ajadDpzlQfT1mbd/y7cZ5Uyx2VtLWuzlGJ3TSfwrbR9jpQjxBjM5S2242KpIC7c/ykrH/AMNMeZm7R3Ud2Kt7h/PC8frLGK59wKFd2AQvi56Suw7Vz9J1nK2g7QpBPxFPimZ2WnUKH/Lyp/nLjNrn9lMia8mzGzB68y7tvuXWptOmME7tqy9Hpazwd3+gmip0ZiHrqVfXGMS4zvp5xXdOBvH0h3j/AJmnpS1O8hUDfyiLpvG2lGWVHEoZmXGGY/KdhEpepFsXcVXzlve0qAuxd+3OCD6wZqH5CAfUzONzrAi6dBhFVR7Swd0R6yr7lVyCn6y0d2VJByB15xJ4teUQOm03/aVfmZJUqQYQ/wDtEsqqpfOVbjzDRsmnVsLvP/nGHlGeyum7G9ScdOZD7JQeCMD2M0L3T2bApX5tJWV1V8gFh6hhGHlFfdIBjPA8pVbpqrQNz7cektK1H8Vw/SHdVt0ssX5rGL5RVRTTQzMpZmPrK20lJJPeMMnPM0ijdwtrMfTAEPsqn/qEfMZhNjPTVTpi22x2LdeJXZp67LGfvXXPljM1vRscIe9YH8Spx/OI0qQdjsxHUbcH+Jg2ML6daTvFhcnjGMYiJmixKXqIF5NgP+GVwRKGqUKefF0hdVv1mxFNiLtTOR1mXUV/ZlDOMCXaTV6h6lr8FQRevnKzrSNI55OBKW+yKzL4rnHJVf7yLuS+WYscY68Suuwgt4BtBxKzaHQNUzJSqBfrOVa+XH852M2HcioX4xhfOc9uy+0HXjSPx7j+8rLJ1k6XCOCwyvQzT/wjtEj/ANI31YRHsjtEf/2v/wB6/wB5Fi3uKxyoBHWXaNcaysKOGDD/AO0w0uh1wr2Pp+nQ7xOho6BplP2jst77t2VsS4DaMdIWuQfuyQ2AyHaeZM9Midp7acNs/Z6pbj0te0N/WcsaHVoMNSoX/OspKp8uOs6+mtpo0Xc98l1eP8J7QF56zmNo9Woyado9S6/3mFkbvLEYA49OYY6uNVjJ3rKuzHXCHIHtIZ2tj9Jl07YYD6TV1huVP+RhIFggy5AHvCRdUV1Pap2oWA64m3sqxz2pUjdMHH6TByLALVsqR+pnU7KbbqqB3dYBbG5fPjrLHGt/7ULu7PoJ6Cz+hnlyAQDPVftLhuykP5bBPNEu5VHLEKOmJaCrco4PX+MiwGRgHd5YirbZZ4uktyTXgDD+UiokOzk25yTiWVU3d5vFIfj1kkTvHQMd/hDNgfCfSaGrRl7tlZztyMDJMgKAGZT3vd2jg46rLVOmbd3qb1rXa9h8vcSL1szKWWrSlRjLAlvqBFZqLu57tWasYwPABukRjBetqytxbb0PrGjErZ3tjkk5CA/E0mMhGXeNynkseRKQ221QU5U4PnKro1XFUsrZmXgYYDofOVapWWvvF8QJyxTlW+foZboaq8EF9ynPOeRKrKVpZkqubeG5RuOPWRFdabq1JRN55AY8MPSJKBT97YqANyA6ncokqqrA3eEIwOduOrH2E6uj7D1OuCvry1NX/bB8R+fpCuRTVfr9Ua9LWXYnJwOPqZ6rsvsSrRYt1D9/qOv7q/ITo6bS06SkVaata0HpLQJrFw8FupliLt5PMSDPykoVPvM9YiZCMNKHmGYdYCQPMWTmLdDMqJBosgnmLMUgLaqr02XIrp6MJytR2CDubSvn9xz0+RnVzHnPSMR5ltI1X3dqMrejTHb2bVZe1jufFjCdBPY31pdX3eor3qfXynnO0uz7+z3NyO12lPTPJQ+8zZjNjh3Uppb8MrMEb4cevvNLXorGxLOOmE6iWPqV1QC2I4byMotq7ld5qGXOSAJKFhbvC/iGc4aU11LXcVBGxnyqyVjee3BZegPQyqqq5tlyd3x0LSDXei94AjszIfMYmbUtWvhGS3kZIq9m5/hbODz1lVpwfBtPpxEEQ+MK2SPOTHiqfAyvkZCnTu9hD7vfEvQMlYRNwUnzHnKMJrwwUdSZbforNMoa3ZtPTaZLUUOlgZc7hNve1vqF73DYPn5S7g51FZY5VVbcMczdpatiojFc9cdZVcVWyxthAU4yuMS/s9E7tXZwBycxasO5tOqWIKa8lSN3oZm0B7pwG+FxLbUVdzu4VWOcyR7sY2MGGOGMyjM/h7RG0NFqGK6tnV2PHTz5PSOtu51aP09+st1NiXFGYYZfjZZf6VTfU6Xg0E7CvSDWLtVdm126ksTLGZcljY3A/COslh2pBFWHPGV9JRnAe11XcGXphRjdNOnsILVhQNzHJI5MenL1WOwsCqvn7SIvKhCh3BieYo0PU66bbUvLdcTMruTtQbS3TxS0V8lidjZ4UGUahdlikkgAfFiBbWF3Bc7VHB55Jlz4pqa7umc9N3tMlXgXLcjrmb1KfZ+WKgcAHnMgpa/vassqqzDAKDJH0kHuR9oS3JAx6fwmlB9nx94gGedq4zBmSwsTSo3nDN5sJBjZzt3OeR6QGp2HdXyuPnLraUenBO1F8K46mbexNCmqv+0sqrp6OAR+JprDHU7C0PcVDVXJtsYeBfyj+861pYVBlYg+0hp7qbbii2BnRdwUSxW3O1Lnx9Rn8QldZGdyLl2PjGcg+/vK9Qr91vC/eVDO1fxD2k3TuztfjHQ4gHcYBKuvkR1ENMLUXXL3tdyup5x6Ss0tapS+kED8fpN1tbBmuoPiI8S54P8AYzHbdZadtmav3cSDnn7To28FjMnzk01pc+Lu2P7yjM0/Zu88ziV3dmh/h4MKi+o1QXNNNbL+6BM57T1I4K7T8pP7JrKG+78Q9MywWO52anTNn8wEDDbr7n+J2lenuvuuFGnqD2P5t0X3m66qjeK0Jaw9FUZM63Z2hXQ0kvg2v8R9PaBLR6VNHSFXlicsx/EfWFqf83QCBnDN1+Q/rC/VLV7nyEyaC+3UdoWtbgbEUKB5ZP8ApKOtjg5PEmqHA4iODkSPfhSF5484AyZuQZPrC3WInh5yOMmOg77C+c56H2mrCn4lVvmIRn0l/f8Af1AgPW/H8x/CcTtPT6au7xaZO6uG4Y4wfMTfn7J24HHFeqTGPRl4/lJduafforWUc1/ej/8Amgrh9xoyfhfqPxZ/nFbpO9sL13qfRXGMSgPzJJcN2G6SYz5VXdU9WFtQqT+h+sgiAmdEWDHdvh0PkZmv0/dEPVuesn5lZmunPWspUjr5S1CMgyLbufA36RqDj4W/SZdDiPxCTC+EYVv0kbAQw8LfpII2fEJAjgyyzy4P6SB5E0GnhEAPER7ReQ+UYODIlU1jNLD1WFdidzhgST8OPWS02RYQuAfF1mfO11UnrzNMrO6D5J6iSor23DyEsqAw3MMAWLETpY+p7tvLaOmTORqtQLNVuZixAxzL7ztUseME9Zyy2VLZ8RM6OLZXbT1LAH1ln2qsgqbWC46esyU1d6md20k4HvKi21iCOnEDs06us1g70U7sHJxJNqKQzKl6lh0M4e4HqIbl/LKO7XYLcsrhio27jxB7VryrnaAfi9ZxBtYZxAASDt7q0IOanzyAWli2JkZRNp9HnA2p6CGK/aB6GtkDbB1J48XEi1yBzggHpwZwdqe0NqD0hXbGo+IqNx6DBEt721wO7XA88dZwePX+MNq+v8Ywd/ffWNtm7HvJbyed2PTM89j0dv8A3R5/fb/3QPQ16hEUu5YDO3gZ5kD2iNvhRm59hOCSxG3exX0zAZX4SR8jJg79WtFlgFgWse7TaNzrymcng9eJ5Pe5B3Ox+suXWaxV2LqrQo8t0Ya9AvdJTbZUVBPRmbiY9S41FCd2VR1+PC8/Wcmu11bxuzAj1l660V87Hz0OPOMXVwsYZAPhIxjHWV9DKDqemxcCSGoVjzxCOkihKlLHdnmUoFZbPLmNblwrBlIzxgyrUaumh33g5fnCyi9/C5256cys4JDLuDe0w2dpuw+7QDjq3MtS8WoGU8+Ygbe9bbjccfOV5T8q8SlHAHMC4kF+7of4QL/nBxM/e8cD9JA2boGyuznCAESQ1Gwk7EbjHiEwd9jAxiR7xcsS2PTjrA6DX1214fYvB4xnM59Cg2Om4KMSA1BTmQs1Wd6oAFYSs2ak2K7ynOQYPrCGITp6ylCWOScmV2eFzKsX1VanXWd3UrWN/AQmzs3XGmkVquNpyWQ4J+cJHHr9LLhpqLGARK6zjON3pLuzt/8AxTTM/hO/G1enSYwiEgtYSSuZt0KWVdqaUNWVDNxk5iOtd7t4svZO5TtIdefrPOPaL1XYz7QnJ88z0fbys3YtgQFjuXgfOcLQaLWhcDTbEZskvgZiivU6emmoblPeE46ynG1R+YDgztr2GdRaDbqXP7ta/wBZ1dF+zGmqw32befzWnMi48vV3zgpRU591XJzOnR2R2k9ShAmnPm7tyJ62vszu1C5rVOh4xLU0ulqfZZZusxuIZscRhjzFvYOrdQyaqrUOPzZXJnI1/ZfaWlOX01u4+JnC+FZ7d+2eydNSti6inazbcLyf0lFn7VaBLHRGuuCjwlE4Y+kejxrwD9/qWXNYZ+m1E/nibdJ2J2rac06C0bum8bZ6c/tS+azpuysOT95uIX9JTb2/2xctqolFIc5VsklRJ5RrwrjPodZprW09+hdNQwzmtSy4+kz6XSazXXd1SVwmN97Ljb7Tppre3u0+0mq+2GqtAFssqXaMenznbooroqSmpdta9B6+5lxnGbszsjTaJQUy9gHNrDn6ek6Y8I8IkPLEWT64lVZ1jUFuIk3N16S4AKuAPnAj0GIRmKEEI4Qo5+XykwAfM5kIwZUPbzzAqJIMDHAh3a+rSOwZxkyyBgQZABy2YIVxlT9YE8yBTPKnaf4GBZ7SJ6FWAZW4IPnI7iDh/CfXyMe4j4hx+YdIR5/tHsJNOHv0zW9yeSgOdny9pyTeTUqW8Hb5z2+ccicLtrsI37tToFXvOr1N0b5TOJjy9jCpmVCQx55lumtbUKDZtAQ8eGZ3UNeVu8LLx5iXVbyzV8CrGFOJKgeoswJfqckg8/KG1VDEngcj5R2UIoBc2ZAkNoFPLcZ/WSCfftgEPtUjjM0nUH7NWKk3Docj+MxIymwq5VlPAI4mtL1RWqXg8fKSgbxUHvAzPV1z6QRgcbgqjryuZNHG4FkBVxjgyFhLFkYsuPbcJAV06bezNbuU9E24GZJFqtTZ3eGrPwgdTM4rypC2DaxyGXnMu0hKswXcSDjpKsWptRBtrU2DjLrNCqueKxk/xmSh87mLbsHHTp85a2oCYUZBPQGZRl1CqNbtUeDPSaNSmm2qGDLt5GyZdRzeGYdTLXJUbwmSvTiWrWZqvGq0+Gs+VnrJ0Wna7OpRQSODkyxgzV/eWY3Hpt6fKUXo61spPnjOOs3EAvq7wc7toyGIlxR7lJUDxeXTP1mBWyu3Z18xLarWDGoZYYH0iq3adtm5iAGzjHWFmRYrMneLzw0lRUzWspHGJC4OoXeu05+ciFpxXwyg8cgHyjG4N8IPOZSLsj7xOPUR2sozt3/UQL3P3viBBHOQOMyDbXsRdxbd0CLk5metrr3ValNlrnjP852K0TRptrw1rfHZ/b2hcV/YEDq+oucDb/hL1+plp1K11iqlQlY6KJTZuIyTmUE+8rS37TZTcuoqY76zkfve09RRZT2rokupbDdUYdVPpPHlvWaexL30l2pZHwoAcpnj3/pK1Hp01dyqyWIGdOq4ldev0lzbLa+6Y+cjTq6O0gj1WrXqQPA3kw9JDUVJqGK2p3GpHkfhb5GRpqNew7qsSq8Ejw7Vb8rDKn+05w1Oo0L7LM49DNder0ly/fFx7rzBii3tC2lu7t0oqbyx0PykPtrN0E2btIRtGpDV/lsSQ26FG4uOPygf1kVja/VEeCPuO0Ll+9tWqr1mizX0VME01DW2noOpl9QdSLtW4a78NYPhT+5lBo9FTokLKhLnqxHMV1ztwBiO17H6GKtCBucwiNWmXO+3LN/CZOy7Fu1esdQMC3YMew/1mzXaj7J2fdeeuOJzv2aqK6Ji3xPYzH58Sq7Y+CAbYreeFkpD4rNvHOP4QLdMmxMegxLmcVoWPQDMiGFdZZugnG7T1duo0TitSgZwpPtCN3aVRfSG0DL1MLlI9PObDt1GkU9VYbT8iJR2Xauq0SJZyduP7xdm7kW7Rt8VR2j+kDx+CjlG6qdp+YiZuvtNPaid12rqF6Bm3j68zFZ1JHpzDDStp2Vt7Ymmq8oc/wAJgQ/8vx+FpbW3WQbbtS1di9dj8qwiGrXodxPvKNO4sqNT9AeD6Ssgo5VuGE52O/PWt32sEcFvpxI/awejsJRX+KRI6yNDV296VO5mx6yiTt4USuUH5flJKdrA9cGQX8OYMfHj2lSoWeLUWnpls4lmlt0df+OjFwMElMyhcjVPn8WDLmXrxKw6mdGUymlZh+kzWqm07a66vTzhRq/s52YZgQJzu0bgGR1HTnBm5HO9MXaduSEz4icnEwSdlhttZ2kJtlOuxkZWXqpyJEnJyepgCMdIoQQjXz+UUCathCMck9ZIMNuB195WOFyfpFIJE5MZAEjmG4wA8mA5gTFmUHlCKEB5hmEICyYZPqYQhTz7xZPqYQgPcfUy7TZZm5MoE06IZsb5TIHWRKS918RkSmYVCipWtGeIteMXCaaEXcA6lgDnHrK+0gA4x0yZYjGI1YocqYCEK00NZbZhRk+nrLG02sJ/wHHzEr0J26qoj8wnpXrDMVbkHz9JB586DtAf9FiPYiC9n69/hpbP0ndqPiKMwVxxj1kuVcBEZm9pEed1Gj1enZUuQq79B1zFRp7HZ14DKpY5nX7ZVls01jNk7ug8pnqQL2gR+cMso4hYnqYoMMMR7w85RYhxmem0uk09CC3S1JbcBxdc25fos8uhwwly2W0vmmwp8jxCOvqKjXmzVVtvblmpUbYTPR2sxHd6rI89ynGYSOd410NJ2Dc4AVXdj5omf5zoaT9nX0qrqmVUrqO7dY/nLm1naltr2HWtX3gwVrXaB8plGiDLttsssXrtZyRMecer/irr6htLR3VOs11FQs58DbsStO0ux6rLESvUakp8LKnDmYa9JUi4StQPlLdg6+kz/wAjU/JoP7Qaj7Oq6Xs9KLQRuZjxj5SuztjtZ9RvSyihSu3YqbgPfmVEqOTIfaKR0ZSfQcyeda8OUCurtp7q/XXum7dtBwMyDaKp2327rG6FnYtNKm6z/D09je5GJYNHrLP+nXX/AJmzJ/2pvMZU0tKDwVqvuBLAigTWOybHH32oOPRFxL6+ydMvxBn/AMzEy+FT/k5cxgqqXOFUdWPQSzSodZn7MVdB1fPE30aWqwNVcgas8FT5ibV0dVdYqqqFVY6KpxNThm/qzaek00hG28HOVlsmQicK+Y0rJ5bpOjkr+QzLkq82/SSVQnSPMIcicyRilCzCPEYHn5QIiSxI1M1rOFUDafIS3uLOuD9YVCKT7ojrx9ZElFPidAPd4B0ktwMpN+mXrqa//dmVnW6Nf+szf5VJhGvIkW4mMdpabv0QLaN5wGbAE1NyxzAIo4oATxIDK/CcSURgIOoPiXb/AJZNT4vCZU7KvxdfSZ7HZju+Hy2jzgcv9rNDp7aPtiDFyYFhUcEe84GmZLLGWtmNQGN09ntXUVtXY9IqKlSo6zyD1HS95pym3DEH3x5zPTNVXWsM91tK9Nx6zGHZmPOOcy5SO8ZdgxjJzLGxcdoCjjrMoz9fFu5mmtbmc1+BWIzuc9ZPT6NXUEupB8vMzb3A04JJRMD5ke0lozvp3Nq7DnAwzSff92AxrY4G1tvSOu+lEdfjY9IVDdbut3bT8Som6ReZqHd96+atzeqiMV2KDs+79wcmaLA1Ww72WnGUUnP6yJ1VpY90lewevn/rM7XTxkQQWCnfjOeCw85U6uzL1GD5iX36h2wroO8+LGcAe8qFruxNreHHAwYYxI1vdhkCtjqrdf0ml6glhsBwuzO3HnIp2iiqGrr8TceGvH8ZcdRpmrRn1KoWHQpnEtSoAI1lzWdN2B+kqNa/ZttlO8MMnrkCbrBoBtN9mnO7nwsRn6SSrS1ivXawUfl53SeeI5dvZvdaLfV167W5P6yuhSKAt2FZRnpz8p0tWlBVjyOnn19sTErOlm+jar46DmJ2ajpA/wB7d3WUXO1W43TJXed9iOjI58W0dFmzdtrtYu+4AKOekzLSEYvWj5YctncZvm6Rl+1oOiLafLcDNles1VrqzoiIwx4PaQ0+hrNbbbduOM8AS/R6dK2LfaC6Id3h4Hymlaqv+Xq3tjvbB6Y2r6TPY+7zjuuL7nY9TMxeGl2nc7XQnODBwZTpW+8tz14l7GVVZOfnKdRV3iEbmGeDiX5CnOeYEBhA59Fl2hb7slq85K5/iPeep7K/aMPUEvxdX0yw5X5zz9lWfKY3rat96MVf1ELK+iH7LrKwq42noCf5Gc6/sZ1Y/Z7GB81PBnl9H2q9R2WHuz+b8J/tOwO1+0MDFqso6ZUNI1Ku+x64NtWt2Pymurs11G/W3JWPyJy36zA3a+tcYe8j2HEqGoZz47TIuuwdTTSCmmTb6tjk/WQTU5sAfAz5znircuVsYyyrQPcf8Qr7yjrfZ7V8XeqQfyiD+JgnWR0lT6f7ttQbB16dJNPCrWmEcztljfcmnH+HV4m92mrsavZpR8yf4yqynwliPE3Jmzs9NunHylVo84qF3XO3kOBE/Cyen4qB/MS0Im/jYD8I5letr76lxgcFf5S9F6n1iI398o/3jEDn9nfckr6Ga7iKu0qrx0sAVv6fyMzqu20+WZouU21Io+JkIX/MORIrhftRR3evqtA4dNv6H+xnEeen/aD77svT6kDlGAP1/wBieZt9pWKnphvqdPUQqbOcHykdE2LBCobbLF/KSIRZS33re4ml/vq92fHWP1Ew0N94/sJrRzW6uv8A8zNi83KlWRnr5RHhj4ps308YRR5/DD7tssKlI/MROb06wW8r1zIeU1a1VWgFNmc+UyA+ETUQV9BK7zsuqYZ2klTJp/WadPQL7ipJGBniGax/GyOhzkS1xxOmvZtKcgv+oxKbdJSnHfNn0AzKjE1eWVs4GJzu13XIRTzjmdPVMtVRTyHOT1nAvfvbGfPXmdI41R5Qk0r3Asx2oOp/tE7bseHavkJplCOW00WXBjWhO3z/AKS0V0ac5v8AvrPKtTwPmZNGenxWAYJ6yQqc5Y1vgfu9ZqbXapOKnSqsHBFK4lBbU6jJL2OoPVmOI0VEMeSJGXNSe8KrlgvBPvGaNoIPNg646L8z6xooikyp+kiRjrKpR+UUIBCEIQQjigEIo4UQhDygE1dn/wCK3+WZZq7P/wDUHnHhkovsXx8SIHPvJWfFmAXpIqytQcEyjtLjZ6zSqnbkeUz9oANWjg9DiIjEo4jxBASOATJSqnp22Wq3oQZ6kBC+e9cn5zyi9SPUT2GmOdNS68bkB/hJQmRG6jI949ONp2ehyJKweajwyNYy29vBjgesgwftAP8Ala29HlHd7tbSf3t01duo32AklMBvLrKaju7h1I3bAcyo8/fWy2v6Bjz9ZV5zpaqusXW13WNw55Vf4mYLEVWwrbhKIqrE4AyfSXWoy5VhhhwRNOnS/TFWLJhuq5BZffHlKtSG7xt24k85bziIzoeQD0hNdWmU1pYr8kdMQkHrNz5A7qwtjoqySafVvjbp2H+dsTtUIFXpLsTn/wAbtf1riroNY48VlSf5RmWjspj8eqsP+XCzqwmvCM3vpz07I0qnLJub1Y5mqvT1V/Air8hLopcZ2ltEI4ppBHFCEVbOHEC5VRWC2D15+ESR4DESocZPmZFX1BMeHBlmZlkltdf3h7wNEcpFyn1WTRwepAHrmUTjlZtQdCW+Qh33HhX9YFkixIU4lRsc+cgW8zzAyaq51vTu7GXdnO04lRtsY+K2w/8AmZHWH/mqvTmRhTOD8WT8zEAv5REYZkEojDMRYesCP2Q6q3K2bTUC6j1M7dFxt09dnHiUGc3QOp1YGR4lImnsxgdM1fOanZefTMqNneH0iNg9IjIkQGbB7yJtPRf1iPSQMBGVv8MtMgw8JgVps3fecp8uVM4v7R0KmoTUKu1beDuHmJ2RM/atP2vsx02Zsr8anPXElSvJNuN2ypgWbiSZCj7UOX8/aXFkAVUwF4Jz8UmbFqJFSbFbj3M5slpFdGLKW4zkCFtrOo3vhiTlSZKp7Er2d2VNnwkcZmayvchtf8OccyItSt1UlivPiA85t7PellclTheWzOfQveLvD+IHzm7TvsLVcEMOPnJXTgWu9tpyhQDlceksZAu1SG2EbgzHBP8AeZDX37n7uzcj7fCZrQbHC2Wd55gM2dsrpz1JPah2QWs+8M+efaVvYvLhTkiT12tFmp7jjC9fDK6QLmNqlbaV4atW2sJHO33p1DwJ+Zh1MnplW1gHwyrwzFfP2mxDRWBWm01P8K5yVP8AaZ99NGVrOwKcsnXDesVfJqK093hQ2w/nGcGUg92UZuUXwkrIJ97X3hZlOPAMy5LRsJCgMRhszFi+sV3urWAkuyKMjMO4Tvu+XJJH4YxfQbBTYuLU/D5MJINtRRn4fDn1zHxxpDDUqNvQ5PvM1tnd0A6cqGTrtbdn2E1MUrfAPTjB+Uy6lFatgzBQ3AAmuavJWmy9EZwBu5OT8PtJPisilQAEGWwPONQimnwbdiluJnViVsc/ExnSNRJjmsTMzS89APaZrOCZppdo28bn5TSZk0TeJpsaBWw9oLg8RyPQwJFeJVZXmWgk+keIHOsoz5SNNl+lP3Z3J+Ruk6BTMgaYFml1miuIW2xqn/K/T9Z2KOzq7RlLEYfOcA6dGGGXIkF0fdndTZZUf3TIvk9hV2ctQ8pdsYYStCT6ieSq1XatPwapbB6WCb6v2j7XpXadNp39wcSta9GKFqRum9upga2t21opKjqcTzj/ALT9pt17Pqz/AJpU/b/bFo24SpfTP9pDXotd3dFbb2GR+ES7SrtoHl4RPE6i/U6hgt9xIYgbU8InulG2oD2lVVacLNFa4rQeigTLdzgY6mdBevMIAOgldTYsdv3mMk7FVdl+IA4mbTsylNwyIDuUb9y/C2GHykb3Nenrt86rFb+n9ZDSuW09lTfFprWT/wAc8f0llid7pdRUOr1kD54gV6/T97oNbpx5rvT+c8a/w58p7bSXC/S6bU+TDa3+/wBZ5HtCj7Nq9RR02OcfLyhmslDYsluNuou/zTPWcPNL/wCO/XlFMMqaD47fnNO4bCh+IciY6jh7OcZYfymhCTg56SK6C/eadT5qMSSH/lj/AJxKdK/3bA+WDLsBUZR8JORMV24uxmcbgfWUr8M0H4iBMq52Q0kg5MLACsEPiMb+cIeiwuqOd2NjEjPWTftBL6t1K4c/wlemH/MH/wDht/KYqW2Ln2m45dF2hqzccHAY8HHpMSqGPQ49hmNvHYSZNGex9ieBfMj0mmKTaZmsG4Ba1+FWYLmI6ZyztaVbHVayCZoqrDeHJUAeLZgsR85YdNVc/d0qKsdWI3PJpinRanxMuxVRegHUSvVUKHa1BhCc49JrXR01rZc1p21kAsgwWb0EivjtPIZLB1UdD5ZEgw1bnswvO7ym5BXp6FD4DDkj3k9RZqVCVV0Irg/Ei8yK01pQEucDe+WYfy+UCsaqtchHVc9fWBbTnaEdfmTgCVavTYZmrqdKweGYbciZBxNDofZ+85W+sE/kGT+plV2g2IWNi59WcSusq4wUUkesS2accvpFOPNWIH6QM5BBIOPpFLrdrt93XsHoDI7fLzmtRAfKEmqmBHECEIxAqfSBCOS28yWADArxCW8GIqZBDB85fof/AFI9wYguFlmk8OoUeueJFaHU7jxJHAxJv/iEY4iYZEimOVwOso1y50oPGd3lL/qZVqVZtOV9+sqMNdjpkIxXPHEfnJd0NvPWMUvbvKYwi5OYEVxunquyyW7NoJ5AXE8nypAx9Z6fsh2/4dXtrZgM52445kVvPjr2qflKuq5/nEx3Eg03An8sF2qfHVZjHTHnAz9qN3nZ1yqM4xk+QmTSn/k9Mw6hZu1los0VqKtg8PH3ZE52g3NoKudoDMM/WEZNbp7Le0LWrDc4OQfaZRpWVx41zngGbNauzUMA7FWVWOTzBQhUeFW9/SS1FYO5sIigk8lYa1G2VswwV8E0VJSzKcE7G5X1leqQd243s5XozdcRKiGhUvSeDhGIyP1hK9ExW6xVbGVz88Qij6UnElmQHWObaOEIoBCOEBQjigEIQhET8JxKCeZeehmYmRVkJESXlAUkvpIw88wLIQ6xGUEgTlsCSJ4lYPigYe0Mpst2OyI2W2+QxOc3bPZq/h1z/IKJ1dYM6a4e08c4HPzmbW+Zrtt23oh8Og1Tf5rVErP7RUj4Oyf/AH3mcvIlR6zPk14us/7RuvwdmaQf5mZpEftHrT8Gm0Kf/wCLP9ZzG8oIvEvkvjHt+y77NTpK7rSgZuoRAom1mOQfSc7sHns2n5zovNONS68xESNbYODLMSitpAybdZGBDOIHpGYh6HpApj+UCMZzIGwfh5geQ11Fmn111e1mVWO3AzhTz/WR0oIZFdfulBIbM6vbBsTUrYhxuGDx6TCSbFwcMB04nKsrAq5RCFxwVDH+MLzVYBSqoFU5XbnLfMnrLq9I6Ki2FTg+Eq0NWv8A3QB6MvUzCKLw+/jjK9PIR11IXIRtr+piexnYoCwYLj3+ctrQqq5HIX1lpE7Xbbivj1Yfzgz9yq/D8/WJebN7+LK7QsGr35LLjbxiGg9NRbfs3lhnB4/SUjW30/d1UquDgH935ecutDlaDXnyBx84krAssYjZycn0k1foN7WFLBWVdfDzgEyGAXO5Nz48+sps77Yu65i4PLAczRpFuZbc7g+c7bFwWHtLWakorDbnPPkhMmj7Bi0gnqGXj+EtVEX70Dn38pQ1R3kLyM8eZHtMFS3opyUXPQN5iUs5Virfi5zGNotXewXdwM8c/KZtRuFhYYwpwfUQy6FTWYHiGHySCOplSIHqYt5k49pR9oarY3LF/wAOJeVHdnxDB/WAXFV0YcMDv8I5+v8ASYj4aB6nmatVtbShHCsMjGPKYw3iVG6Z6+078/G4nZxx6TPd6y0vu5IxmZ7PSaUlYhX28dJ0a231q3tOWpyHHtOhR/hoP3RJVWESJH8JIyJgSHzjxIrJiA8RYjAjgLEMSUUBYjxCOQKRIlkiYGdV3aqgetq//kJ7ojwTxmkTf2ppVI/6n+s9oQSvSVvlmbm1B+8P5zcrYXp5zF11FY/emh3CJzmBIYtsCs23zguVIU+syrp31DZLlB7dZswN3nxxk+cDNWip2lqVHHe4LfUSdHhuCt64Mo1h7rtSizytr2/UH/WXXHbeGHRsNAw9kg1jVaL8rEqPfM5f7T1Y1dGpUeG6vafmv+hnXvX7N2uto+G3mU/tHRv7LtK/9Bxav+U9f5yQryQ6zQeXrP5kI/T/AOZnHxS5v8FWHVH/AJysKCPvXHuJep4lRO6xmxzxLE94GrSnNmPJgRNFBDsanZhjxDEw1NttVvQzRaxquDj8LZEzZq83F9mmAVmV2J8ht5MxCq5F8SYyfM9J1lfxK6tkfEItRaCvwqv5j04iRu9uZZpraV7wlSu3JwYhXbaFKVsATjLcZmkYatgjjLfCfKK/U20YLsCx5C46y4nkhXpdTS3eNSdoVuc+05Od1fXGZ0L+0bmVm3k2MeF8lmEoiuqu3ljMM2s50zZ+IYly6SwqPvVWvzx5yzU/dOqMykKOCPOOrUF6/FjkHGPKVIsBaoqKqz3Y4X1Y+sstcaSxal+Nhm0+fI4WRqcVjf8A9tfCPeZrbWt1XfKQpGBz5yKs19iLVWiZCqGbaepY+syj7q1XrZWbr4hL6tKdUxCZHkGfpn5yxdOFburaSbE6tnAb2WTWdU/aXblnZX6Ag9BFp9bqaiWba4XnxgdJtu0pRMd2O5ccEY3A+8y9yrArYAATjk8iArl02up7/dZW6nDKPEE9/lM1umdG8K718nXo02JpFNqlGXB4LZxiTbTtRZ907qD1X8JEujnojK3HhYHEnbV4Qy856zedL36bq6yj5/8AEykIVO3rxyuI1WIgYARWLeYxJVad7cvu7uterNxN6abZcSFDcbsR20WWg96gynQH09o1Mcx0bL92dyr1MQVGTh+ZrOmKjLeEMf4SwUBcZdGU/ljyRz9nwjHPtJNw2F+EcfObko3MTsOFGc4lf2ddrFnVfMe8eQx4C8mSRVPiJ6czXVpXtUFRlT5rzgesb1dy5CbjWejbeseQyisNtVBljA1sMLuBPtLycr3jAYTjC8SdSb13AEknIyOY0UPUCPu2II6gxVLsvXxec2lGxvYAjPOPKB0tSutrWIiYzz6xqw22lzzkmIr4RJK+iDYNpdvzJ0giLZuwxAHQt+Iesaqo4+sVqvZWwq8bDkAS+yl2yiKuR79YjX3CAlDUMcHz+caikoUfvjuRscJ6yGgsDahq8eKwcfOablc9zv7u0uOokK9K4sC93sZW3K2MECTUZ7alU7W8xnE6nYjt9ktVfiSzz+kwuio210cu34pq7EJDamsDncpyfKVY6/PfDDdVgWOV5+EyIym5viA85G1wR4c5PtKqdxLU2LnjBnD0HOjZd2NthncI/DnPHlOHouPtSelmYBqW/wCZTAzvTGfTmU1I2wZz4uDxNRDfaK8LkBST8sjpLdrBdo9OMzNZZ+5NWV53A9ZPb3mcnO74hiWKQrNvOFMgWOeOSJIjlUeDVVZHRtphJatSupc9OdwhOmar6cKhz42+oku7QdST9ZUdR4dyV7gOvi5mHtXtS3S9nWXaelDYMBd3i6n0hXU21+mfrF4D8Na/WeZp/aDttkH/AOy7z5kKy5lx7e7XGxX7DdXc4XDQPQsERc2bVX1JxMd2srwV06Et+d/h/ScyvU6nUWOLtFqVtT4lYgn+cn39e7azGtvy2Daf4yq1DW6hetVL/IlZMdoV/wDVqtr9wNw/hMpzDMI6dVtV65otSwfumSnGepHbcVw/5l4b9ZbXrNVRw3/M1+/Dj6+cDon4TMktp1NOqrJpbJHxKeGX6SkyCxOnykpGv4D67sSUBecJCu6u1ttbhiOZOBKs/hkjKs4OZY58II84EGMh5xmR84Fd43UW/KeNsGWPzntH/wAOz5GeRKJtZmfad5HMz06cI7MjMrIw0uHwytgd3Ew6JFc4z6RBfL3km3eEHyk1Xgwr1H7P/wDoK/nOlYJy+wCRoM+jToNc7eSidZ8ee/QRLEs8OG6yncx6mRdvc5lRocYlTOo85QFz1yfnJYgSNq+QJlNlz/hCiTIlVvwwKmJPxHMmJCTBxzIOT2slljKtKbiciZtPTXpSKmXdYrAkMehnS1CMyjbnO49Jz7xtDMAvDfF5mcukpPqlaxk+HxE4HSQsPh8AwD1JktOtZ1ZrtACWeFmxyM+ctu012kd6tQyJWh+NujD2mZGcYtRZbQ4VwcnGCOcyRKadTbqnZSeRUp8Uq1fbXC1aYKSq7e9I5MzfY9U2kTX3YaqxioOcnM6Tn/a46/YobV6ul3UCveTtHliO6otq7xssxvZScHbg8yHYVw01Ftob75SURfLB85vfUtbXYhtPCeLP4szl16rfj61mpFlmnUlSFrslmn0zarUYfHdDxWsfITSo29kl2+NmDZ/hJup0HZB3Ad9b4n/oJmVj+ueVXULaxS2obty8Y+XPyhsJ7xWuGwDIC/EJNO9ampHDG2wEFc/APWZ13rqipwUKL5ecWpVlgV6VQhuemTg8SDWFFG2oBs+ZLS6tGVWNuN5bcB5j/fMt+zvStjKR3xHwlgNkRGK9PtQO7C3V+JWxiVaip7tUeP8AEQH6+ch3GqNyMllQbOW3NmbmqRlqtRkfGeh6yjGlyLh0XbYqkBiMhfKTrDfd9425mXGc9TJFBh3dRWqDLKPISyxKqqqQjhnC7uff0lGXVsQFVusxmXaly7ZJz5ygHM7x0G/ZweBKrHBORLLOmDMzrt6HKyhofGw9VM6acKPlOUh+9WdRfaKLshvPmQh5xyKae8a9ZH02yUCfygIhzHAcIQkBDMIjKJRGAeJjAv7JTf2vT+6Gb/f6z1Nrleh5nmuwV3drE/lrP8xPSkDeWPlDcVoD9oQk5P8ApLmXdtzyJVkG2ph5n+k0jyxAY8LKIi3iI8gxH8YnOIFc7ivrAydrj7im4darP4GWMe80iWD8PEncO+0ltZ/LkfTmUdmnfpbKj1x/KF/g7SG/TV2DqhlzImooVG5S6oof9/WQu50oT2i0zEab3qsH6SI8J4kZq3+JCVPzHEvUbqbV/dz9RzLu3tP9m7e1AHw2EWL9f9cyrT/4gHrxKwyBvvfaaAc9JjPhfB6jiaazAtBwRNd/iUH1WY/aagc6dfbiBE677NRVvRmGSvErftNb1Za3WokY+8HlJ6ainUXdxf8AAxznOMGbH7G0CBgHtbnPhGcfWBxdLaaGJAyuCNucDMtK462NZ5Dcc4muzsrStWw04tLeWW6mZLEtorXva2VgcYHOJFRI3Ip9JA1NaoZfi8s+QkqCTdtdMgfFkeU1JuVC1CAjn4uoEDPs0/V6Tj2/tK/s+GXLBKvYToZKWb324ZfPiaahVkt3i2cYIsOB8hJo5SUq1dpe1VX4Q1nT2Evopr7vGVYY4AbcAZpGmFytuqqRQc7Ac4kaNPpwVddOVIO3dtI3e8mn1UundkIN/wB1jHdr5SwaUtR92LGpGCUB+Ej3mm+/SozUIL67FXO5VyB7yk33Dx1XNsfkhTx085ExSKn3Oy91VlcKWGCfSBH4NgLt4t746e0nateMN0bqwHwyRTARbXWwIfM8qPaVcRcA5VqkXw+Agfzj2eAK6jd5L1xLxWnA3bg3I3dYBThmdEBXjrjdIYyhGsVVqYbk4YoOo9IOlllTHUPgg4Ur1xNePCayndJnjbw0agIxWzHyB/nGq51emsw21sbuQ/lj0M0lQpyfFkY8MuA2K72LlSONo2gysOvdLtwzFvCDxj2k1EVpRGD7U5yBu8RgMPjZtbjw44ltVH3bsypxncNvSUrpdN4coxfO3IJEASxWfZXXZux8PEhXUleWNeA/xK67sTb1cIlW3ycsPKRwxyKSoOPFuHX6xqKGxSVegeD8o45+Uh8HDrU1bnft64M1KVZC2xWUtyYrKa7djIAOp2jgH0iUYxVRd4eRjycQ+zKiNtuxjw5b+M2uAg2Z3MPEGAkFFligMytuGeV6+3tAor0qLYLKj4c4VWJMBo0rRkdyi79wI8/aaSlhIcMavCBsdQenp6yqywMrb0IetT4CcbveBU2lDM/dou1uQD5x16Zg7Na1novi8IEkllm6oYZHfAyeiiW3h6l20jvUD5No6SIrNCbgShJTxK9XH6wp0z6f7x8XbviXzWW0o1zL4Xr6nGMEyVjrkL3mDjoOefeNTWWzZw/dbiG+H2gtCXF3p3qzptbnOBNVOzaxJUFTkjccYkCqBsU+E42jxfEZrVZzprRlWKIqkbdx5xI9njuu1NXV5lQeZd3rZFd6+NuAvrKq2dO3CW472rM1yOgHsOUWon33CSDFkBxgyxSuOOBIEiws+3j19ZVLeEYE+vlOPSuzX61PfM7FZ8JxxzOU647X1K/nTIlDQldTUR4uGX+H+kqs1xrYr9mZWHUsQDLa8m+jHLCz/wDlMq16WLYXWrvFyExnn6zLK5D9op7xqyu7+PvJCph+Lwx6MWfZdxBrZPAV+LIlzstZBbcCeoMyjj9qLh638yMEwmztRd+jJCDKENn/AH84TcvpXrc3VtuDpn1zMnalqPp0Fa/em1DsXzww6TzGsrXu6xvYtjkbp2v2NQINR7gdZrWseiNusf4aq6h/9R9x/QSgaXUHUNdZr23kbQErGF+WZrihGV9D3lqWvrNSbE+FgQP6ST6V7AVfWWuvpYisP5TRmKByH7I1ldm/R66oKf8ApPVhf9JB2vo41tBq/wDqKdyH6+U7UM+XUehlHIz+kkAW+GX36ALmzRgA9TQThW+XpHpdLc9YfWAVE/8ASQ5x8zAzitHfKoxuHRk4xKLLLadPb3+oXcc7T0xOpf4aHSrw+E4xPLdqWd9oV+1VMrVWqCA3xeuDM0badUfsi0K7NY4JZnJJXibKgmp04oDP3VagYzguf7TzvZmm7/UHc9o09fKo5zmd62ole+TWPSFGMhVwB6SIhp3SzULV39lWoQHw7OFA8p0Uu3HGQSPMDrOH3t2qLOrV23DICP4d6/P1nU0gda13o1bcDa3McjSWiFhLbCfDjI+crZuJWT4s+00q9mb1kFZs8sYBtyxCFW18owPnmePs3b7E/DuzPYU8uPSeSv41F3+YzHTfCxVHd5yJTuUNzGo4GY8DoBMOpttY8SacqcesjvxjAGMQBwphXouwWxoX/wA06DdfacvsFv8AkrR6GVdr9svpt2norZX4zYRkY9p1nx5uvrsEYXMrByDPP9kai06rDs5W1cje3A+k74PhliJJ1kpAE/hAEmjbiQww385QjM95IIx085paZbTkwKm4IIlw6Z9pltfuwCeF/e4kfttT/d12Bj57f5SIhqWYUKU48UwfZ7bWtFVoV0Xcc4C/rNmt1VXdrU6N3pORVV8X1M5Or1K426uwBfLT0n/8jM+PtP6vbUg0pQla6q9PxL8K+2fOZLaDrdQlV+tLX2NgY5RJVV9u7SJo0VPd0qcELwq/MyutLNHrDVZjvan5xL8npXcp7L0dHY/aNTVKdVUhbe/JxjqPSU1eP9jVPTZb/wDzTXrbP+VvcNuc1Mh4/Dj1j7D09T/s0vfAWJZb4l+uJx8vW1qe3M7L2myxOucHAno9TUD3KKnhcbWx5ATFqNFVpLa9RpaVRT4Co48Q5BJ+U1aQ26gPqHbwldqY6ZPWc+utqf8AiyutMaeqwHZsQ49ef9Iax1Ru9sUHByoJ85o2hdXjzSpVHsZh7UTvdVTUgJbp18zH8KppSxq7NUfFZb4F/rDYlBwrB7PJfyj1M0apM1slLhVpXAX82OvPzmWpUV0yu17BtwPwyMX616SuvT02a60f4Wdu78RnOS2y6zc9m5rf4HrOl2lcoXukXNNQ2zFtNbAIu3w5Ax0gqitLFufx8Z8QHlIMyMrK27AXz9czQV7vYFBGfi3fiMvrwA5OyouBjYmf5xaSOatYtDpWCc53YMsTTohD8r3Sng+YE6Jxa6rtUWHg7P6zJrsDT3FcHI2bvnxN83aY4TnLDPoJAcGSsPjbHTMh+Kehs3PMzueJc8os6TURBOLk+c6oM5IPjX5idZOWxJViY9pLiSCKB8UhZwRgyKfn1ksYkF6cxluMQJ5jDemJXkx7oFgxHniV7o9wgSMRi3QMBDrJHpIHrH5cwjpfs3z2jef/AKY/nPQudqczz37NY+26k+iL/Mz0F5+7h0ikHB058jYf/wATNv8A05iziqs+lgm1ea4GZj4jzNFbeJh8v5SiweIyaPjUgfmQQJDwXAHoZk7Pbu9U6HyM1WkZx5iYnPd9qE+TQsbSmcr5DiU1LxeB5qZqc/i9RmV0L943oYR5r9rKsto9Yo+JTWT/ABH9Zx6zyCJ6Xtmr7R+zth6tQyv+nB/rPM148oZrPqht1dvpuz+vMnW0WvB+0KePEgOf4SFZx8PMv8RsHHzmig5rdSfeZEPSatO3jx5MMTKK93d3Bh+E5E6Gr7dcXirT14fGfHOdYMEe02add1fepUHcrsbxY6Rbiomy6y3K3Gwsu7ZsyGMjZc4d2YHxHO0/DNCUv3QCp3GDnGcBfaFdbKzG87u85+Hge8zq6hv8JKgd5nPoJHYV3Wd4C7t4vYf3k66hdgjwZ65+HPvH3CLYBYyFj8AXxZb1lVA6Yuhc2KSACi9Wz8pLuR3jWYVmODtI6H3jtUJTZ3TWVsR+Hk5+flIppXNZQapmHDZAC4HnM0qysbhttRDk5Gx9pkW09TMC1jo1YJPOMD14llempA2pVUMDHeef6ythtV3tNYVOFO3OR7yIE7u5fu2J2HaG/rzF3aKWKZb8OB6xCvunGCr1AZyH6k+01EVisZqDHqADyJRSqru8SgkfpJCmkK3d4Y+eTCkhvh/xPfiTNTE72Yb18gAMiS01U6I9e20pkcgqPFG2n82TfkZlh2AbwDk+H3zIW2XVUjZt8PJOfKTU03VgBkEqCNw9pAGrOAg6556jMjp9SLa9h8Fu3LeYzLnD4Xce8O3OCuIWFsKbhwybty+og9uwrtUEkfD6Q2FtjMABjEkadreNuD5Fcg/WCobrblsDhlAwxw2C3vCvFuWXxMh/SSKU6gB0dtg8mG0SBSgZRN3PhJDESazpG2wbht6wRtviarw4+L0krBaieEnpyRzB3sKhEyxAztIx84EHt1YKOKWC58LAZJHvJBbdpe12VuowBzJqyheWLN6L0+UhYL0/6ZLDB49JVWGuvcXG0+yEEnzkFZxuC1MWDZHQcSJrfeXP3RXnHlJL3ytkYKr+LzMGobgFdXpe1uCqNn+EQwa0fueRwO8+Ie0mbXa2vcwXyG3rzK7ht8FlhLefpCBbnHwJtwfCF6j3gNQ6jCj4uSTJV2Jkixdu9Thh5ypRUa8DGH8OPLEjJm661WVWG8k+LPEW5K9tdh2tnkkYjfCAuegOANsosurazFqlkbnAXJzKLwhLY27vP1jFauRhSDznExU6y0sQjsAuB4fXzl6ElRaWPjzgZ/XMqrgV+F7XRV48K+XvMTPXVr6LzYu0oVY5zj0kmtpdjtyA/U+sr1ALBe7RUHoBNc1XQGv0bKfvl/WWJrdLaPurlb5TitpWbcVrXY3OTjiJ63uwWWrIwPCgGP0mh30tXbw3HU5nL1dgXtbvfw90cTD9nUMoKYboZAlkDJjbjjpKNXfodTWWLCt8lWU/CZbZ3hKFHzWOWLNj6zFWpfTilgcB9wI9DNZKmtFtXKheQfMzNF6WUspVmV8HIyZaCLlKMCB8WT1x6TIt7mtaKa+6Xdnfjy9BJAulgYnbyVLecyNTaJ9ZXqK9Dp7bVCeJs8ZxxCS0va+t07bNMa1qY5LNwce8JuDmM4etVSvaB19zO9+yX/W+QnEdUCrt67Rn5ztfsp1u/wB+Usbvx6SLyhCVgQijgEQ55kXfGd3CjqcdIl1OndyiXIzDyEIsj6xeeI4Vi1TlQ+3rgzygGo1OiXe1O8NuRc8k+eZ6btB9u/5GePQd8S/eLVxnay9flMdI6NTNo9HY2U+0OR4d2QsyafX2HUbmZbK1PKs2FkxqE07bkVCduDkdTHS2gatA2mXHO9iPEDM6jdU4TUiyu8mtlYmphkKc+02U6p7GyysEzgeHpOLRa9bulDHZk7Es425nR0aWrcHGoW2t1wdhyqmag3uYvP6SJPSGfFNtJb9pzLR6ypuklW3BEK0Uf4izyuqX/m9R/nM9RQR3qc+c83q1xq9T/nMx03+amrLLwI8HJA85OkHYvHlJAYWYdlZTw9ZX6zQNvd4YjrKH5dgpHsYT42aPtNNDprEZGdrPhVZDXsl9ianeBvQLtx4vpMxv+zqaVQmzPLMOnyhptalzLprasqzZ3L8WZp5urteh0bItHg3D91uTNf4eZ5rsrVijtBWvs20nIUN4mb0HE9JZrNH3JNeqUNjKr15m+UTGR5GWMjhdyldw6cyn7TVtDHtLb6jgyFeoputZl13C+bIJpV9uQqbjz0JPAma67T14HfqD1O3nAld+orFm5dmpRfiOeBOdrO0BtzZ3Va54O3n6CEadTbpiBZY72jOAloyGHsPWczV6qqosQo0iN+FTusP18pzr+03ZiNOGDH8Z5Yx6bsi7V0i/va3ck/dbsMZLZA6rNbr2ajszTMF/EV6n/MZfX2JTSUGvstL2rwKxwp9zOnpdZqeyKq0qrCoB46tvPzm97dPqkZ3Tcw+JCccHzHoZxv6XRx/2X1Jr0+qoK+FiDuHUHp0+kz9vpt7WW78FyA5HqOD/AEk+waGezVDTuRcmCg/NyeJb2rpNRq6qLqcNsY5XcBtz1ll/7IZYv2aTvD76vEB5e03fs5h/2aIyMqxJ9uZl0+nsp0NlN3d+JWII5255HMh+zJs/4exRtqh8OD0YTHX+Kyu4ALqraj+NQV+cWkbOk54ZX5X6So2r3pNe8VoOWPmfSX0OiXXqgLIcOMH1E4qlbd/zSlh/jFAplVTK3aFtrDmhC316Ccx72bUm3JNauCpz0E6TqK9RqQuPG6sfljM0azVmsX3BssSNn69ZZpvDpX1FqgMcVr/WZHZEs3qjMGf1xzNetu26Za1T/D3M4hiKrLAFFj4YscVp+ZvMn2Eq2OthazcSB8ZmXT5r7yzKW2nl13cqD6SeqvrqStrjbYGbgKMk+01mo0K3gxky1FDlQSOR1M53/ECyk0aCwj/6jhZS3aGrdjUKq6OM+E5JE1/x1cdpWrrrK157v8Teb/6TB2pYfstakctYP0AzNLLvqTexPAG0dBMHazbSig5Ubj/If1jieyfXJMS9ZI48pEdZ6GyeUPL3mdzNREPMfOdT8RnKHxD5idT8RmaqwNiTXkStUJPMsZ9i8CRStswJWhzzKmyzZPWTEC5YyZHosiDAsBjzK8x5gWQzIZhmBImMHiV594wYHY/Zn/1GrPsv9Z3bj4PrOF+zJzZqvmo/gZ3LT4BDcVuf+WHs6/8A5CbKTmuYbeNG/syn/wC4TVQ33cAt6yq1tl1Lfu/1l1szatSy1OvO0HP8IGnV8EMOhGZj1/DU3D2BmlG7/RH1TmZ9UN+lI/KII3K26hW+khR8Z+cjpmzpT7SVHU4hWahBfXqtM3RzYn854ivI4bqp2n5z2lL932nql9LN0812xR9n7W1SAeEvvX5NzDFc3tJc10v/AJhM9TTVrfFpR6q4/kZir4aVG5DNFL+JfTMyVtkcnmX1mQaLhzLNGzstlKHlvFwcGV2cn58yNDBL0LdM4PyMlSOj3OptIDOm5eg6xW1aitQL6rLt3RVfzmltFWu07vh9+ssUaZV/wnJPkCTMt4xJp67TwGTZjK2rgfL3lhFdbrl0JHA2jE0s9Tg404c+hEgttaY3aDafYDAlVmTlyaqXZ/Pw8fr0ku8uXjUBa/EeFXPh9OJpLPZnwhR5SDoa6iH1Va7vwqvMmDKb6g+w3BFH4B1/0iG7d4EBPkwbn/WS+zFlOxKrLOm7a2D84v8AhupJGymtFHQIMEH15kxmxdvcq2xAreR6yhftZB70ADz28EmO3T93qButXdjDYzz9ZJatykLufyHjmWcoJ2um5dqnz8x7SW05wtigKc+7e0g1SHC8NjnGckQKozc1k7uQx5EiH3ZL43gNjgyD1rgO69Rg+eYPXYGG1WKhchhzJhlKeDY3HmdoECiujcyvQ21h4clcZ9pq2YVhvyB1GZId4jFwi7McBH3RKx2k4CtjqIWIqp2sNgwRjazSLap6wEZS+442rziWg1ncw3FseZzmLuX3Fq3CFupHGIEDdvCsPPoJWzVBiWbKt5S77OEBZ7mYemI3VVK9GXz4kZUlyc92c49+RJDezVksCPUeRloYbvAqEebdZA+BW+82kjdjHBlUyzCxvCu7z2+csqssQIGrHBOGPMoay0ugWqq2thzztjRHXcO+ZsD6iF03wAykLZu6qxxGQFO7G3jHzjRra9y2LW9T8tuQbv1lT4C4QsCBxWYRFbRbYOmemJNHS0MGw6/iX5Ss01lw6ptsxjd0iHhO4MMDj3gWBE70bVDAdFzJkhacUnI/KB0iVV2s/Axx84sthGWrNq/iXriBSEBK2d7hc/WTC08s2XGfIdJYyLaEa9F4OQ/mvzkdoezAHX09JRBNHVu71M8DPiiNDhwzIFx5S59OpJUr4R7+ci9DL4agxx+8IFTUcFgnhg6K1aKyK2fFnGCPrLTVacA3Mqr5cSzbisHvtxPHiGI1WEUqz7vy/EGGdw9IjRkN3dewONvUHj0M2b8N+Lj8PkZCpLBuZlCgnPDdZdMY7dPXnDZ48l6xNRS4ztZiceZmxtMVtFhuZlY9G95J6yoYBO7x0+cvkYzisbGC4VemIxXWFDcZ95c9W3DMGBHUSttKxGNyozDhiPKTRnrtRXO7DLzwZFxXbm1WFeeu0Zz7y0aJReprZnVWycjG2WDSBLmeln2v8S+QzLo51qu3LU5VPbMJ02062ZTPhz4Tu6Ql8oOZOz+zt409d9hBOMAADJJnHAnY/ZzZ95v243L8U1HTr49FprvtGnS3GN3kRiWOxVGZU3EDO2chO2+775Dp91emzuevpjy4mhNZ9v0QHcEm5MgbtvHzjXJbR2hRqbe7q3EgZY+Q9pqd9lbPgsFGcDznjsnRm/vuHY7cA9f0m+jXtfpmOpZHocbBWM5x7e8nkL9f2vp9TUaag+5h0z/aZOy7r9HqH8G4EeEN0+fMxnTU6bUKEuJQHwKvxKPeWdpW12XLcljd067eDzxMkmvT6LUrq6O827XB2uvvNM4XZLLotHZqba2wxDbnfnb7zo6TtKrVVC1UdUbKjPTI95vW7yy9p92WdHyd3koO7HnPPdoU9zct1W563HGCGx7T0OvZk1tdyFvhIIQZ4nG7YuD0rfuVr7ThK06j2nO32memavS3arTqy1lWHGApyJPRjSaKxDcXFxHhqPiUn3+st7NsfS62pdTfa1zgnrlV44GJtpZHS5aVWu9FLM2wb6wT5RamOU19NtzXBru8PidbUyD/AFnRpu0Fe6xa3qB/7WBn5yjtNL79RSFA1AFYxeTjI+nWGj01hddmke5h+Ikhfl7zUqOgl2kswqfaWb0US/ukChmWypfzWsBI01a+5NtbVaZBxhOSJC/R6nSr9opeu7VKePtB4+c2p2anSojFRZdtGWwMASxO7CJZYiqTyEBziZXs7U19OzV26Gtm8LFW52/SaBpmRt2WsrXo+3rCtFTgXpkYyfKed7SJTX6lf351U1VP2lVNq7s5CDkzm9oabU3doX2VVZQnIJOJnqt8KhSFUZLcjODHsXPhUSVei1jddo+bS7/h+oI8Vyf+3/Wc3dT3eBk7f1mbVshTHH0nRTsoNnfqOfYCVt2Zp2XxWOfrETpx6iq3oe8cL5fP0mm+xFZrX06Fx+VhJanQUVAivvWZeV56GYzQ7WFWP3rnO31m3lsxZXqu4RbGRe9PA4yMe00nW22gbyuP3VAmXuH70pZ4WAxtDZzNq6WtK+91L9zWBwT1PyE3BDvssK0G5j0AHM1NTXp136ywKfJAf5zDd2xVQDX2fTsJ43kZYzNXpb9W+/V2tUh53Ebj+kvxF2p7XAOzS1ADy4/kJmGm1GpYPfuGecec6ul0mn07KdLdQ7er5Vj+s0k2ByNTQy4PF1ODn5gTF7RyKdLZWyeAipmwx2+XrmdDTaVVNlbakV48SlRnH+xNgbU0HfonZ0PxKPL/AMTLxrVuX73Rqlg6Onh/UTl11pRRd9yyjUpb4QyllK8+sbOjsd7Lk9XVsYlFm087l3YycjkfKRqcEMjOHbrjHImJ9Z1g/Z9gNVrVIZgR8SeXiPInbvq7yvvq/EyAl1//AJp5zsvU9x2hYQAqOSHB/LmdnT6utlL1O6+PAyJvv61aquvdNMlePAQVb1E5/YW4VAc7dzBl9RidVcWjwpgAt4WHQzmfs+n/AC72lwNjkFCPaP8A8p/HXJat8NuAxkgzO970YIbwOGCqPWTawPoyXKvsGBjk4My3l/s+9doAQZJ9POc5BKpTbbTUueWBYj06zqaiwfbtTYCCqKoGPlOb2KVFqsPhqXdn28oVX/aO9sclS9m7w+gj+rvppoKDUBHDbEcO3GeOswds6hrHrUMVWxmezb12g9Ju71+6xSW2nqzLgkTlNp7TVpg3jUrYHb0Jm+UjZVbTtAp0qAOvDMRuMo1lgts07Ii4RxyM8H0miqhnpTb4Qn4vpKdXe1mlB38VuuUA6HMvP1CrVzvXKjxZkdRWRrqQCCWVh0xLH7pNWVcnaTk8+Uv1qg6ylqK2ATliB5Tr/Gv4tH/pzyBjhfnmc7tNWTaHYMcmb6fCjVjD7XJxjOPac/ths31g9dmT8yZz4+pHOaIGMyI6zu2bzO/WXtKLDNREE/xF/wAwnQJwxmCkbr0+c3N1MzVWLdgYkGs3GVniIZPSRVo68y1F5ldYMuXgQE59JAQduYhwIEi3MlniVBuZYDxAe6G6QJizAmWjDSuGcQO5+zBxbqv8y/yndu+Eek87+zTff6r/AMD/ADnoLPhPSG58V6o7dBd8szTQfDMmtbHZmpP/ANMmaKDx84GizpKzglFPQgj+UbdPpKrX2PSPXcP5QJ6b7q8ofhcYMz6kd3ZZUfICaLByjyjtMeGm4fiGxv5j+sC7Rc1snqslpD4iPOU6J9tiy2rwahl94GS8bO1rG/Ng/wABOb+1NX3ml1K/jQ1t8xyP6zr9op9+tq/KZe3Ku/7BsYdaWWwfyP8AODp4/Un/AJdvYiY169Zrv/wG+YmMdZXNrrIl6Nz0xMtLcTShkVrJzWhHylTjrLKzmr5GRs6/OEd7RuLtPW43EleT7y0rauO7U59Ss5XZlh+zsm5gFbHBxwZsS8BSGN5I44bMxrWrrRbkB3YfJtsdK55zY3rl8iQNe+wCsAZ6ZMa6e5RhbjtHRQZV1eeF8SgCQf7PgBtgPlt4MperGe+FjD6kS2q3TDisV/8AslEAtLnw3WD0AbpI2VXF1WjUsWP5m6TU14QDeQFPTImO+vVW2Zoapa+oZkwYEHo19bkC1ynquBmRsGzBZlLj4iHmhdLcOW1RJ9QsmdFUylbdtufzpM4rElqcVlGJHVkPOI0qpyMbwF+E5+L5yVlWm0rLsWtEbw5pXk/OJ+4yK9PzZ6WNx85nxTDCIuD3rAeShuIitSEZXcOoyIFH7sh2q2+u5ZBDZapNZLD1VcyYmLFrpTcEyufIS0Vqo3Bs+2JURWM+Xhz1jXa3AtZj6jgSMnnDZTare8gy28moN7hhx9JbssCku+U9oihYK2/n0zAgbbBtHduJL77O/ulbB6kYJkqmssJbazHyHnGSQFR36csAckwIHO1e9XaD6f6SJQXjg7V/nLlRjzWwK/lY4Mgy7gAp2t1wTxApGnUJu751VD8OesuIGAUKkefvIdxgKeGOeRmTO1TgEqG+uYESro2SytnkCSfeBhkH5syACtlWsyPliMKx5BwvkD1gJW3jfvwDngjpDcQqgsjHzIHWSdkIxg+6kSJqUnnPthoACijilzg+JusTWsp3b8LjAGJaAyqVrbrztPSRyDncNxHJgJ7K+jc5/DId+hxsTjpwMSyvbtOSmfKLamfJQfxekCPfq+Ooz+YdImIRckgCSfOepGBw0rrxZhXuVj+IbekCaPgbg6/KQZHFvNQwRz/pBq/Edt23225zBairbhdYx6Y8oVKvZhlVOhwNxiYNg7+EPoZZ3rbWTK+f6wrUEbW2jPlCKeNwqc+LaCJJC5z3lm5/PHGRLTkghsDb5iRceLcAR7mRVT2slexfvCOoJmddUU04a6oj1z5TeGrD+FgT+aRDMCSNq8enWVFPf5X/AA8AgfpJJtba6H5rmWEK4yx2j1kXNeChRGb8whUWrSze7Lk58m6wiGnFhClsN+8uBCEckDE3dnuauz9Y6nBUKR+sx8kkk5M06TjszX8Z8C8fWdHXr4u0WrXa4ZNpYeLI6/OS1HaW3TlKUJz+JWxiZNPei2Mu0MTjIP4vaQvrpXbTViqxid3OcD1xI4oV2tXb3moVGb8J6+eZc1zWakMqY7zp5ZI9BM9dLi5Gt27OgJPX3l9FY7lrjzZu2LtMCwaxCu16iLGPiOOYahUDVpUAoTpu5lBVixdnYkctu9Yh4GUuNxxLGo6+quW7R12DLhfDs82OeZTpNVptLaVa3Z1UpuyOfeY01OGZ1IA2Hgn+MrZ3RFNVdeAd248yV1l9Y64vqa1LAqVOQCNzHxDnp6TNfra16IDdW3TbuH6zC+++lrHIPUDcOD7SxX21/dku2OV48MzjN9N+n1jPp7LLUWsg+AN4Wz1la61dSb7lfDtsFoUdAJmK96MW/CRI2pdpArKrqCuwnbwx+cYxau1VjNds7xlFR8LIcZUxfabK13DWXqAM/HnE5m3UgsSGYZ5OeJdSfiRvlg+U1GGmjttVwvf6psnOQq/qZs7N7QfW9pNRc7WbUJAbBEx06eoKwas2MfIEKB8z1mrRKlPalbV93XVt27WbmalajuIoVxhQPkJ53tDW2jW30tdqcKcKqtgYnfGt0aljZd8HUV+KcjX6bRNqDdRqmbvPFjGcn+kWlcvThl7R09igB9/15no0XUNnJbn1M5DUlmreusKEYHw58WP6zo2Pr3IFQCA9WZgs5114vpOui0gbnEs+znBy8KqbSo77UJu/dyZcNMPN3PySTHTyV93UuMMQcc5PWVMlCDk+c1rpUyMpa36CV6r7LpE33rUo/ffk/SXxqeUc7Wpo/j22bh0CtiYtli0syulSn/qWDoPaR7R7epJ/5bToPRmGZzUq1vaj7yTs83boPlOkmfXDr3V9vaNGmx9mXvbunfOOf0ldeh13aLd9e5VW826n6TqaLsynSNkYss/Ow5+k2kbeTJe/9MuZV2ZVUPAOR1Y9ZcNDk+Kx8eQJm2uvvgSmcfmIxJdzWh8V3i/+mu4/2nPyRlGnQD/DUEDHEvqY1dEBGOhkz3dfKozH/wCo39oHIVXwu70HpIiS7bDuCPSfLzH6yF7WKDlVfH4h1gXO0srYGM4lOoO2t2PkJlFzUI1QdmHyAMzb/wDmA69WEdhautTufL+Hb/eRQVlnbc67V3DaccxPqObSwHbN/gD8sceU6LAmzUIhCvt8OV8/nOYN1fbNo5c/xPE317XxjOX4OZ06+rWvRd5Y2y37uwqepz/GcnsJtm9epazHPynQ0yldWHBBU+HO7rx6Tn9iEIdS6rucsqqcZ2gnkxJ/1GrS3i59bYPujlQyhuOD1E0WjvKhnap5GV5H1Exd4F0eqtQ5Z3Vf4y81G1krR61sT8LHBbjpMgrU6TTGrBTdgcc+flBlFdtSoOFQocSOmuurJR1OUJzW0nUu9e9oZsg/A/pnmAzqEtdqO6wRgLjPPGcZlj0tq667amWs1tkp1Y59Jld7WTuWuWutyd2Vy3tiaq7VS8bTtVjgOB4iPaFiDJcoKP42z4R02/5hKrKGsotZ7d4sIHwhSJO6q82F6gqB+UBO4t65kA9V+o7vVU1Jbt4Kk7WHnNQSsXjvLHQYVSyhvF6ZmpnutVWqGAwAZV6qv95Xpa3QnNVS1qu2tQd275y5spWrEnwdSvmYtNCafuUWuvcx5LN0OZx+02L62zOSVwvPnOu5dnUk53HI3GcHUPvudgerGa4+nKo/KRjOfWKdWwZneaDM9nUzUQqs98mPNhNrdZio/wDUV/5hNrdTiSqiRGAesY6SQEyJIJYTx0iQQcwqsmB6Q85EwEDLVPrKfOWrAHEhnDS4jKylhiAwY26SGZLqhgdP9m2/5rUj1Vf5melJy3rkTyX7OvjtKxfWr+onqgeV+UNRDW89l6r/APhN/KXaNxsQ+qgyvVD/AJHUj/6bfylejYHS0Z861P8ACFdQhWQH0nN7Rfu20h/fYfwm9TlBj5zm9s8rTj8LMf5QOhWRZT7yvXqX7NuHmmHH0Mr0Fu5JsZe8V6z0dSv6iBz9M3I8uJqtJTVBl88Gc3Sv0HmAJ0L+a629oVfq07yhsdRyJnqRdRp7dM3w21so/SbUG+kH14mSo90+PNGz9POEeAtBXTFW+INtPzEylZ1v2ipGm7R1iDo1wdfkwJnMHwzTmKjgzWkxA4aaq28MlG2r4WHtAgheZHTnNgHrxLhl6+QMyB9n2Fbnr253r/ES619Slg2aexskcg/xmbTsKtTW58mBnXZmUkU15TqzF8t9Jy6+irvrlYOyLWMbQXccy8X2KvI245OBMd2m1N9psSruwPCrHk+8soS2isB37z0G0CTSNTuXI32FQecqcRpTtJOn1LepLcgyFYrODsXcxkDUHbcqKpPk0s6aWd/YpO9O9Hlk8CWJqBYfCKt3p3spGd20nLeijMmumosB3llYflE3Kq4d7/8ATH/nmPHrZj5TM1VFJzWX3exMrW61WypZVzyWs3f0gX36Q2kMjkN6GUItunsFdlVVi56OMfxku+vO7ZqEb0AA/iZOu6+xtj20H93hpRIapvEtGnrrJ/EVDTK66vcSb1A6HadvHtOklKhRvVc/pItp9O+N2nUjz5gYHVXXZ3gXnB43dJXYqVhQLi3kvdridCzQaMqTs7s/mB6TP3RqVtgqtUj4ks5mbBX3SFCzW53eHnjJkq0asgVkZH4j5xm3SNhPs9vJycHGD6xH7GgJ+0FWb8LtkzPilhi18+IYYHqsY8yUXeRyw8pGp6ESyyzVLsXg7V6GM6jSsQlbsWx1xwfeTEwBlzvIVs9WzJAKCucKvQr6Q7qquvctnj3cfKI7mdn7tAr9d0iKy9e4HvNjIfCeskLS4awOGHTPtH3OF8SdPIGH2cKxKqACPhMJ7FpGQNvWB8m5UAfDAIG8Dnp6GM1oyjCsMceE8wqrUW964KKQQOMeUznXWIyKaLNxXazKMjmbHRFwC7K2c4kiFSssqKxyBgr1kGT7ZWqquxlLcjIODLdzkjapz5iXi/ex8G0MPTpIuWsYBavh9DKqoNbv24Az6L/WPftx3gLeRXEnl0X7l/Hn4uDj6RVjumO+zrnLHz+kCI3jLr4VP4WAMTUb2PgOV5zj+UsZdzMwbjHTEK228qW4gVtzjvGPtj0k1G0YV1Vj79ZIsw3CxiFx6SPdacfCp+ec4gxE7lRmdt3PpIqiiwANweMekuJUfCO8Toyt/SJh92Bgj0Ydf1kFLNs3q4OSdvHMkHSshGz/AOUv7zvakXulDqOSW+I9JAOyMCaCq52ncMhjKuK9wzzW5J5AVcwq7xlZu5dRjlbBjEbB7cKlnd55O1YU1907f81bl+WDcgmAI201jufATg5MHu7tnPCAHaGHOPKXKShz4uefXrKnQ7vE21ST0HlAibUbkvwcjPsISmwtbqqkYhqR4uB6dMwlwc6adIf/ANu1/wDkX/8AKVWUXVVi61NtbdGJHWW0o9fZ2tNqlVerjHPnNSt9fGQ0I9RBAZs/FFYwrY1JQpJXcXHLSuhW3gjLL1EuFuL+84CgbTtMOCNYG8uwZhj8I+GaDeudyXKVHmvkJRbdpK70GldjkHd+XMlp7VR8oiZHky8StRZbeu3JfI/NK3fcykeXE6+l1dLqRqFoQ/vYlt2g0l43KiK5HxVw6Tlxwnd7S9Y8Z4cHpHRVVa+zncuS4HE2po3prsFgDpuzkfzjqVakcAhtzbs45xI9P5/jt2/GXU7yQqquxV+ETPXRcnUNSHQsNw8/SadRaApIbHqZSVXuwvjYFfXmHP8AbnPaaV/f9zlWdCo6nHPpNrKNzO7ILc4bPmP9iZDSE2mwvhfGfH5/lmjuGdQbdo8sCZrzdE3csFzUNvtDbW3wr85Z3Va5yG8XHMnlB1IGPaRnFSaZnBLZHORt9PeDVrZ4WVAiHI4Gf1lr+W1sRI5ZQNgHzGDGqqNaKoQIIEbfwNu9hLsDcCevtIP0xuMoqFtjP4twzxk9BOrXqqaawp1Klh12pnM5qBduEPA98yzaFTexCoPxNwJuRuemq3tHcuEtu+igTK91rKzW2sqerOQJztX2xRT4dOvev+Zuk49+p1Ots8bM7Hoq/wBpvxPJ2NT22lIKaYu5/MznE5QOr7S1PBax2/QTZo+xmYhtUwT/AOmp5+s7dVdVKCupQqjyWZvUjNc7RdjU0sH1P39np+Ef3nWC54UYA6DHSQUEDzOI9z4O2cr1oe09QMwG7OQgHuZEFz1bj0Akt444IkAS7kBju+cRQnGGxnqT5SS+I88D1iW1WXKjjpiRFg0/VkeqzjJ5xK3Wys7G2hg3iJPPPT6QsFa448R4Mjb97Tj/AKiLgZ/EPSWMnYO5dltA46gecx6vf3docAAJJDUWW4VirNV6iKxz9lYKgyykEE/xk/rKWpLrQni8ZULz6ypn21Eg7l2qc/XEd+LbqEHTljn2Ez6rX1A9xUnfWEAbK+gl551YzBu67dRsgYZTkzV2jrj/AMTuXS177N3xH4VmF6rb+0601q7TYcMBxxN94QIBWvhFgUsePLrOt9NMtVNq6mrUX2l7+ozwBDsm01jU84DOgPyzLbGwUZQrKjYywmXQ7t+pdVU4Kk8fvSfYjfoT/wAsSE2ubcYHzmVrG7+2wkMN52n6zo1b3rWxsAq+ePPyj7P7P7y4VUWgYGXsIwTn0EzISal97rNKlli93qE4GeAw9JNdHc9JeikpY4/F4cH1GZ2dPoU0yBak6fiY5MsKAcuV/wDKXxdJw5Sdm6y0DvbaFUDBA8W75y8dkJkk3c+uDnE2NqdOnxXIPbMzt2voFtFffNv9NplxfCKv+E6VK2VnZwTnny+Uj9k0+kpZvs42Djcw5MdvbCl9iVllIO1iRgzLfqjdanf2KjFsLu+ASJeYk52puUhKyPMYIlVpQbKwoKgFs9dxmS0smoepm32OPCxyQeekdaA1oiWFSCzqPUeYmbHKrBeWZ2IHHQzjtgTpMNuhsZS5CHb48Z6YnMM6cRqImLzgYTo0DM1vWaTM1vxTSDT86iv5zWTzMmn/APUJ/vymszNU1li9ZWM7paJBYvSQcyXQSDGFRiJgTEYCHWWLK5NYFo6SLjiMHiIwKjBTiDyPSUbOxDt7ZH76MJ6tfwzyHZbbe1qD6kj+Bnr16AyVqLLx/wAvd/8Aw2/lM+i40VB4/wANf5TTd/6d/wDIf5TH2c27Qaf/APhL/KGnVr4QY85i7RTeuPQTXWcVzFqbf+cNR6d2P6wivQPyAZ1h+FvOcLTnZft952qmygkWuFnuu0NRX+W0/p1nYX73Qj93icbtX7rtdyOjhX/p/Sdjsxt9DpKNGkt+7RG6mQ1FezUhscN/WZ7M1LW3oxH+/wBJpuIv0ufxL5wjy37Z0YbT6jHxrtJ91P8ArPOI3E9l+1dXf9gmwfFVYr/Q8GeKBljnUm9ZfS0zluJOl8GKOhWcEGa6SA7AnzmFD4ZNw6XF68kMASJBpekmwrnC+vtOtU4tpR1YhsYOPWcoWXNVuaobk8s9RNWg1As30rurPxjn9f6Tn0NmGPxb/Zm+GSGW25dWH+WQ73OGy74446SeWfldq59ZhUTgFSS29vwxNY/VW244O7niMFg2GcNv/C0B4mGbSC3UHygIICofBz1GI6scsUPXjJxiI7xtDO3hbjENxJAdSF67zwPpCrxejqUK/PbIGnSDmyolj+FQc/pKldnAfjA6mSTUWKQ6728ifL5zUqmatNdkJ3tZ96+JE6e6vG1i3ptBGJoOos8PIxjmUtqzgkOW9BNeQrptFNrNfW5sPI54/QzQO0dOeu8f+MzXaq87NoRvb8UsFzsp4wwGRuAOI8laG1tCKCzlfPBXmZn12idudPv9wkn9pCgrewBxwW45/pLUorIDmmtvfOeZZRmarT6lT9nqcE/mHhkV05pyG0ldo/MVm0l6/DVQm30DYmbUPqHC7lKqPU9JUSoeyzKqtNaj8ITrLDpS3PhHyWZKdKb1J74qV446xv2Zz4NXd/5SC46HDZZGf33bTImh0Vu8r4/ecGQKXVUio4IJxvDHPEj9kLDNjbh+8d0mCfQbUAf334wIhudW30NUM4Hiz9cx19mptG22oMBw3Ux36dkX/GsD45ZUwp+cz4pYCh+LOGx8XrJbQPvGBOeD5SpVucLss75l64l1iOoUsvIPnzj2mcMQuuoqAZrMH0IkRqE3Dr4ujEdZJdqKWZV8R5bH9ZIstZVW4Bbr5SJiLs/iKgMR6nAjS0n4kQHy2mPUKlSoWAsTPOOYrOK+8f7pT0DAYPylUM4Tl1Cnp0g9uWUbAT08Uir7a8sy784Xw/xi3EHYx3D1HlAkGOSjDAz5CNt6eZ+WJEeI4688nOJLhT5hfLxZMBkl18ShR0+sgtXmrYGeQIwGNmSOfIRp3mSNrDPA5gR7vxBkRnOTwDgYkVNnw2/CRkDdgD5mWb3yu5z4j+IYlbWou4YcA8FeOYESQm05Ug8jBhehJ296MMd270ETjSrhrkYcZ2v6So0bMW6Jy6uM92HyTj5wJ0b6bNgZip6jzEsFgyy2hqxz4tuZNbra2Kb9hGNy46yDdy+VU7yvOesqrNPqqTT/AN3w4U9Mc5md9Q1luxKixX1PGJZcaUsRVcKjc5bopx0EeFZERLENhO30HXj6SCvHB2VN0ydrQk2CZwXs/wDFsDMJRmz9q2oVzXW27n19ZH7aL9HrhUrdytRAOPiOesgHWtbClQFj/Ey9W9FhoatTfVqaVpZN9TooI2gHjERmT05Ac1qNj4cnkS/TWVMtiXFlz+NVyZsr7Bsr04fUWbbEbLjdnw+w9ZgG9bmaypqx6H09TNphGqupjh2Yj+U0aRKnfb9+3tUu4yy1Eao217NpOMzr9ltXTokwQrNydiyrJqhf2fsfZ3DE7/8Au8MJYdLqeynK3puTOM1nIBmyzUUhdzizb67cRa66rUdngId21htYODiR15ljPZeLKWdMuCPw8kzFXaW5GV+YkRV3FrZYgN4hgzLqNQSoVT8PEPoc3ItLmy0VMxcO4wh6TsPpatGigndqbPhUfhE4/Zw22LqGIyDgD095qu1JYPcfvctt255aSxw/XKMM7AqqlKj8QPVpJ2dslbG5OOgxFptRqWXL6arHvwBI21rqGUajcUU8IvCD+8mPJ1FrA1jxsFOfnmJ9pUAsj+5yIhVUnFaAAdJMDOBjMy5q6/CxLttHlz1ljWjcobcxP7uRGErH4Q3z5j2hVJG1EHUniMQNjjJ85F23D4FK+Zb4Zh1fa+m0/grHfv8A/aJx9Xrb9V/iOQvkvQCdOeFde7tajSrs06ixx548InH1et1GqbddYT7eU06bs/7do1t07YsrO20MOMeTD1nW7O7M0+lXvMd7YDjc6/Cfl6Te4rj6Lsm/Uje47qv1bqfkJ29NpKtIAtC7Sw5c8kzQzYZgDnyiRx0HpOfXaWpJVjGPMZJgx2Y9JTXa7WOoGBjrNWhr72+sEnauXb5CctD1Cd26L0IQbv8AN5yh22YwCZo1uSK3PO7cf0lb/c7AV8YXn/MeZQDJX4YrGy6AjBHMiC+Tl8ufToJBLgWy/n4T7SJaZc4tAzkespDBKWq3Zfd5ektXIuct8JkUrQuxqUhyCxweB6SM6lqMd2VB6HG6KhzYGU8Wpw395OxB94yYw43BR5cciZNcaqakvut7tiMD1b6TXMFdtmwd4nhL5Xjzj1Ovp09JS45dseBRlpjFupvqY0AabT+d1hwT8pXRclTFez6jqL/xaiwdPlOk4/2vittOp1KF9U40WmxwCPEwjp1DMpq7H03c18B9Q/WU16d79Qzal+/dTzk+ETrLfYEK01V7EHI6cTW4a5dlLrrQX1ALeFtzg8nOMCarn3VlD+YZHuJVrbT3lW4kHwZ9SMmBtxdcyocrzzwCJnr2lQ1GWpAGMmz16xaAbdTraQ2d1RGR7Q1RDVo3k3Mq0B2698HqjdZZ8Vtos52u2F2njPUyvs9ylZNmNwHBbyi71G75z4W3eEeSytBnBbOSI5i8ti6ptxO5gPJckxNbzku30lVbYzk4EZsIzvGF8veabSVqwwO3xZ65ia2vay5YbW3DmNQi7QoY2Gaa9FY5VbAFV2yy9SJmms9QV1yroDk8HqT7S5ae+tFdmG2uM4b4ZVbpEUuq0ts3Z3gcAj0MkmnF1TK+o21jxJ4fEp85hjV9gPe2Ypt2bSF3HH1k6qOERgK7ax4Sp4MVFuxlSwsQeRuGMiX4qI3K7W45yBgAyMsXabY0uT8TuOBOQQfSdPte5X7oJ7sQRicssZ24+NQc+kUM5jmlRMz2/FNBPEz2/FKg0/8A6hPr/Ka5l03/AKhfr/KamOJKoB5ly9RKUxNC4HzkDaVkyTyBgRJkcn5SRkZQCTGJGSHEirFMDAe8cCtxKTxL3lLyi3Qf/wBR0x/fns6uVnidGca/T/8A8RZ7Wj4ZK1Ft3/pn/wApnP7KOez9OR51L/Kbrv8A01n+U/ynO7HYf8N0x8u7EjTt6c+Hnn3nK14f/iD2AeHhf0nU0h3Nj0nN71by7joXb+cEZyfvMzsaU7q5x7PC86OgfKwVi/aFcajTv+ZCv6H/AFl/ZF+1xu6GL9o0zptO+Phsx+o/0mTQP4YHb1S7VYD8+f4GLSNvqdWHUYkCxelvbBkNK2GYZ5zKhaqoansrWUN51n/f8J86KsjFG+JTgz6ag++dPJxj9Z897Uq7u9H/ADrhv8w4ljNYzJI3IkcxA8ysujS3E1bioQ56grj/AH85z6Gm4Ed0D+8JkW12uMEgY9JoTbTqEcDjPPyMz1LgnccTQwzWrgbk+FhM0dQqUGFw3z4kGVS3l9JXXbadOhHIHhMkrbyUHxZ/LiclDKcqFc4/Ntzz6Sb4XliozwnPxRA+bEpx59I1II2sOB5YzzCoJZlV52kcEMMYjI2KNy8+p85IADdu8XzEB+RMsx/N0kEPE/CJkj9CIyp3AAMskx3bVIOD5SJyQv4h+71EoeeD8SqfNoOxLcAMPMRFfCwtDOPLEgMksoQVqOCo4aBqD5KjjjruGcQXua1G9EwepRZm8W058PuOklW4ztV1PGZVWiyggpUm1j18OJXbp2r8dZtBJ6qTj9JLwORvRM/mYSytO7J7tUA/dbE1FVJraUrUXWWh/XbmJ3012P8AnD8iJZbWjgb22t5TN4FBbuyP83lNILK0GDVbvHtxJVvacg6hqlHQsM5ltVdFi+C5sjqoI4kvslTjkv8A+6BBMux26hrMdcLK7UcWAp3nvkGWtptrJ3NrKc4yRLk+04J3VP6HlZRRXbpmcq5KP+VzjM0GpPLcB+60puouubNiIMflOcygd7pn48HquODINjUad/jqzn3lTaGtQHrdkKjA3MMfyle7WN0Vwp9AFP8AGQr0FjMDeqvjr3lhbP0jBHvNjFGsVl287M4isuVRjJy3wh5cmjpss2YNYH4EPhaba6q6hitFWZ8RzqGrbahLZxuZSMfxk+7RBvxjjw5GZou0yWhlVa1LdTgyp9FqGqCNqVKg+EbekniiLIDyW6oRz1i2gV4TC4OCPMiRapwGG9OvmeB9YxuRzk7uOvTMyJqo8JGVx+JZDuxuTeSTuPOOkPvFXeFzAG41nKI6nqCYAfhxnqfDEiMqEqzepyZNDenhFFKhfhw2f4SvZU7brqlRx8+npiAXUU2qnf1s205HPSWC1MbfDgevSFnAZ38IHAxIsiuqlApzznrz8oDHPxluOOE3A+0VaKuRVVg/u9YPkMGZ7Ks+XQSBXNhdrQcjG5SRAm4cYBsIyPxrz9DIu2E8Nta2IR1XnEk7gKAjdPDt/tM5t0/eE2nJ6bgvihUm0+/xbkdz1JXOPpmHcup3oBu6EgSaWq5yLGBI4XpuEmHDhmRWC+5GDAqDXMniWk48IBOP4wgLKkcEEUp03dQDCUYmt28i5WVvECOk6VGa3Zu+Z1K4/wBZn8LAN3KoqVhc9efOUG8vhKlfdnLEmZcvrVtdEYVMpZuTuPLTRXb2fRYKHG64/GwTcGb5mY9PktsFoa4n4EG4j5+Qlz1/ZNRv7rxFeSW3AeuBNcem5GnV2aDUVmj7MFJPxhfSY67LtJWEQYVfwMnMh9rtsYpXpb9zfi2jpNdARS1VYsYj4i7dDNu/Ek+st/aWoA8KV7fNDWZztTraXsGzTmh/PB8P6Tt3afVO2KtRVWn71eWkbexXfTDZqWsbz78Db/KHTz5jzllp/Nn5GFdTM/iz6j3l+o7P1FKh3pGxz4WrOVb5TO1wRKmRzv5B9vSUvetLWUo2ysttYc4PT2kqXppC22/hztA5Mxh3s2JWu5mG0DGczqaTTjTjvLWzZ79F+Ubjj32uQ2W1qbMqp5C/3l3BxyJFfH8KsfkMy0ae1VLtWyoPxNwP4zF9uNVkqvMnt+7SwOrVP+L0PmDMWr7U02lJCHvnHkPhEt7Ov/4r2VqRchA34YL0x5Ee4jxz3SMuo7T0ujJ7tmvs/wDtE5lmp1vaRJJxWPfCrNCaCjT6006gvc4XcoC/4nptE6afs9qLaPtPati1VD4dPX/X0nSZFxy9BoharV7GvrY53VrllPqPWbtP+zzhha6W6hOo8GF+s9fRp69NWtVT11IoxhOP6zLVfsX7Ilys3etnP4VznJk1rGFNDqe7xp1UD4Wsztx7LLtN2Zcjk2tvxhXUfOdCyxUBRblYHnNnizMOjvtTVWLtxU9mxc5K8ejfPMx1RzrUbT6izBU1q+3MpLZtu8QIXLcTsnvQpuor7y2lirr+dOvP0MyaltJqdSdVWjj7vaSDgD/Wc3PqMtYCqRghtg3fMzoVINPpbFBzZYoGfQZnP0lga2ukitE3eHjxEeQ9zNo1Fi077uGDbdtfO7059ZcXlZqe7Siiy1tq1lty45bnoJmNtupYWPUKq/JW+IfOXVo3d02Wjdc+5kXORWP7n1mYq6X93YSu4ZGZVpoVS5h5dRiUFXSyxqNodm5JXMuZNpTxYydufSV7kG5mcLhcl+gMjnUbw5Kfe+JMbj13ROtWiU2W3KGY7fCM/SVVuEF3cr3h3AN5Bc4/pN/ZXZfP2nUubHZy9St0Qfm/SWT/AGSK7KrO7SkEVIq99qbj+BfJR7mcbWamiy8WaeltTZ8Fe7lKwP5ztdtWJqydFWzLRnfYR1c+/tOfXbp6KUspQBOlaj+LGa5si2sd2jsf7ztHUbrOq0qeF+fpLqiBmtQoQkqNoxJgd1WdSBu734N3rjzmREutsZ2sVUqUWOze0u6n1PShu6z3i8ksy4lgsevJYEAtgEwVQz7cZrU79n5vSLSI9iMmoG053cnhRIDW+IraQD90M/8AvEhqL9ybySw5wpPEv1m23SvYgwoChflumK8sHsUVFq1x4szSm4Y11F1UBOdp6cyOnP8A+5grzwfPpxIVq1+O7VsucLtG6djT9iJQq3au1ksQZwpzzKuOZ363JZaaeM4yvkf6TUNG1gUrciqE8AJ6+5nQWzT7C58O087V+Iy7QJXqdYlXdOu/JfkdPp7yLI5K6dAyOrraoHiz0Etr0zhkak9/sOQpWetq0WmqB2aatcnnIzmWP90pZmVEX0hrHmRoNTdju6b0LYL5Xr9Wkl7J1j2WeCmotxuBI2/pxPSJZS9ZsS0Mvmc9IUXUX5NHjCnGdvB+smHi5Cdjah2Xfq9nGGKt1muvsnT1LvUWWP0LNzn5+s6G8E9Jm1LbVs6hVXdwcRh4xywmi014YCy+7y39AZF9VbZnJA/dUdId4Eqx3hbbyOPiMqIyzAlQp6HPtmZZrj9qPv1XyUTFkeZl2tbdq7WJJ8REoG0cztEHEDiGc9OkRlUjM9vWaCJRbKg0/wD6hfr/ACmkgE8tMum/x1+v8pqMip1nHH8ZcMDpKqxLfKQQbrFGYjAj4R1kScyRkfnKCSBzFJDiQTWSkBJCFDSh5eekpslEaGxq6CP+6v8A+Qnt6ODieGq/9TV//EX+c9zV1zFWJ3/+ms/yGcrsLxdl0+wI/iZ1dRxRZ/lJnJ/Z7ns2sejMP4yNu1p/i2jjIxOLoHKKK2nVqfZcrHPWcu1e61Vi9MO385CLLxgzXom5mWw7qwZZo2w0DX24u7skt+V1P8cf1nJ0Tczta8d52TqB6Lu/QzhaU7Wgjto2dPb8sypH2nI/MJZpfFW6H8SkfwmVfhb5gwjoK/3in2nku1aEtu1FLkrsvbBHlnmemRh4Z5/tAgdu6ur8+1wPfaP9ZWa87fRZpzhsFfJl6SrPM9EagfDtBB6g9MTDquyxtNmmBDDkoeh+UrLJS2JvqfNL7eu3P6Tl1NOjpG8YHrFUxY3B6sJs0jd8GRvDkYmFDt4PlL0fawaZR09FvVbKnbGPED/A/wBJrfccl2GenXzmKqwG2pzylh2t9Zu7oFg+SwGQoM5dT2K1wA3wDPxKPKSPwYVj+kAzhAVrVcnq0ZHILOB8pGhtb4mG7bx1x/CRZyG2gqc/yi2Kxz3pt+UVle0AIzYbxAwA2E4Nm3HT1lnWwMwxkZBx1Hyle9mcKbFYjkYklYILCzWPx1J84EQxV9yKSc8kDMt8e3JIKt0B65hl1ION646yD2b92zHGP1gPx7gc8flkd3Xci5XncP6wYbgVQksoBYmBSxUxXZ4eqhh1gLdThvDyD0Azj3i70J8R6noeIMdU1eClS5GC3qIOlvcr8DDOSD6Si88KCyjGPh68SDqu8BxnafXykdtSuvgwenDcSYXwkKhXj4jGqqfTV9e6XpwQ5zNddpKgHAYDiZ9qo+0VKG/N7x2Ul1PIBzxmXUWWl+9q2tzzkf1kxvXGLxt6bcAzImnK2K6WbVI5I5wflGU4OWU+hbw5Msov1GsFGAqixz78CUnvL3XcThuvqJPO5dtjjOMcdflGdr4RnRfkQDLrS3T6UVEnvHb5wvpvYZru2egYYzILpMkksT6N+KNu6p8T6hiJRkCanT3D1I/zTVXrT3eHr+88tvwmS7/TtlFzhvPaeZZ3VWTuryD5EwjOO0h507vXY+cQ/wCI+MDuGCnzZhxDVIqEbaW6eQzKK7hUwKqrHphpQrtTXqiO8NJCjH+L8X0kES0WF69O9/H4mJWajr3Hw1VA/vNj+ks+3UBM3WKCOuzLLJgyn7XX8Oi3N6s8h3t4vc3r3Yx4cZ8XrkTopfpmUsl1ZC9TnpJ9/UR/iow9jmTxHOruOGIXvB7NLiQXA7s4PQ54lllSWHNa7T1JC9ZnsqurVlu1dSFx4Cyef1mfFEwXYZbG7G4qeeJJHDYYUKy9Ad2JQiipNup3Fh8DIccRCypi+2xrccDbjP1mTElKsUDHBI8IJljIMEWFcbeCJE2Y2WIEPBHPG2V11/eBEI2gFss3Le0C3u6Ub7xV2n2gbsPtTYqqOCoAzFUzEZK4HI3A5kWqVnBV7Fs82AAgSYK+C9KWjdge0rIL1jYoQMf0lip4n2gq/RSw4MLC/eErsx8Jcf2gYrE2lu9e21fiRdhO329ITaUcIPve7z4hCVXHNtrtutsYjHw9AJprRb2VbcJSB8KcFz7mY9moZ3sNa2eLlM+ICXaYh9QbdSjKiZ2U+vzjHKenT3oKwulPdUnwcLjvGk07OqcF72YEeSttAmbS9/q9WLjSqUp8J8h7SjW6m3Xao06dHtRD4VXz9WMOvPqe3ZRa+6xW7d3+43X6wSumhC+xgCeB1LGYezNPdpC76lWqUjivPxH1m6obrV1ep4ULlcnwqPWNdJVD26lie7odTn4WOJn1Sa+xQHrXZ+UEma37Vo1NjUaNbLX/ABbB1+Z8pqSu8qH1G2sDoiHgfM+csLjz2rtWvTFn097Ko/xMnCt5Y4nIvrtrsPfoUYjdtM9bZr6dQv2eorYbPCxPIUec5HaugNdA0yVtZch+7sx8dZ8ifabjGr+xey6u9Wy2ywMKQzDI6sen6Cd5U0tVe5UrqA6s20zz/wDxans6mwGuuy9yOM5CADAE5ws7V7eu20IzL6jhV+suM2u5r/2mp0qlNM72P+bIwJwnt7V7ccuN5rHVzwi/WbF7L7O7J8faFg1mp/7St4V+cot1uv7ZuGm0dRKDpXUMIvzmmVLUdn6AHe/2u4fRB/edn9mfteq1Fr2Js0ttexSfCN3lgTR2X+y9OmxdriL7uu0jwKf6zt2211Ly9SlenQTPXuNSOXo7U0utCXVJhsitmHNbea59J0XFdnxU1M3kSDMvbOmWwLfWPBeAwI8mlen7V2aFmtFpevwua/TyJnPnodFCe6R81L4QSdmfKYezwbRrr0Clntznb1woxMN+ue2ofc2DC44t/mJRRmqkLuYebBc4Mtprv98AtT6jVmtdudo65lGj1+mV1pU3ON+FJGBgn/Wc2pQwJqBLY5HnLNN49bRRhgxceHHpzMWmtZVu9uRc5akPwfNeDOfrdiaVLKiKyzbgAPiPRp1Lm7vVd6uMoLP0yZi0439h1l1BKEvgnHhPrOcM1h0aNVVfq7DtFasEdvJj0mrTVX37L7bHTj7qleAPc+8rK2aihH1Hwo3gVeFPpxOnXwHbzVZtn56VOx33unSpCq+2Jz7sNh+8wV6585vClOzL3I5bA+fP/wAzjVnfjvie9xkoh8C/P1MSJUrNWlmuu06qVKeXJ6RVsp09iW7LAmQyoOAvpKdUbRqaXRttfefeADrwOs1dnaM6jWNRUrJ3viZvLHmZqsrNB2Y+qY26sAaWq4lEX/qn8I/vOrr9SaKHYKWcj4VHJ9povdKagUG2mobKl/r9Zwe07rTX4LmWw8AKOTn/AHmPrXxnsFvU1tl2A25/UyFy1s1dSYFeMcdVUQV7Kl05die7q3WDzJPAi1CJZpSKt3wjocZ9swwqGoL6ht+zbZ4FUHIx5SFipV2XdlmIsuxt8wB5SS0UtoTUH7t1IZN3UMOv6y3UhLa6e8GFPrxnM00zLa7VL0XgY/tLkLNXvQktY3dOzeS+0TbuDUOGBICjyj7PvSy9aCeLOMj1lqlrSU7NuXn469vuvrM+zaFDOzEHcfnLtZa5TUMqkArXsXz4JEqVXe9a6wSFHJ+XWWLHc7Eq3VvY1YDfml9uh1OqfPwJ6sesv7LrRdDTtOSw3HPrN3TqDLW5HMXsavcptudgvO1RgZm/T0ppiTSu0kY3Hkyzd7RF0/EQPrI0luf1Mfi9ZDvVAJ3DAmS/tTTUWd2Ra7nyRcwNR01O112+F/iAON0L7q9MlSN4KScAJxic+3tV9uKq1V+uHOZit1DW7Gtt3XEctt8K/IQj0pPAxjHrOdr7d79xUSGx42P6yeh1Ct2bUxdmdV2tjzxOfdstZnV+WOTzzM9VnqmKdjb2O7zPpKxWuNxdumNvvJFyWCbjuJzK7bNldrY4Csf4TE+uevPWNvsdvUkysgnrH0EXPWeiNCEM+kUBSm2XSq2VEdN/jr9ZqmSji9PnNoHikVYnwyR6Q8oN0kEDF5QMXMBGKMn3ilDHWSiAz0jxjiQSEcgJIEQpmV2dJZu9pW+fKUVV/wDqKv8A+Iv857mv+s8KhxfX/nX+c93X5xV5S1P/AKez/KZx/wBns/Y2H5bD/ITr6r/0tv8AlM5XYQ/5a0dPvP6CRt0jyRn1mbtFPvy4/EA01Y8WMyGuXdXW/ntwfp/8yJGEHwS3THDSlT5SdJ8UNOyF73T21/nrYfwnm6T4gZ6TStyn6Tzrp3Vzp+Vyv8YSOzoG8Qmd/ASvviT7PfoI9amHsP70IdZnn/2n8Pa6OOC1Ktn3yZ3K2xj5ThftWf8An9MfWj/+YyxKjp9algC2jxfmmtR5r09Zwq8HoeZt09tin4uIYc7X0/ZtfYg4UncvyMs0z+Ie0u7aG4ae75of5zJQ2DKrZY6ra/zz+sEJbrI6jjY+PiXrKt5kR09I3xUscK3T90+s6gcNktk/ibHGD7Tzle4MGyZ3tK51FHxYK4zn+c59wadu9Q+XVvh/+ZEoqHaQzION3WPbYG27j1znPHykwDvGG58wekwqt0ywKplR0ZjgCIKdpJzjOOuZadm7xMpZhj/SJWQjaufnjEKe19oKAAKPT4pBe/Kbuq8kYbyjXghzZuVuPTH0kiSOTlgGHwwMzu7UszIhqB2sN/iU+4jQLftcZDdAJYQ4sJCnd03Ac4jF3XY+0c4XoYEMO+Qz4ZPKRGnCWbkQbR+//STUYsRmPhbhod9j8LHw48I8pEI5cgbsA/vYjNe1V53KR1z1gUbayr65DHqJPu1rcjDOB05lVUynABXauf0lhpTdjvPh6848PrGTvLEkkjqvkJB0VihI2MvXzOfSA0D1c/dls43LnJHvAZUjwlT+X095Fiy17UUOCc4I6yYCrjYWVlOCDzmEDpfX3nd1hh8QAbb18s/0lIuvawr9mdsD4jg4/SXAbTjcUHJ85NWsXa1dh9+MjEqxSjDUFt2nb5hgf4SwUOuNqWWJ5qVwRLa7UTwjp13essF9bDK2AzTTMUc4DblT8sECVvh0LAcj8qiaxYLFPt6ylkptyrbdvG4k4yZUXq7bRwQPKRPUmVmvTruIdV4xw3SVvdtVdupXp+XkyjSrHyJgyg53KDnz2zDZbep3i7aPZZJX1hHDOw/NsgWnT0sQVDAj2yJU3Zxzuqs7r/x4kvtDgYNgPvt5lZ9d7sfcwKfsrKWXfncecDrIV0tRkI7qT18U1jeynYSDIDTXP8e5F88dYEBqtSnS1s+XhzLjTdrFYamsFPy2D+UvoU1Ke6BGeuZfkecoy06TuVRFxsT4FOTt+sT6axcue6Zv3V2kzXkSOeeszgwbEVSzV7mX8O2NkFysWpKMo3FgOntLtQ+rbKVVIR5MWlJr1ttOy1K7PZWmcUjQ9dgakZJ/Co4/+ZBanbO3huT8R2/X0lmLxZjuBvHOAef1istdDlh8Od22RFi1biMMh/dzM9pppXbc/cP+7gnJkiy24Wu50bbkHblvmPKZbbNFShfWVW3W44FoyzL08pZGKnqb00/d2MGvpX4mDD/ZhMtFVWosrfs2rfXZwyN4SmPT16wlw1z62diN9pUdcKOsvfUvuJGxBIVKxZqwRwcEy7YiMEF1bOfQQiOdXam2i9wv+bAmjTvb2fWqo+20/F7wHdJihdQN2fE1Yziatm3w1cr6t1maumuofUWGzV1C1eq19Fz6mGpP2y1TbXtrH/TVziMAnlm5j7vefWIvlVteouqTZSa6E8lrQSlluubL2uzdeW4lOo1el0Qwz7m8kX+85d3aGs17d1p1IXPwp/Uzcie66r9pL2cDsvLP+VAMTlantTtDtO3ar2MCcADoPaTq7KVXT7S5sc9a0Euu1FWnRUuRFAHgorP8WM3GrMGi7Ir07C/XqtwHWsttUf3mjtH9o3NY02hUUVdAKxyZhpp1/bdnhwlQ/Exwo+XrO/oOytH2cNw22W+dj9fp6Qjg6bsvU6wd5qN9annbjxGdan7RpKRXQj1VfuLj9Z0Dq0J2o+5vQCViy5z94+wflEmqx+NslmssJ/MSZHYM5NL49Ss25A+Bcn1kDqMqSEORx185m0djs7Gq7L+zFslPCp/lOTWPsnaCC7JptOxx03fOWdkah6bnFmdjc/3/AN+03ds6TvdObkI48WR6+v1nKjmdq6U9nvvLt9nc+Bvr0MrUuqtgcjyzibdy9qns7TWt4SWZwPIr0/nM+sofRWvTbtYYypP4hBYor8alLHzbz55+mZ0+xEf7f94Qdi8Th7tJU9QVgtyYYgZwRmeg7H+5uvezacKWyvoJno5ZdZajC5O8UEHafM9cn+kzbrLez60otNVtt4RceaY8/lIWP3lVb7cG0vYfq2B/ASzsod7qUuG7ZS3c+xYjkiJ6iz626ypKvs2nQ5CKNzep8zGx8OB+LiPXpjVVP5Ov8RINzz6f0l1m/U9WTX2U2EDbyo58gOTODo6UUk03BshiyHqPlO32nvt09OnryWOTtB6j/ZnJooSoNju2dQwYj19JZ8Z6ZdTUz7N+8B8Z7sZJPoJ6jQaNez9KVY51Go5sP5V9Jyex9Iz9p194q93pl3j5+U62s1Gyt7fxN8I9vIf1mjlk1l4td3bPc0DJE4VudUz13EFmXf4fL/fSdbUYqRaCeQN9h9TMSVMq769O7Fm+KzwriRmo6jFViKnxNtD+yjoId/3dhqrJ25w3hHBxmMjUanV2CvTUWKGCnPh2jGSSZqevRaVS9p79m525wn9zLpIzIx1FF3fJXWijH2kLtA/uZA13L4KcWlsms43D2MWrvs1mlu71e7HwVp0Vcn0nQ7j7Ivc1474Vt3jfmzgcCIqCUdoCtXV6VV1wMY3f79pQuj1TOt1lVRKnwso2sp+fp7Tc2tpW1H04AdBtesj4j8pZVWSranWt3FLjxVk8k+0Wq5//AA03Xm2rLlvD3fkOpzn5yv7BTpWyl3fak9W3eBfXHrNNusNq9zSg0+mxlVH/AFP8xmJmIYWiwEFCFTGMRzSX2KRW3eeN1PUVhiBmTFzIc0lufJnLBZjTPxBjnzmivTuy7gpCgZ3HgTq35J12axkwz1sM84TJ/WV2W2VuocqSpz4RiU2O4H3N4THx88j5+0jfeyqHtxa5GS1a4AHlmZZ8m23WhWQCvcGGTj8MGdlsXByX8IIXpMouFmmyQFO3GfT3kdveVOEZs6dviL7cqfMmRLWnunVmsHO0ZOfSWV70ztPWZ6bFtZ6TrN/OQqDK/U+Zmh2VAAeMeY5l1ZUu/s0oFe5+6fJO0RC4KA9roythgQMcHgZju3pTWarRsezY3hJIGPMRu2pxhaaKqzydg3Z95z6YtMMjqcM3zWV66wDRXbc8qFw3zEsKvuIpsXDDjw+fr85l7VCppRscne4U/TMc/SOScfWQOT1kvD6x8Y5nobRhgx/JZFuYCMqt6S3Eqs6SoqU4cH3nQA8U5s6dRyob1ElVMdYNDdluINIIZkWkpFjxKEREIupk8YgSXpFHniBkCkhF1hzAlIP0kpFukqqB/ip/mH857yrmeE/6i/5h/Oe8qGAD6GKsPUc6eweqmcrsQDubf8/9BOvePuX+RnI7EP3N2P8Auf0EjbokeIHn6Sy0b9OfYyLeXzkxzU49jCOQ/gYiSrPMerTnIldRkadnSNuUGcntJNnaN3oW3fqJ0dC8y9tL/wA2r+ToIZh6BuZq1ozv+QMxaPgib9XzXn1SBjToJxf2sUl9Ew/7bD+InaT4ROR+1RK6fQuB0Lqf4SxK86HZDzNNOqI6xVmm8bT4G9ZXbp3qPIlYbNUw1Ghfb1Qh8fzmGox0XNVYG/hHYgqt8H+G3iT5ekK3fHpVz+EyoYzxLdMd9br6iU2EqZEWq029n3bLhuPhPhM5iOc5mqtuZLFd8/F95kEj1/nEETjG4Y+FWlNFrX1KNgYjwluePTMsNndlfuWZTwW9JxE8VptK7iM4Cr1zBqjtHJX1OeWkBYg5FS716boWZFLO9gwxwSo+GFS7l+XBDHHxZx9PeCLvB5wR195KsgAbdzKPzfi94Hu1fc20enpmBDCbvDbYBnIX1k1sXe25Nx5UQ2bWDtcuzqVPl7xd4NuKtwTrvK4yfaDFZex1b7rnbzzJVO7oEelcAfEp8J+ct2+PaGbeDniVnflsnGeuRCK30xtIZ3C7uCM4kqNN3AcVuWVuAc5GZMDbjvNpcjgekkLScsFzjjbnzgBqbaiJYO8Azu6fQwfejY2qVbnI65lbM9jYdgto6qemPSQJtJKo9Ww+IrzuECe4BDtQ+wzA+LKhmHTxEdTKitjocIVIOQT5yafaGsV2dKgPLdk/pAsbwjq5z0Vh5+0gg/KrFvxfuwra+xjYvgKj4Tkf/EnYbBWQ1ZsPUqzcD3BgScu64Xu/oMEyDIpQBqdq+n++kiqptVxUDnjJPQSx32sq7sEZGeuZVVipxnbYgIwQSSzD/fvI4sWxa30wuXzsV8ecvNZQstqISy4J6ZlOywsa/wDo5wMtz9JZVaxQiOrd2x5ztLy3ZTuYtSmT6iZVvsoybQtdfluYk+/MR1V34WocM2FPIOPea0axVUpyqKD6xWWoNybwtmMnd6SotcUwbdNWD578yLrrAdyLXaPJgRzKMyIhUbFA9jLjUNoKqQfXMocahBna1bZxkKOJEa3WafizT13j8x8P+kKvcBebbGVPPEtXVaVAES0gepBlZ7SqFXePpfF5rwcSuzVtdwmmBB9FzCN3fVtjbahz05gXCjLOg+s5iq9jbBVtH+Tp9Jqq0S4Pe7h7ccyi4Wo5Pd7nx1KrGbQp5V8f5DxLgQq4XwqPIQ3jyMDIdSG5qpLD1c4lNtC6jJ+xqH/Mj8zU9NFp8dQZvUDmQCabTglmavz3GwjiRWcaXX1oqq4NY6jduf8AWJqtTT8aPauOcDnP9ZdZqFqTdRetx81Y8/QzRU7uu4rsz05zJiMJu3Vp3gsqbJyoB/lGX3cBbHVGzuI3H5/zm8l8fFHyBzkxg5jU6S1SyU7mAwGwQV+XpCabtGzrmm6yph5cHPrCTEx5utNS9zVUJZc7HnjrLv8AhepdTu7lXBx3ZO79SIVWa3T2tXpSVex87/b05m2zVV6QINcAlrDqpLFpawWm0iaOt3u2q4HByAPkJoqItXcrB/8AKczma3ULcym6vukXlS3xGZPttrg6fRq20nLYHX5yTkdnU6zTaUne4ZvJVnKt7R1evc1aStsflQfzj0fZ1Np36vUVkZ5RXAx85uqtstLUdk1VJQnDO3GT7TXxWfT6erQVu/abVXBuO5xuP6+U6dCVamqv/hjpVXkN3Tja30PnOVqE0+ns32WDUWj8I+EH39ZjN19uoDo7B+o2eUWOn/x0u1re0ad27R2UVnqw8QP/AJTJpNNplVLdY3e2WnwUqf4mdDQdtWqMXlgOneD4T8xNtfZ+lt1YuqrWnUMPCufAx/8A5TJOv5T/AOs+jdRUK2XYVZlAM0s+l0+O/wBzZ/IMgzGzfYtVamsreuyxs7VXdjj+MVVm5iA1N9ZPwr4WH0MWun58y3262UbZs2qj8ggYibUVBcuBn5zBt2A7GLL5A+UYVEANybWz+gk8nLuZciTE2n7sL3fTO7n9JMItSpWu7Cy7Unf2m6gfdVVr8gZSLM+MAOh/EDOf9c1htymUpO9PPPn8vOdTTawPUBsdg4xsA/Vf6icchXA37sA529Jbp7hVZkDCP8XPT3lXVug36Xtq7c3xZCJnI8j+uJ1+0qq9ZolPPeda8DOTOJVUj6PUNU/3qv3obPpOr2drO8pay0qln8hI24t1A1DMDZVWqrtYMP1H8JoGqqrpt2Fyrpt3bDgDjP8AKV9r6UnGo7tVLvtHGdp9WWJO8WnY9nKDdu9JKz8rLqC1NOnqXd3vcqoOMAdeZ0uzlFPZtSL0W5JyR3jFbryWa0ZVj6AzqUNt7Nz/APVT+cnXxqfW7WsO53k42eKZ9GO9WjjqoLfXkyzXc6Uj1Rh/9sXZ/gprH4u7H8hMz4Z7ZNf4tUKe8NbDwrxww6gfpMaq9ddquoUA9R5jrOrTW3/Fk1Fq/d2bq6ifUDr/ADmJdNZZ2ka7MsHZc8+Wf/idOXPpu7K040fZg3AqzjcxY849P0mWu8azXG6w4oqBfPsPP9f5SztXVHnS1uPFxu9vOYb1Wus6JWYbsGwr5AfCstqader3WPaV+MlhkfCPSWineHt1NhWsHJJPPykUSuitbLvgHA45J9BMup1DWuGs4H4Kx5f6znqNFmsXbitNtY6KPxf5v7TGLHvZm/HnGCM//E0VJhFfo3mGP6fISas9i7dO/dJ6Dgv7zcNVHTnuGWyrCv52Ns2nyl+nTUXagEakG+ytRmkbjgee48CUUaUNZbZZU2pUD1O1R/UzXqtamlr+x6CsVlvi9fr/AGmqq9rdL2WjFGFtpPXGWY+x/rOdqdTfee81LBsYxWv4ZQ9ldRdiDqbBxYwPwnyHylT2q9VgupffvC2ivHORMpa2sAiZJyD+IHiZG0rd/wB93hZWAULiULQLgaKHsLL8KOvAHt7yRpdgftV9tdar0bwnPrx5TU9JGwVachcbh4eR7znPYxZRp2ZyjYG/o00U0UmhbO+fuw3nw00aijVajBoqa5HO3dnBU+Rl1dcwau/OBp6s7sWMqZLe2I2tqtLVqq6bvGwcjw8TZrdHdprkt7RpVdxwvcEnJ9PnNdek02parZqmr7seMMeCfmfOLcGDu1OkcqKnZXAzYML+gmtWpW5a3dXfGx1AwuCPSXPRWl91NW5qQBgZBO7nP8JP7KzUDVNWhRhtXOPiPmP0mL0e3OtFumvauqullrICoBgqPU+ol9G7WVFhaqvngd3t5zNOnbKd5bWLLQu0kgfxistu6MilN21WBwBGoO6W1lstrbdgd5hsZMsr061AlLCqliw3Hn5Su3VLW9tNqje65UL+X1/hKql019tdbi5mGCuBwPmZPaNT20ooKsBsOBgZxOb29Zu7jrzuPi+k6FSrSu/T0qtg52jncfecntpydUqMANqk8HrkzfH1qObjPnEVx+LJjPtI4xO7Zkt6wy3nJK4PWBxAhvHyMhZ0lpUGVP6CVGc8TZp7N1IH5eJjMu0p5ZfrJVb0g0Snwx53DIkETKzJmRlCHEkB6xCMe8CQhDy4hiQKPyhDPMAkSZIyBMor/wCov+YfznvKyuwcgZnhFKd9X3hwm9dx9s8z1S9v9lAYG5jn0/1kajqWkd248pyuxajs1BO4DvP6SR/aPT4+40FjtjGfCJw731N1zXHNTN5JxDT2B0+/OGPqOIVpRSfvLFDZzgvPIVJqLMK2ouI//iGdns/SiqsjqeuScyDVqUG04OR6zn1+F8GdBxlfpMFg2vCuho25wOsfbA3dw37pH8ZTpW2uDzzNPaS50tb+Ycj9R/pCf1j0nDAToWc6Rf8AIRObSfEJ1Pi0o+sLWCs+Ezm/tIm7s+j2vI/VZ0quGImTtxc9mp7XD/8AExPqV5M1FTkTXpNSMdzqBuTy9pIJnrINp8nw8Gac2i3s5WQ7DnI8JmHaX0hz1qOR8j1/pOno7GVNj+RkNTo2r7+xcGtkY4+kgzaB8OM9JO5SGPtMmlbkTdqF3EN5EZlGQk5lqEjEqaAPrA7fZ14S0ZOA3BnTZ6q1HfnwE8uD0E83pnwcZ4noKLVeoWtVv2rhz58TnZ7ahVag6mtzW4AyQvhwVA8/rCvNSMro7Y/GDnPtJbq2y6HbuPwk9T5ySkqnh8VY6+IZmLdW3Weu1rdwVreOqv4QZMthMYP+Q+YMu5ZiHrazPTnaNsjVW5dRajFD4QN2WIHl8pEiKVrUNrW1oQcYPl8pPvks3VAd4uzjjqfYyk6YDcoUBj4uu4AywOGQKTtXHHJx8+YU32JYCzYOOcfFxKbNmoUIpsK+vKnPvJow7tmt37l53KvWSbk7x94vXaODCMun7ORc2hj3nqzbszRVWyLsXgKfiMm57tCFChyPxsc/KACWVq7Cs44wXwcwiFykrlq23D4SG258uZBUrbDWWgvtK7U5/jLAhpWsbk7sc7SdxYGDtT4j3zomeV2n+BEKTBrSBpxtCKFY2MV/SCaa6tlH+Kp88+L9Yia2qNiajdX0yWzj6yTr4R3TuG43KzeE/KBYtNhd1sdWyeinBHt7yIFq4bex/CWUeXyl6sQqBA2NuN3rKS7JY/c53+aZH8IRA1LxsVu8CjnceYtjnaS/3ZG4A9S3lJG3DlgiEDLBlzwZXTqVevx2JycDOf4CBNc1IN/eAEdM5XP9JE21lh6kKBt9ZaGbdYHZQMkZxwP1gEtVsnu9ytwQMcevzgSrxXmws3h+EZ6StmNrNnkZ3KVO7B+UkVKOAd9oXk+Hr7wO9WrFWpCZXO3aDu+sKkgQ1jdUL858hj9JZS6WjerGtFG0KeB85kVbn3C41Bl4HdnHrmSsQVqKchTtPhyWP6zUpreA+Mqcr1yOZEMdx+Eg9QVmfYKRhwBYMeJfPj0lYtNaF7G3L57euPnNarcRU2N+jQL7DExX6Lau9LSqDpuc5x6SKV6klWpTjqe9J8X8f6TQNJvwbqV3fmrc/riUZ6rLqKyKWU+u5cmWDUallXcKg3nK7BTXf3e9woO1jkTQgr/Cnl5wpBrjkhVaBfUDoKxnp6ye4D2EBavm36wIMbdp32bR54kTpt3iWxCNvHGTLtwPv9Ijt9IGV9Nbg+Ct/bOJBDdp1ICWUADpwwmolVAbA6+Z/wB5kN91rFkRjgfH8K/xhEXs19G0v3V1ZGcquD/AyVHaSWh/u2XZ8RyD+nnHWuoJ+NRxjDCSbS2WkbzTx12ocmUB12n2ByWIP5VzCTXR0KQShYg55PEIHB7+/vbKaBi7UW+Z+DH+zOlXRXp6mrZVcNnda/JY+uZwXbfsrqoe2yzgB+BmdbS6LuaRXbam4DxLuLHP8pHNyE0ubrXd+9YfCg5zz0Jm6zRCjS7rbxpqjjciLnJl2q1eos/5bs5CXA+8sHG36zE1a0pu7Sd7bR8FPeZx85PqtKnsdK9jFLR/k8RmfV9pNaF0+jrNVf5F6mZqqn1lmKaxWn5scCdLT0U6VcJtyerE+IzSxRotJVTm7X1scfCvxL8zEbU//UFVi7e7Yfh4HQzoK6HOHUjHrOT2iUr11b1bcBei9JXWFrbTVrLUqJVVbdgesv0pfS6c2X2EvZ4truen95Qj/atSrOFA6s3tNZ1d+lue2tVsa34VddybRMUrraftenW0JpO0qA9w4R943J8zM/aPYl+izbp6Vsp6khdz/X/SRTtjs20bO0Oy6ldh8VPnOvoe1tHp61FFtxo/JYN235N/eYqTrHK05zpw+ocordG9JXqL99LByrlcMCR/vM6PaT9jdoLmnVCqzzXadrfOcxNK+Gwe/RfCgQgFRCddS3WoLtt1Woc4NrDGfJQOIqLUReKg74wpx0PrLDsXuqraywYgMM/D7zNZaujtcnCheiA8NMuKdLMMq/idfCCesbNnwZXLeWfKY2utva1tICLC3G84myvTKdQuodfvvPa+QB6fKaah6e9NLeqLXmpWOWHwjiKp7qtYLK2Xud+0E848xC07m5XgLkGWalXXsegooQb9x+fOJi1eWjU6my9Gfu8Cx0U7Tkq2ZzyzM40ztabLG8fHQA/ykzZ/6bUrnx4JX95eR/CW2aW7S0DXO+9m8d/7o9pWrP6xgMNFUDnNF1lR+XUToVn/APb0X1uX+c57s/e6lHUoLFW9B8vCf4YmunmlD+LfkeknTMdHVuTWOONjf0H9Y9OwTRrcf+0D9AJh1d5NHQq6jaV95dqya9DXpVdEsdQmX6DA5zMSNaepuso01NeoYMxK2VNnGPVf4xahxVYlivvaw17WZcYGecSx2r1tdde+t2t4YqPhC/i9pz7w+os0un37V3bSwGPCnM6uVaLUr0lFuutw1tjEV/ur/eZKWqxZfflTV/iefiPOPcyvV3i2ymottwc4Y8L5kzKLmtPBbut7MiebZ8z9JLNRdqdYbA99mVRQNqeksqpXu/Gy98y8kHOz5TLp1F172MBYg8KV4zu9/pL02b+5qRKaUf760N6+WYxKlpKkt3oa2R0x3dhbHH5Z0NN2dYbO7sUhQNxs4xMFFP2ql/H3WmT4nycY9B6mbF11JsGmr01q6bbs3AHHzJiBa3U1KyafREDuuc/hX3PqZhqsqoDJeUbePiOfGfaaa9LZpndax3iFT4tud3pmRFppVRae5KZYO6dM+mYGXT929INVRqtXwbGJ2uPPMvr0da3WEvm2wbiPRR0mhjbtzYbH29ScHI/pIV2W6lsVoyNzklDgKOkamKq6xUj91UavHuLK2f0k+9VmVrEssDcb+CAPf3lgpRfvDqFZCeHbGD8pJCjopSlLbnHhX8p/MRM3pZNQs0NWqDrQj3d8mdypjYOphpn+z/cs2xXwfEcleJZaddUgWwuK0bxJUfi/SU2Cxanbu2CfFtsrzwBLLVq7U6i2wGtrBZWMFW2geUx+NNH3tzoS42qNuQx9ps7kF1Y1hseW3wg4ltAbUM1dtIFSYx4cfWNRzdHdqgi0WVbTYSXbGSq/lmiy2x7al3C1kQhRnwhfXHr5RZ7q9jWjszE/EfhJkqhbZTYrpUHB8DKeQfPMGqbDbqVDvUVGza67ujeWJIaVyhc3PvVchV/F85dfprgC9rLSxIVcnxfp/WJaql1DlnKsw6sc4+UGMWr0ulVbrmuZiygjOPDgdDHZbW+hR6lfbadqV7zuc/0E2X9n0tQFLL3SkWLWhyzfSUvpke3N7gMVwmPCax7e81sVk3ONRa1i96y4qFZbaozMnaLs+sbegrKKF2r0X2/jO9p9Np7XFdQDmo5+9cAeeOs8/rmL6/UM3XvGm+PdWRnJkZYEzEa51VCPMWIoDJkHk9v0lbyig9ZPT5OprC9SwX9ZE9Zr7Hr39qUZB2o28/SSquJwDng+kjQ3LCPUOG1WpGMYtbA+sqqP3h+UgtYyMG6xCUSkxIiTEAkc+kZ6xQFHkCEjyYDzIkxmRbiBAjMrKSzdCBT3YB44lqXair/Duf5E5j2wEDodl66+/VClq6i2Mgnid9b7aMfaNG+381R3TzHZrd32pp2Hm2P4T2/lweJmukYBrNHZwlu1ifhY4Mz2jrlt3pxNeq01VhJetW+k5N2m7piaHZMeQPEK6NBwU8jOhqPFoGz+Fgf6f1mGgC3TpYBneo5H4T5zc6O2i1CsvVCQYRywdrD5zq0c6acdc7hmdfRn7nHtC1hHD5/WU9rjPZb+1imXlcM3zlHbT932NdZjO1k4/wDIRPqVwSpBBHSNkLDKdZkPaHUbJX9rc9OJrHNvRXU5Mt1up7vs6xTjc3gH1nM760qSGxiUWX23ACx8gdBHjgVJw06oO/Tj92cheGnU0jb0K+0UUWDmV4MusHMpMCdeVb1na7LeprlpvUNW/HPkfKcIMRNmluwQfMTNHqNVUibR9naw7uG44mcajGRscjd8TlcLKrH1F1C202KRzuDDy9P6xfassEYVsm3J3uoU/wB5ysaW/a9lu2pWuP7voYybGt3MGRsZBLY2wa/wkKiYxuV2bHEN7AEWug/MqHLe0iYs3YrDo+9udzBd3B+UhgdyU8x+Dbn+ctIIVQhICpj4OG9+JB/C4ZlKs3AZs+L2gis24OVC94p3LtBCke8gU3Fmal2sboxO0f8AxNLVuCUrcDIyqBcZ9RK7AlgCO11Rzzt5I+ftCqGFyOK18Tt1f8EoL4VqmANe7HKnBPqJtZNgTYSdqZ7vaPFJneoY90UPI5PBhFVSXbfFtJq8OVPBgO7QhEVwrcEc/XEddLBdpYKrHNbZwI61vqsK949reWeYAae7YsF8PAb3HrBwle7KqycbV34wZF6Ubi2li+duPL24lZWrUVo+q7ytlyKzjxYz6QJpYpp+Fg27CkOYbS6gsGZS3xKQCkr7qxQLaUNlfPDccfL1lKXPRYEOmZKyuVKkMIG1K0TcyrlPhHkAfOBu+JjhQvQesqNlrpwlm1fhXgBjI/aEst27eg3HzxA1NXqF6lgGPJJBzE4Vxm/u73BIwekzVPY+5KbHywDfer1+XoZKlbCA1tlhxuXcD056j9JRdWib1ZVZSG8OHO0fSHd7LFAtZjg9PKQ8aWf4u+px4SRj+UZVV7s+Gu3gDO454kCbUAbVa0Pjzk69QltTPVbWzKACPxCVMupW5SVoZWXnb4SPXrFtfugKrXZAfGCgHH0hF7sKyuQCzgFCGzmV21XK2KtwIbG1Tzj59JKgYVWsRQzDC7uffHtJrlyu3cgwAQ/WXVOqy7eqNaqk8NW3xD3BgWsNrHxVIG+L4sj3ETsr0vyEI6mxen6TNUurrISxBbQpworbJI/nNSrqvVjvNS9pLBSfTEsqt2r4WJnRTTpkOqNnqCY2Sv8A7afpNLrGNaBx3gUjyIkxqgzbFYO3oomrZWOVRB+9t5gyK48SJZ/mEKwvrHB27MEdfnAaqxj4UTPzM6K4QbFXYvkAOJVbp6bfiXB9VOIGEHxl2X7zzYjMmHuVndbAhf8ADt3SbaNK/EupKj0s6SONtrJbZ3R/CwGVMA7+7HiO7+BlyugGXscgecFqwcODnyPkZP7OjZPiXnPBgLdSR4L0bP5iRCPuExhrWP8A4iEDh6bVVaDR99ahNztgDr9ZorF9pey69KqCc91s8QHzmHQ6zQ6axnsW7O3whhkL7CMNb2lfm90p0yeJ1D4Pyj65Hq+1FqXuNGm0dMqOfpM6aEpX9p1rrg/9POWY+hkk1Ol07s2i0btYThHssyFHyjD6in7xvs7ljuKthm/0lV1Ep4UD7tPJYWadO8IUJnGeV5nJu1Furffai7E/CoOBJUvaEKUWIgY5LY8R/wDKTVlb7a9yFfsbMOgZhjM4+sRKbEVdOaDjxAtnPvN32q1OGssI9epHyzKdZqK2rrcZtpB227lG/J88w35KKg3CsNqnxETQLL1vxvZa8hMA8An2iaq1E7pxuZOUb1XPM0tpbeHq1NX2hl8RY/ykp9Vqr13hL9JUoc43j4jI6Wp6tWFS9u53fDt+KW7GbazshuHhcq24E49fcTR2em3vdSxYVn/CBPB45is9X0jaGdlNFNVo6MxfH8ZWwABJ42nHrKRfQN/2drLjuA/dXM1fZ9vaiV17mStwzEt7H+sxY5orrL0ypbvFAxhuokwdBbSXuqKeJQ+5t2feVavvrNfZtqyceFUYZb3MK3fS6gjGLdhPHIbHlEg3fdHb3ep0y1+hGOPrLkWlK3sWxWDeDcDONXUl1O4CsBX9cqAQJveqptDpaqn2quXO3jmFnw7nNa7gGdRx4euJs2/aOztPs+GyraP8w5X+RnJs1LaZlruyEKjFnkx9/SbadQR2caq0yTjZ7HMxY1yy1JYXr24Yac7tp8smdVLjqNNqKaXw+07W+c4yuNLran3763AB8sHzB+Rm+pu51jovCv4gfbrLWv8AxTfwmns2ldv3TA+QIxj9QJp0w+6X2aY9Vapsur3ZyQ458+D/AEMsqc91lhuXJOMx/GV/2hdRqmZULrWwOfXEVGqt1Oot7pbFtsfYng4VB1zn1mC61m04rqLb72LMfNVXy/WdHT2vUEey2ooudzY+D1xLIzas1VtfZ+gLqirfeO7X1Kg8mcui+s6FbrXbwO4J9QZRqtQdVqiLV+5xtDAY7tfTPrMestqs01lVAwlW0jnrzj+ompE+r7WH23U22/BWdqj1MjQ9l9jVo4pXGXdvIekLqdRfrbSo2oG4JlvdUondrXuckLgnJJPnFRbUHrqFFFm6xl42HoPWWrX9mrSpqsnJZFY5Zvmo/mZKsPpH8FSPqWG97HHgX90CR1L11XlkzQNQhfdnxbvy5mUTN+qtsFIuRPPaOi/ITRXwPFdZWc9S7MW/TpOfVeoOKtO1uPxNwpmzvdYtO5rKql/KqyDW9tbqU1Tl0PIZRgj24mH7PqNKz3aKxr68HdvflfYj+siurtowWcrXt3bgm5s/rNtZaxTZpLGa1Rlwy4b9PMSozJc121dZV/ijJw21/wCHWar+z9RZcUq1PgK4+z95y3uT6SyjubV38NcVzZ3f++JGrSqqAaeu1ArbhYfC7fUzNa5uM1rvoQKrSG81XHxe8tosuRnWv7gOPEwALEn0+klZUNV3jrsQsoUvfbg4+QmJaE72rbyqZO4H4hg9JnDcq+5OzqsfZfHaMs7OzMdvn/GZ2qvKLi3vsnwKozlT0GfWWU76NMaqatthUYNpGTzkyej06IE2X2aZ2y2/4Qp+Uv8AD7S+y/Z0QWo9dvoW4z6HmLW1MGD6HXU2/mGCP4yaWtpr/sN9qW2ckOOTux/OCVqERXqVFI8II8h5xC1S1QvzYLL1C8hVbG/2Mmqi3T/d7lZMd427g/8AxLaaTau3cFYjcPTMnZVYgVBRvr5DbjjMWoKqTVelWNRbc68en1ll6jTNtvtRVB6BtzE+mZVYGfc6XMNuOVPOR5Sq/TLkaixCSrd2GRfCuephf4tawsBaBgn4OMZ9pbTZryQF0aWB/iLYZV4mF9WVY06i1K0YHu7cH1x9J0dTTS1SNoNba1qlSF42nzyZm+vTXE/qqytCtakB8Alszy7Pudn/ADMT/GehzaF1R8WxV3Cxzyx5yV9p5sdAJ6PzSJb5LccQRf1g3HWdWkDFnEkZAwDMreWGVvKikzs/s1TvsvtJxgKg4z1P+k4rdZ3+wr0qpTT7WBsYuzjgD0XP0mO/g5Nzb9Xc46M7H+MdfBYyFIyMmXdEHuZVOEUksomnlJniC8CRZoCJhnMjmPEA3R5hjEWD6whEyBB85ZEcQqkjEUsIkCIDzEYoEwJ6R9utoPo4nvaG3VjM+dltrq/5SDPfaJt1QMlaiy4eGcy8eIzrvyJz9XWK1LuwRfUmRpzK7LtLYWocrnqvkZ0dF24u9aNRSRv8G6s8c8dJyX1VTWbKkZz+Y8Ceg7N0emSsOtYawj425xAyWoVfE36M/dmZtShFnPBmjScI/wDlhazv/iPx5zJ26P8A9g1PzT/8hNtg++cj1mLtoZ7B1XsU/wDyEvP1L8eNCyaiGJNZ6Jy4WpL0MzMu04mtZVqKsILR03bW9jM9nKibdHZhhMUuofDTk223jxGZz1muzxVqZkcQI8S2psGVcSSHmB6DsfUgXBH+F+PrO14AOVXHynkdNaUYc4IOQZ6hFq1VS3HPjHiwZlqFZWDybl9g6iUd9suLF6znll/EfTE0nT0jLCoMwHQmVnubWRGqTTp78lvYYmLFUqScO7WIufDlgSZZa6LVuq1IctwedxPykXp0llhXSN3rOp3sCR/CZe4q01f/ADHe9McHwr82/vM4mLy1ZsVWsfPkW5/iI7PCoq7zfg4J9+shRZpPF3LFdxDAFDtMtGzCn/FsHPe48Iz6SFFH2XvPumVfF4sPjB/tGmWtsXfvyvh9ohg2fAuQeGxwZPYVLF69uW2jaf0hFblE25W3cTt2Hp85DczVbmxtDcbuAR6yVdaM3etY6k8bi+3j5Z5luam8JsrZMZXxefnmBmrq705VC2Ojbv5ZMm/2gW1FCtjjhms6geXAjRarKyiWfH0VmwYLR9+MWqpA8RzuOPnAiLbSpXae85XAbfk+8qaru2zfpwAxVw48I6D1krNbTWxGqsATIyNvGeZburOmQ6VxvU/Ew3KRAovamsozutZzkZJGT8pMKosUMVwecL1HqBGdDa1gsfurnVv8TbjAMotprsv3JQyX0EEWE8MsMtZrF9KePvSG27cbf1mc1vVd4bqlVSWIL/Dx6DpA1ZH321Efllzk/TE0ZqrSwK9HcMoVsjJ/8vaDWVBqkrAY1OWHg2IWXJPHMhRXqbdwZlorYlWa2zd4vQCX9/cHDUvpnT4QK2IB/tGyd7u+00Guv4ky2fF9JWp7SWo1VikFVPUK5zx85IF1ZVzsdeHAOQ0CrISiUgKfCWVt0osqJs2OzHgjH5vPOZFT8CXLsW3ezfpjqJo1AS+8PQpRvhbd0J/pM5WzOxXbb7nk++YOhRbWVs2DnNgzx84RfuQ4VdxdcLjOcRd262l1zuB+E459cSDtW1ihanDAeLacLKNQ6924Y2Ky/lUnkesqNg3sjbe8XI+FWyIxd92GFi1kEDbaMSm2xXx/yz92ygblIGM9IMlJvGpauzdtyRYOhzGqta5wyo4rPU4qbmaFfI8+BnpMmDYlfd1rgE+DPOD5j+0aPbSDXZuB3ZGPfyM15Ktsts3J3SFlz+IcH6ydd6MdrMqkEj2MzNfdUxHceAjf3gPh+omSq6nJdrqzWnkTnaT5GNabdTVXcy3VN3h2kNgeEQCJhd/WJdLWyhmKc+SrGaQh8NjAE/n4lAiP1ou2jzHUSX2lq32XUtnHxKfCZP7Og5z18xGaU49vXmULv3b4NMzD1LgQkmqU/i2/SEo8jpfsxZiyPc34VXpLnR9RatHcitAAzFACfmTK7i61IGYVK6grWv5fVj7zfpNETTusBwfwnj9Yc2OzS6msBkqwHPhG4EzenZdWRva3P4hnqZpCW9d6gjzC8wqDgFqypPPD/DMomlFSIVWtQuMYx1mW3s+rer0kVfmXyM0b72UGwis/uDMicGo7ma9s9GPT9IpWb7HSmWsdn/dHAlfaQ20J3dYI3YZOnhxNgqbZtUbS3ON0xXdlszjuCS+4YAbcYVLU3PqqEFZVtOV5bzHtM6dnW20DL1VhGO5i3GOMTqCuutURrKEvC/eL8RJ/yiUpRTrlIsTVX4Y8EhBxx0EL5YxaNKaWOnqd73c43bTtB9ZvNVu5O++9Sio7sH4nby/SatLpjRWVGn09NZPC7yxlTCtLbdwqCv4m2ljM2sWsJq7jJR66gp3FazkH933mqt8ayx9pPgGMStjTezPsxWoAXbwBiQ7/AOz6ggYW0qMB8jHvJfaEzYFjEDLLw2cHr0iRmosrfYbWbC9fhEXdFUNty7h+F88SC6d73RvGEbkKCAWMo0V1hXNNSrsLDGPP5+sNS6/8W7itNoReSPPE09noGuRgrV10q3gY85mCx0232i1n4bkpt6+kRr+KvtguZ6rkxg42nzE0UVJV3VLWZCEsqt6+kyaOhLhXZYrYQZXI6+ks1O8qr7Nw3bfCeR7y1Z6bu0q69RU+pqG1x/ip/WU1XPZWh3eJMZ+Ur0WoOqsUMxrevxWN5bZS9wGosuV9q2NhVmPFdbHCvq7vCADQGAHHIMjXqVbS5AYcnj0lBuFbHNjMxQr8oqEsTZVdTuR+hV+nzlxLWmh3axAyKLFrwivxnzyfaXmqrVafNtr0FerquFJ9B6zl1dqvUhUEW2r4EZl8orbu8XvdU9lr4/E3A+QEuMYuu1FOkRxpFDMeWttG5j8h0Eq03eanvBqa0Zdu1rRwRnnHvK10WpsoW40sNOwzleTj5R26pdRtcsKxUQErXpNK6bas1WMhrptXg+E+LbBTRbYuppRmCoQV28j5zM+jZdhr2hbm+FTzt9T6Tqdn0CjwMqobQVcKf0I9xMYzjOez9TqPFqL0o3chNpZh9BJtp6dHQU1GoF7AmzZ3fIH9JDUdompvs+jV92dtl7Lnb64lVaNXcrVqxRgM7jk/WRQqeBXG8IeMjy+cTvuDA5IGOfeI50lgO03ZXaUHRl9DHcv2RrO7p3Uv0Z+Sp/L84RH7mt1Ls7eSpjlszQrV1Xq2ntQYfwqG8QhVY9R3MGZUHLKvJJOBxLbHos2XUU9++OHwPDCFqgBfXq0ZqBd4LjX+FvXEN2p1LitdTXYy/D+Vx1/lCpHs71bXBWxcbR5EdI9G9Lmk4AYMenrJRkqoXZZdq0NTDwkfh+nvLDfcyKNMoB2hNw6KM9fea6u0tVstodkdj4qndQQ2JAWafubb9IbMKAxzwP3h8pnWrz/pXqNQdOGpbJGwYsUg4PEVWj1ZuXx1190Phut+IGbtHptHeO+1LXYYALur8IHsfrK1eq77iqw9yu5CXQE/x/r6yeW+mvDPdY70rLWCtqxd8O5Bwh88fSUDUXtdWjXO4yfCV4RP9iWtpdSd+n787DxXYF8WM9DiadRoMm7dlC9Y2+Zx06TfplGjVgWI+oZe4HVcZx6Z9pPtW2trP+VsTa1Su6h87f8ALFp+zBp6zqLke1iMtnwoR5Lt6mX2stqLXdoNOiA+FUXn6zHrW8/6sKuHu71naugDu9o8z6D1PvNLHu6f+qqV5ZEVuT1/vLFoUWLu1D0k87WGVGPSPu6hsbUaqtCwO5m8RjWZzVT1h6VrtrSy5lDFG5C+cbra1VlbPUC3LKBt68S6zSvW693qK7aSMbqzjnylOrD1Fu4ZnLHBLeLj5yz2X16U6sd1pdSeAVp28HPWcFR6zs69bh2TZaQQjBRy4PmMZHkZwsmd/wA/ixeDjpDaG5lS5lgE6Kg3B4kc8y1lzKWGIQEYlVknu9ZW8orwS2F5J4E9hXqNPoUp072qMVgZUZyRPNdlUi/tKhG+ENub5DmesAFuQmnUt5krnb8jOP6X2leRqGax7ydnBAl1mmbS2mlxyn8RM9hy06RoZlyiVIMzQFwJQ+iyGQekm2PMxD2gIKZLAEiXx7SBsECzI8pEmQ74ZkWt9IRPMWMyvvJIWCFS2xGBaRLQGQDKyBGcyJlFb8z2nYdjX6Op15yo3fOeLM6mg7Xq0+jXTWmytR12D4uZK1y9Xq+0qdKCKh393oOg+ZnC1NtuqfvL2yfIeSxL2n2dtwLsexUiSRqrxml1df3TMtaoqT74Gek0D4XH6ThbQj8zraK3gSjRrV8e715ktH0PpLb1FlSk9ZVR4Xx6jrAqP+I3r1mPtwY7F1eOh2//AJCbHyH+XEy9uf8A9Dvx5hR/9wl5+p18eN85JYAcyU9Lzpec16KtNQ1ulfpeh2n0ZeQf5zGJp0TbNZQzdN4Hyzx/WY/T4c/XMsRq3ZHGHU4IghxOz2/oyCNWu087LNv8DOLOMuuro1PvpxKnGJHSPjiTtHMCrzjXrEeskOsCYYqeJ3+xtZit6myw+Jef1nBB45l+ktFVysV8IPSQeo+1c8KB9ZXfdf3RNGxrM5G/pMoNZPEjqLO6Tw5GZFlXWNrrWXalPcquHItHGeuIfaKdHpWfYNjt4zeNxB+n0nL0Dk653VmBYYJ8p2qU01rbNVplNn4WPIP+szjXkqTVVucGk1hhwceXqPaWowStUXazBvgP4fn7S2zTqtZWpQgzkjk5mVClpCuHVtxYYBHQf76zNgS2lincPSHduQD1l5yDYbX6eXxfpI001KUIoybR4cDHPr7SquhKkXBwW8OAxxjPBmWcWVFb697ooDdMDaSIFEak/E28Atn8MqBWlyoRtzt13YWSe3u0XdhmHUnw9ekIls0zh1+zMGK8P5zNZUq8IVFijG1bOuPP5zUCleUVOGYAeQPv/GReusJlkC2Z8AbGFPtCs/dUsxLL8XVT0Yj0ltdCUhu6RVBHw7v1lb0C/dXqC1QOMbWzmTFVHc+JmBqHB65hFiO5rL5dGGVwPbpELH2nvHYEDnYgBxMlT6txarhS7EjeG8Skeo9CBLVdu+KCxhYqYyPMwuLWt7q6tu+FhHONuDj3k9QiX2kgMMH/AA0UYYQddysjVWKxAX03ZHMp3FWelmRFq8TBeCRCYtOypal2IFxjcfl5yHgdD90LV3+FcZ8/KMuyLlaxZWW4z4efnDvn7gFhlt23wtnEL8Z0tKVk1UN3pyVrQE456ky3ffWcP3anHiUN/GNKc2Pttap26r+FvpKTpKG/wkQWHrtbqfnAtQtWxNtdjP5MBuBHpxJAOLBsRl3DJDeNGHtIJortr4IocKMMjggj1MsoS4fdWXNgkbQGww9z7GEJKUdmWtNzp08eFJk7LWNyfd93YvO0t0GZG6kLWS1rspYANWu0qRx5Sr/mW/xSQEbwfvr7mEXKm97XZXXPhxu4bzz/AL9IG+41u7brEPC4XLL9JQW1lNuLEaxT4FWsfpn0kq1O4/45562cfTBlWNB3hNoZe/bxAuMAj+kTIMHbjvCfj65/0hXsuo22oeR0YcfKRVForDadEZHx93jAX3EjSWxNu0M7c8rn4s8RlHSxVrRNoUMysuM5z/aV2orsqq5RtwPh9fb0grXUpttsbNgzliP0lNOlTlrKdGFuQHIJIU+XE01F3wr0ImRnK2Bpmsfv2Ys2GA3YU49v5xaex6aGclNx8OKsZVv6zUab9hC+A7W6+q/pBsqMttA9R0lK348DlQ2PXn6y17ET4iOeMNNIkOR4SITLqFrRRZQyqf8Atk+Fvl6QgYaNOmmH+GbHIy1hIYtJjW6Zre7zazkchay235zk9mvayBXZVqXgD1956TsW16N2mCjubMuLd3Q+krEc+3UX94F0uhstXzawbP0ipt1I3s+nG1R0DDJPpOtr9dqFsNen1VdrYy23kgTmG195yeW6n1mLWax61tZhRXUtaHnwtub6yhe07q1YCqhH/ExGD+k0avtKum7bUottXwqIBMAa7XUq1uPDVs6DqC3vKCjtOnu91pVL1GBhM7pW+u1dmjss3VhE4euvgtk45mw0ae7cr6dbnbxb2PJ/tK9RSX05q01S0k+Ekeszoho6n7gWULp6jYPEu0gj6x2fa0BK1gENtIS3+PSadNSmmpSqs8KPibz949R3tlROlc7zwSo6CGdZwupCE278/kVtxlFmt1Knaukt49a50NO7Ie6VssD95ZYMMflKzqdQb72rrFqJtV2ZsSDB3991bq4esMpx3gCDM261qdboERiTqE+GxPEP4SOnUW0M/wARww58/WR0Njadj9lZVdviZuQPpDUrlJZ3DqRqEcqc7QGzN6Ol9xZ+8VFTd3wbb9MyvXKiMLLLbmrKhrFUADefcSFrUa2nZuuYVkBErXauDx59ZsdSu9F7Iu1rHZ3vhU9TnpMl1iVacXAVujkBQV4Uy/tr7PVpatAHKuiBkUdN0y6S2tCgFzEj4tqZTPrzItFb3Lp2stbfdYx2/wBJkuYK6rljswvh6sZt1Nv3qGqzcD1wMc5mekMhfUgA7WK1BvNvNvpKU9W716b7NWAHPiuK/wD4zDsH2Rrm5LNhZO9eTl23Yyx29TNXw15UcVIuGK55LDyhFGj32MtTK2ODlvSatODcxJSzeoOGHQ+0oFti6ire6oAQz4HIWbWTSqr6hha3O0VK21Wz+YyVUtPpaH1FSlRuIK4B4IxI3dj6Z7U73tHDMMiuuvcR7Zj7m7tCjNekevZgg1jw18/2kkf7IucNapByV5bMxt/ibjSj/Z6fs6bjhQmMc4mRUoQJ3mlpS1TlFrOT85bYm/bq82cDLg9SMe3WQqYDUB167cA4xxGsrGssrDO1ZYgcInE5r6jVai4PZZ3IrywCjp/eatLbqGNq2HwBjt3fEF/tiW9nVprhdZZYlYR9qfD4m95r41JrOtSW6sP3u5dTuxz8JKyegRL9OjZKbGw3iC8j+kz2iuixA5NeW4dDlQy9DjqJo1aXaetqsbqWuJyVzhT4h/ExUpu12/u+N3d55458pbq9Y2oXT6bUoz2GvLCt/wAQmay/VG/b3jvWqg7DjzlLpa1gFC/ZnC+LD9f3pMJf4v0VveCxkswKw3DnxAYmjUjuKa+8rSmy88jHiI8uPSLT/Yl1QcaVl1S87g3hYnzlndvrLhq7iO9rHWpvC3oJL9GbSCnbuRTXcj4PXnBnRTb9rdlXBJzuPn7Cc3UBjqDtA3oN1moIyB+6Jq7PsW6pXcE2Ffi9uR/SKys0feKCjKQU8pYF33IXTeGO5fKY999aWNQ+7f4K95ybPX+s0WsrfdG00EAOrLyNvQ/QTFiy40aztN7KLO71DsmFFlNWMrx6+kqp1WnfZTqNMEwv+IjbSw98yRd9HTp8ItKWts3MgUg45bHSTGqd6EVwNSMeG07Rg+hGJjP9Ou79VOUVwdG2e8O1fCQc/wDwJK/fRaPube9wGLVtmRSy1g7WunfJhcqcY+X0xJae8oG+1VNWjIvjB3efAxNMQqHcqnc6k27DuYbvFuHXBlozbYLL2UMxZlzkgS3/AIbeVetNLQpqO5m3YB4z4fOZrHay1cpajjCvWQP1BiZ/Fu/1Zbs7vba/c2HlXX+kqCizi/beniaosvp1kq8JtrJdqx8Qb+ktIR+77r7sbBtXPPI5/lCKxpmdGaqgIvUCthu/SIGutNrvbWVOSAce2DEQXTcirZZVgrk42+v6CadFV3rOunqWyxfHuf8AD6f795NyLzPKuZ2zVfX2YHu05r3WAZz/AD/ScENPQ/tRdY9W16kqPegttfduODPN7vWej8v8fbXX30mGPpLUaUd4BAWTqjVK3AjR9w6xmEUMAZU8uPBlFhyYP66n7P1Mbbrlx4VC8+/X+U7+xguBcQAduPUzmdi1932egC571i5OOn+8TpWIvf5Y453JwPXjmefu7Wb9cztLS3vSLVXeaRtYjqy+s42Cx46z0Ha970abUmvwbsAbfTjrPNLbg4nXj3FjdXXtHMmekxDU4lg1SkcmbaXbgDkyp7vSU2XekoLsZcRe9vvKy+ZVCXBZkmAzIiG4yYJ5Mchvhv8AaMFoaTBmfeYi7GXBoLgdZA2KekpMB8P1jAy+ZA8yXlCBEjrJV2WUvvqdlb1EZHWLEYuuzou26+E11fPlYo/mJ3dJZpb8HTX1t6hWAb9J4jEAMHI4I8xJ4r5PpJ75adqZPuVj067WHe7lIQeU8BT2p2hSMV6y4D0LZl3/ABztRhg62z9BJ41de3tXFgwc/SYu3KrD2HqMeIAq3+XDDM8tX2x2kvP2yw/PBl+o7Z1mqpNLX2bGGHBx4v4TXPN1L1MYYEwjndwIcmWAlRkeXMhJLzke0nXwn16Syoait1tTNZ4OPeeT1WnfS6h6X6r0P5h5Geqrqs1WkrIfarKOPzZUTJ2l2c2p0YZcG6k7V9T+7PHz17x2jz1TbWE12eJczGAQSDwRwQfKaUbNc6CsxqeYjwYboFobEO9mdnbPEWHboYHa02r7ykY+JB4pkbU3v3mXL7jxn8Mz1VEthSc9CZupqVB4jIL+zLFDBOOZ0929SPMTjhQGOzw+82Ua7wgWhSfzDzkHa07Jqaebtlw8LBhkH3mXUabW6VO8rRr8YXjo39pR39TowVyD5H0MlpNV2zWyAUsvqWGAJmukkqqtO0Lf/WVtVUBldj4x7cy6rTqqltjWj8Vdni59sTqMA/Dqr565Eov0FVq+HNbfu8A/OSxGFlsRQtVZQeatyPXETahxWz7G2ZwRjd9ZodWqfx92/qzLjn1JEgxrr3FEKE7WLLyAfSZQqq7HrVb68V7shizAtmT2AstahWCZDdBZAM9tgZlLgHk888Rd0psGLm7wZYrt6iREUq3btjrUnV9wyR7yNqUoykuShO4OoJ3MB0I+kTG3P3HdBDxuZuSJZ3xrqO7LbjtJBz1gSRe9rY97yT+UZ+QMd6FTtW4K23/DLeEjjn+czbU+NVrVSdpKHB44lVOwMyVFsJ8NTHJyOucwutF9WqYEkjLDnodvpFZQr6epbHYWVdGwMsPymWB0TeWRgo5wK2JEp+0NZU1mkrNqeak9PeGbDNtG3fbYFw+RgZJb0AiFlhZQlDAWZORjK/MSimss2x6qlZBnvD1+XseZKzS98a915dfwjLAn2gF1Ls33+rKlSVIIIz8v7zRp1daiStJVPGvdj+B9ZUFvevNlVGVPhUDewHyzKrRVpVFostrrV9tiVJ4d0JK11KO+rcswZQWwBx/llWr09l9LmhMW2dS2ZmXtA16kNfVZShb7u1l4Muasqz9xeVuzjxDJPnKtSrTV6djS7d6y8LhuWHr7Smx9ZSE7u4947Y2MmPDj2mhO6v1Sb6Q9z+HvEGCDHfTdVk97vTGQWG7bz0AEIwNq9UoQl7F3HDtYvA/nNQbV3gMoVSwyGHiUrI6fUazZ4K67UA3ZZvAV9cS6663Z4NmmK8t5j6Qp6hiud/eVopx3lYJb54krT3YYKUtRhnaTjHGZEC7KBrzvX4UKY3585KvvkQW79/eKA3ePg1yGo96a+RkKV3OR0yRBbKGLPURaww2LWB7v39ZY+y0kKoGwhWBHr6iNO5Q+CtMKNuQQMeo9oVWl1ZUZKstrD/CflWJ6yT2NQ2XZm3Ofu1XnOcwa60u47pVqyGfdyWHkPnGXRWf76wWYHJ+GU3EiA9QwK2pcnNdgx8vF6yo1P8Ont2o3Oy3GPmDHbSlvBKOvkH5CjzAkEqrViiFhgcP7envKau+wXbh3dtQQjxVsmQYQ0nfNb95czInSsoBwenMJrV1wLPs6ju1tKuowo2llcQ0lirXZkXKvR/CSvX26GbGt0mnuUprFt1LE4NfhVOOmfKU2DVi2w33LTRWedg3d5/eaxhBO1KqkCafTP37Hk5/tNov1epNbIlYXqysMM3PPSV6BKbjv0da1DkOjLkt8m/pNi1CvKjwkDqvkZzqVnGm1mlt3V10shcnu2XJbP72JajarvD3unSqveAxL7iefL2jC3PYTRvbYPzcxKX+ztzubruIxJqatbapwGDtnBwu2LGKyMFSTyPP6QDPfcVrVd4XnMqCd7vVnLMB4s56SIXgwm5HfYm7xE4U+nuYltsq4bA3N4/nIvUTYHLsKduTk/EZHX3qumRBwN4x84RK617fDwpA6CZl1C6fT2NePvXYlRnqI1sfvyhxs42+pkCca9tlJuuQjbn4V9zxLFdLR1E6bSEqd/I2jy45JmLXUd1fZss7ts59pr1rOagw1GCx8S1jDH1AmUBdWqi7T9wgPVrCWIiEVjUounfTOd27DncvWX9n2fau0kCruVBuIEhVp6izX3IN58W1vLn+006Kt69LdqasLkkV934czTcY+1dTXqLdQXRSUsC9fKWEKqjbXVWvVdoxx5yjTppVuYPVbZe3LOo8IPXjMuVQy7n32L0UPznHrKM7X112E91tr6G08k/2kjYu+te6dgwArXIAC+srXfq6BZeyInxAY+H/STNf/ACu8htu3hq14+QkRmItax27vwBseJhkTcrFqr93wHbtWRvRgz2LTuDVDJx+LH85Gqk16XUhnG4sqbmPTy/rJUZb6sJzjL8s5mvTJv0pS97G3sVUrjGB1Hzln2BkuC32oaVUbQvi3Y9ZcndXVOunsTf17oqFIMUtbT2xbb2b3WjrWm5E2lN3BX2HqZjVRbptR3TlHALeJSMH5TPbprKsalNOpx1yedvniXtVbt+0afUq/G1iRz7ZmZzOfh1bfq+sPT2aLLbqL1AGNmd23oDiU9m6G3tHUbmN6VElmwni9NokH1lzBaXtV37vaEACljLO/Q1q2no1jarZt3d7tVT5zPtrmc6n2nof+HWNa+pH2Z8qoAy4PvMdb1LpW0+n3LUFbNlrbV3Hj6mQ32PuF7WFw5VnLZKjrn5Rlqk0y6dmL7QOB0bz8/Wbnz2lvv0mm8u+5EBVQSQAdp9pHV265NFRqGLIuNlu7jJ/Dx8hLjpkooThl3uLNqny9P5yy7XnvLq1HeOetli5CY/L9JNSYxtaFuXcbW6KFr4bj+YlZsoscnTK1jtjp/Wa/teov0rWoEd38KsF249YaW299PbpqKk0YYgXbV8TD2M1/CMdSCt0t1djcE8eW7ynQ+0rTXsZA2lJz3lGVyM4IPo0jZodL9nrpyDeRs3KefUYm7T6RC5prs+zZQneTjJ6mZ66mNc+1Ops7Lt0bPoadQlyEHDk7SM8mXaejs6vTU2Ne997IQEoPhTPr+stfRabTaoMrh6GRnQNgKceRzyZHuaDUzii+ylxytAAVmbnGfTE5eX+nS8ub3Wm0RanvmahTk7vM5muulm2VaWpW3uVVt2epzjHkIKNOqi7SIqqBhqs5z7Z/rM+hstfVv31LadATYMbh9PfiavuOM++3oKXK6Urq20zapG3sHHhP9OnpOXq20q2MdOj1IgDKCOvkQZlI+26h7a86RLASVIOMg8H+cuFCpSe+uFzlCuTkZwc9P0meeMdO+516FVdOstCp3biwqGNbeJff5S65qGau/TVLWhXcityCc+f9pZZRpNPo6BpqamusG4XK2W9T7iZdPSVC27MNghkPiXG7PSPrOePpotv1j0h7a9Th2LE8j5KP0kKizOtbsErHG4jBX5yZ7Yur1deo1VrvTYCBhcd02P5yLOtxvaz7xdzbX81br/GTMauX3ouzS5VrgXVcjaMhjKrHQmsWravhO419QoPT6n+UsL9zQSuF6bTjJBlCtc1rE2oqhs5YeXln9ZqMLbzp9PWp0d9l+/jxA/USum57l+7G2nPjbkE/WGnPe1F+5cheMqCVx6xgr3Lip6zXt8O3nHrLJo53bDo+hpWrJIt8RHI6GcxaCRzOpcGJHdOVCjGB0/SZm3r/AIiK38DPTzMjSlNKpGWlgqrXjETbn5qcf5W4/jMz22Idtisp95oW2bK/h6yAtEosyfFmQ5hGh3Uj3lG1nYKoyWOBI5OZ0OyKWt1ysFJFfi+vlJbkXHdprXTqiDIZFCYJ4J8jLdwquyCXVV3bweM+hkho9QVWzYKq87uu7nnjEprLqTsC1eElU2gFvczz/WLFGq26hG072jNoLMMeIY5E8zbU1TlH6ie2R007ndpq79RgFXcYC9ODPH6mxr9Vfa23Lux8PTrO34+/TXyM8JLERnfEKEI4CjhHGBQhCAYhiOEYFiPEJLE1OU1HHEAPuwfeTxJ1BSv+Hvbd6xYaokgAFyevkJbj4+g56CROBJ4moHpiLEk0jKFDEYksSYuoARgSWI5ZymmBJiRBjE2ylH5SOcyQlQvLmTSRxJLxM9fCO/Rn7JpfAGTuw27pgYwczZVqCcCpt6k5Xb1aYamsbR6ZtjKndqm5WHP0ku5vvBSxQV6g18NPBZ7d4h2p2RXrN1+m+6vUeMPwrH+84DJZp7dl6NW3ownoXqtGqVy2pqA8K/hTHnx6/OXamqvUVd33W+uw9QBtXj+c3OsWvMW1sOV5Eq2tmb9TotTogSoNlI88fD85k7790ToyS1EyXgHhH6yL2nHzlYgbK3rrHWaFsWxDtInMzAdZBrt1G0YWVLceBmUE5aAMDo6N3v1NVK/jcD+89bkozDePXDGeT7HrcM2o6Y8KZHn5/wC/edbc7DLDp+XpI06j6qjZh7hUSPXkTMTonwn2u588bd5mQI7f4YZm/KVz/Gbl0VNtYDrYrnrIM1iUBe5tbUWh/h217j+olZ0/dXV7dPqCoOC7WKP1HnNi9lUopFbsgbqFwJkv/Z6tgdtrKo5wOcyYK3Je6tLdVswMeMY3DP05xNapp+67upxnPxecxV6enT7c0twPEzEsB8uOIJrKijlKFWsc7mflvL0mLB1be71GG7kKqrkHaMTBfpayaywatPLJwR7HHWVJ2gttapQDY+3mtOeP5Rd/qKmY36dRWo8IV+c+kmVloNaWWV7LiroNrIDjcfI/zlle9CF1FtTlxuzt8XnjMr2paAwqSu8qF/Nn2kqqbaATnxAZORwP3V9IU7LLe7dKrMB+PExBb0A/SZxZq2ZCy7ExzWPj/sZrR8JlR3rMOSp5kXe9nZFZrMeLBGCqiQVGpBaz1BSchmU9czRvsXazCr4sEHJwegxK9ys6s2WFZ+Hu/hPrukiLlv2FKFqJ3bk8WfXPpKjJemqTUOrbm2eScLtPn6x9/dWrNqUYVv4lJXBP0M2jwnFLL8H4uBnMWMpWCod1t+Jj09MCBlXUlytLUbq2yxbYfCOn+8Qsda7jXsfYgJDL5+2fWX3hycq1qkNtPlLDV3mNm6ywDhGPhX3lMZ9zdPCV27tzekt0z6ZlY7MEjb4Tk/LIhZ3iitkyS/QdA3r1lbrctXP3Ve4ZdMZ6+31kMXFbyjDUbWYchV6N7cyBUjNbU1rScbQ2PB7yJdCi1f49incByu2Fiq7BLUyCnJ2nP6woBsJccFcZJBON3rI1LZqB3lwYVeZQZDcZ+caUBCEVmypAwD8Pv7xWKdnju7lsE7V9jz8/WDFL1agX5S5mDDhcdf09pYUd1auwL3rNx93xj5yyp1qXHfFCE2d5j4B1lVq2ZcPbWKiofvt+C7fLrAddbC5WV+7Qt/hfQ/1l3e7VDtWApGd4GCT6YmUGtGKuLmQcPac4HoB/CRq73xFqdzrgVsSQVHrky4mB7HrrY1acsMcA9B68TQWfTqo312O/w11ptB9/5yqwb0R9nd2FiPEmePY/xlL2PUj8EHbzZ8Kgeg4MI1Ljar1Ag2evxQmWnUdoJWX7kbF8LKxwwHrmEYjHQbwxxTphx8R0/l6yL1fe72SpznOBnBmpX7TsUit+7pqG1GIGcH58wqoIr7tkclDy7es3ozFNJYWDJdpRjAKHdn5xW6G7TKWwz1/htRs/XHlNKGpmZcsCDjlevuPaTGopcLTWzWlcDoVGPSZqLdBa+oVRbWVfjc3I3Ca2s3AV3JvVOiCc9tW/eMtSUghfCpzn9JZWuqaoXal0r45IXmZxF4vrrzWpVd3HHxGU6hqq1DMzBlXG0HjGfSVv9mvU1adCbiMrZY2MH/Zk69M2HtfcbEzuDjgwhfZ03b/tRdWwUT+8q1id6oShA2wY2jpn1zEKkZnQWBtQyjLeS59JOlXRSvenwtkkgfpKq2nTkVo9oU2qu1VXp85Q+KmBu1C1VlgzhR4mYevtxIHVbrakXvDvsCFycQ729bCESoqOrWLkt7RBe2tHc7tMF3bsb9u4gewlWssoNljXb9xQKPD4vLPE091tVy7r3owWVBwOOMCU6kqaSzr3l6f4eevMQZ9FYNSwpqLElseP09MTf2ja1Jr0VLou1c9Mgekl2R2WKEbWatq1QcjHr9Y21mnt1Nmoq0HeNgDvbeFwPOadJGBLO0e7237Qr+FAuPEfpNoqr0Fdi9oalG3/AA11eJhKr9mtt75db3b424K4C/5cSFWk09fNmro46sqEsfqYLFtmsouUFNBV3SdGubazfLiQsv03f1LdRbUw4TY+5RIW6ns2pQDZdqMHKrwAD9OZH7bqa6VbT6Xu6CfjA3GRMbFqdeHFgRTuzjrJ3aK5y+2pbN7DOWXafecod5qd9l+os7xQW2qfhGOJqOgDVL3T22PtywFpAMielt3ZtyktmtMjaRvAAH6yiyjRoQdRq1UryO6G45+cldpNKmnasPe9+3xWPZiusyVOg09TI1Diy7bnOPAvuI9HqIDUae5He2vU6yhPiZhtVf0hUdCrts0etQleNr5wPaWau/UomnpNv3YOFr06gAt6nMnaHvCh6xS+zDNWcfw8jGlsZC/Zh/8A7fV22bs4Jwc/pNIBasd12cxbOcW3ZGPWTa2vTiu3eDcGG1m5jOqR7nu8Qss4Cqnh85NNJNWldTJrNNZWXypdQHWQNNeqoev/AIlVb5oSApUCWUkW3bw6vtGCM4A+vrLVq3MWajTKzrtJRdx/UxpWe3s+x7CKO7s+7Fe1bcYHnJVg0r3eqYd27AIqeILxz4pblrdwserFjMiBePD0MhQLtOprptKoo/wrl3Jj5xqKMkrbWaRhW21V1/EfcmW79jNlttaD4vM8SA7S0dzd39nuotfIPcDhsSttRpKrN1V1oDDiu5CqnHvGJi7vbjpH1FFH3mOM9B7/AOaOu/UWVpa7/Y2X4WYjnjB6y7T0l6nfvDaHPHdtlVEqSoFhTdpizKfDnB28c4kXc+JXXX3ahqtUiW5r6nzHoPaTGo1abKn1jlNvKKApX248pR9no5+y2uliHcUFudp9xIUVG3ZvuZnrYsTjAf2zM5Dyq+u7TteXAG/aE6+I+kyrrd7OKa7ntA+BgDt+onapqpsr307SjeLa2MrK3pXYK9JbVQ5yDxn5ys+2WtQ6H7wulq4CYwVPnGENdLZHdH8GevSXK5qr6hnbqw8zLUsspRt1quepqYfpJRhv01hbKWiq38I28njrLQz7wV8TMMN/pLizW2bsKp8golbM1TZSxA3u3w+8yqi3V7FatkFvPwtyM+nzi01eo1Wrr7ojubupAJwp/EfrxNP2ZL1bL7ju3Ky+sqJu0+7TLYUUqA+z+U1V5/8AVtyiolNPqFbu3ClyvDAfEJT2drTp8u1Kul+7cHHRQeCJStZw/cuzHltoA2gNJKHorrTV1cIMIuQd2P4xmzFly66VWn26UX9maxl7pTuCgsu0np85zNS5rR9x3M7Ejw7cCXlUdg7E0FsHFQCtx6mc7U26i253S5WQnwh0mvz59+2rd+KT+kgWfz8Xzja1x/iUE/vVnMSstn+E+728xPQKyqt+6ZFi6ja2GX0MsPvIHMoztWn4fD7SthiXvg/OV8Y8UIznrPW9jO/Z/ZXdU6cX22jvb15yB+EcTi9i9mHtLtBV8IpTx2Mx4x6fWemHan2S++lUU3JZtDDgFfMH9BPP+3X8jpz691lru77VB7XZ7OprXK4wOmCflIF++ot+5yobY/d9V+g85J0TWst5cKzjFuBkMf3T5SaVmiwDT0d1XglrB1Y/zzMxyt2uV2re6VV6fbbW5BLF26r5TkMAo4mrte0v2nfySA20Z9ph3T3fnJzyzfZ4ixAmGZtSxCOLyjAQhHjmTBGGJLEAI8QsR4jAkgsuJqIElGBCVAOsknh3g+2IAcxlDuYe2YpFfm2IpM/5cSsmFJpGSaRmKsPMYMiJISwSgIRiaZMCOEJRICMSMfylRKMe8ADFzmZ6+E+vW9lEHsvTgMvC9CMzUcKu7K49uMTm9m7fslGN5OwZ2dek1MQONljjd4vYe88drvF24svXkjzmZ9PsTe1qk7wcKMY+kmzozeFjj5EbTI26ju6AQNwbav1kVWoZQXZyxzgKOP8A5md+wqNSxexG0xPmh5J9xKqftjVq9d3duv7oJ+U3DX21FRqEUnHLLwZrkcm79mbyfu9ZU3+ZSsgv7Maz/vaf9T/aegXXUkDc+3P5hiXKyv8AC6E+gaaRwaf2Xbj7Rqx8kT+8f/6ZRm8OtbH71X+s9Ad3mIsj0geUv/ZzXUgtWEvX9w4P6GT7L7AOrqNura2gBtoTbgn35np+d2fKM/rC45muop0tOnStNqICo/1MrpFbFVsYKSfinY6jDAFfQzlajTXVbj3IevJbOeMSDelQpUhQR68xktj+s5deqsUgMLAAfY/zmhO0UxtdW+kDaHDDghXHvGHcDx4PymY63TsBlH6cMFzGuqpfgP1454gayVb4pVbVuztWkt6sn8IBkT4nAHqWlF9t21xX4lGPnM0UagNVjYlNLEgd6g/nH3FZxYltQVG8QA5bmJnt5VNyAY3KyZyT6e3vKa2pS01WvaXzkkuQCfTHSYJFxXQJp/AcAncqlsfIg/WTeulG4DLa+0Ha2QffEqFuj22b9Sth4AKjJ+gh3tiYDaay3jCsHGRxwYKG0z15Si2tECkjI3OSZN7W2DvxzwFdm2lvoIdz3lddmHXcuCp+IfpFeqinOkSq9D4cWSMo/es5R0sVF6WKRgfOQ1Gme6oKt1h2EEvjgL9JW+rC94LdNYrDHup9JqRHanffXs2cMueGhYy16JzW6rqbS6N4WPXE0GjuVDtcfdWz19R5w1DXJX42UbRkKp6Z9ZHTowtObSyLxl2zs8/6Qi28C3SqXdrPFkbD8XpukRTphWGdhTk4Xace+DEN7AYVVdmO5fLErVayWfZhfLYMs3keDzCtS0Pt2mz7or93znk+cr2akUlKn+6TBXHGQfOUm3bTva7wDoqpwJfUqaqoFEBrrA2shH6YgVXtZUo+0BW2ADwqVK89TLAON6Ll/h4y3+ktZiKzubDOvhBOG9onZ0c7G2hfEyjqYVQG1IIIZC/JJ+vSSHfMzptW0bSCVfxZ8wMyYINalsKEBOF/ESZSi7m2FE3hsfHgNnr/ADhNRvTaGNVAYHmwWPt5+fnM19bUMraGhBZyzMjZWvp5TfWgyEdBUy/iOPF7GUvo17sPQ7VXZGNj9RnriaiOeun1lF/f2h/vAe9wp2tz/CSai3O2rUCypRuZO8YBh+6T/KaGTXrwdS9yHpx185KzRodLb3lRYeeDjp5AH/fEqraal3MlgDAkDeG+vP8AeSTQjS2PazvZu5XxHw/TpOYzXachG026twMM7eJJIX391QU3bCTuXcpJ9+nzkTG1cse8fTIjq3LIw3r7QkWLvSncGvClc4UFS5OMHyhIkjBqdRrbLQEB7sDwIV+L3li6622stdSyOvGB5y9a2wPQdJabPuwGRSoOeZdZY7NQdQF8exkRQi9SfLmX11W1JvGoVd64Ylckn1zEDXvwVRR5cdPlIrqxqX2EhUpOEqfCl/eQa6AgO2ipQV62leczHapFjam63BAwEZj1zIV3vRqz3/Q4UJnnk+U1fYqbbdTq7SrWoxCU2HjiN/2YxW6/Tglzsa1uWyPTpzIL36WG02nVcbgieXvOga6TUtoqRbOuNg4PpJBlamzumRdwJPd4XJjYjCCXW1wdi/8AUasDK/SSbS6fUaZnq1jfGq2d4m05xxL6ne1i2/YysWz3fxD5+8dqajWV7haKcncQOD9ZNNVUpQ2oRlpr7zA8SHjGevtGtWb3e0KNpyg9P9Y63sXVIl2qsYs/5VUHnoZdqbdRfXWNXqO8RW3MoXGR/P0hUe6XUFL0uXNa8Dyc+mZq0ejFuX1a191W2VcDxH2maqmihRbcDRp1O7kbS59hMuu7bt1X/L6P7tOiqvWWReY29qdpU7wCcIvK1L0P+acu59TrdjXE108lQv8AaKuhqbgbEa61lyG2+FZfp6zi1LEelhz3gHxfKVbVK0ad1BVMn3fr/aIaDwpX4cH4n9vOa6qGIFYCqpOWbbyZBLLaiijeqsSpXqo941nQirUBtrUMx8GfL3/SWqbGsY1IWZQN2G/gYKW09xte5iAPEoXcz+gHEnqb99Pddy1QYZYZ5+UmmhdJ3R7zY1j29a0wifr1jXUAsdQw2qg5VTKxUNS2dRe9dKDG2seJpDTiiuwV2NWq7crSy8n0yZEqdl2mQHwtWHJb7znPvBNTTcS9iNXWMcIuOP7SsX6lFuzWhyMsTyF9JLT9qV2Mi/YrL3Vd2K2yF+cYZq/T3XU2l2FR3fDtPNa9cGTe92dme6vGxSmxMA58+ZXfp11D6ioW1KSqlQFwV/zfOR0aaE1mkWVM58Je7IG7+khiFdV2nSwWM2WHx/hUeokXvoqbbTq2fHUqp4k+0NLq9PYF+1WFNmdysGUj2mjs/wD4QiV1tTdg/CWG4MfpK3zxrJTdc7Wuiotfk7ZGTNPZ+qF4t2eLaqtk+ZnUu0umt2LrWVm2+FazsG32WYatPoamsTRad6zyGZjncvtM2yr1xjJqb10V1IdlNQUq5C5xnn+cd+oXu12s5yB4AvvxNDoli/DTYCcEMuSsqavcRVpra6ecWMo+82+3pLMrmVjF2WvVlq+7O5HQbi3seeJdmnuy9SWnBJAsUZErqpp04YpWKtvhVnO5n/ePkJoSze3eaqwDjCLnJ6+slq6xVmp9RtWrDd2W3VtsI/TrN7V211P3V7OyVg7G8X+zEDUrs9Wnpsv27ebCpx7ybrvLIGIYMG21nGf7iTSI6TsjS3aYay1qtPbzt7vK8++ZR3grqFa06nvMYXcARj6eUsOlQnxq4fOcscyu63T6axHJNVnqdzRN/rXXUqa1m/aGpVsEFLa3BB9RiT1fhd2XCHG70+cqV933jN8Zz4RtzxIP2hprq3fVIDdQpAQ9LPT+MZrAXVHv/u0Vtn4mPAPykrNXdsZfu7HY8bl24/SYhq9Pu33W11k8sqDMx2apNSid7aiqWJCKOfbM346Y16m+3UMEr3KoXBCH4j58+kt0dCadd7ICx8hK9O6bRgZHtNFepsfetdK9Nq7iAS0zgdmvsRTkWUI7YVcYbHHOfKVNfYFIdtqNlSXbBZc+XvDU2aei0V6io23PkPuPhGRzj+Ei9tVlK169E+LqXyB9RNyNzlQ9/cVAJ3te07dyHhl95ZVptXddRqjgVgbg5fcF9vnNFVmm0zr3IFoXPgwcgDrk+k06fUDUM4RhZW3HdqM4HyhbGDU3CjUjuU26jUEZXqFGOsqcCvCA528Syx61uexlP2hcqR6TMdxOTOkDyZXZWtnxKN3r5x7ot3pNCDG2sct3qfvfFIixLPhPPoesTqznmUvR5jg+sosMqdvLyhvcDD8+8TQjodh3dzbfX3zotte0gdCPSdip7txamtH04JW0Y5ZsZGM/Tmc/sfs7dpje5at25R1PKibhpqu72tazKuCVXxta35j6Tz9ZupbqHehKUcY7h7AgVTg15/qDLBqc20d47Vu2TtYcs3vjzlv2dr6n+zOtK2pgg8MDkc/PAMuSpVUd46ceJty5z6kSQx5LWOL9VZaBtD+LH0mfbL9RaLtTbcBhXcsB6DMoLcz3z4yCItsYMc1ghgxcyzENsmGq8yW6T2Q2RlNiMckFj2zSaQ4hmBkSYRLdDfIZkcya1izdAPyefwyrMM8fOZvS4mX4kYswBk0wyYoRiPoYjEIxiaS0+kYhkR5mkGIwIt0M5hEhgQ3SPWTVcyiQyRmI9ZMfDgdJB/OZ6+JHotHptPZpEBtap+6Usx4A8/WOlqaKGbT6m2znw7v99JOurvaaa1RN/d8nOGxjy9420dLVNi5kZiGO9S30x5T5+u0Rss3AC8te58Q2DG35S+ht3drXkWeIlHGOPlMTuKVV3rtCbsblryvz+UuS5rLGfSPZbY3jIGFIHpzK1F5XU1nmoEZ+AACNNOpsLalF6cLmVpfZZqHFD2hUGW38jPp0is1lL2p3iMe78W3Ztz5c+X6Syqm+jrdVSpsKr7gOuP8ASZLNDah8IFpzy1bYI59DNVmoZq0+yqa0b6EfOCW1sxG0PZ0G48sfn5SyjKbb9K3x6juugZjgZ+smO170J3Uravl4tpmpLHZSoXvU+Fqn52n+s51qCl2Xu9innYeQPlNaNy9r07trU3dM5TDibKdRRcdtdoLflPhb9DOGD+ROR6RGzeR4GOOc7DxKPQlGBz4pRqtZRpVAubLH8K8kzk/abqlAa61fPxEj+ch36YLbVdj1z1b6wF121sduB8OZYg3KSuAy9B6+sg23jCBtp6ZMrDBQ2Tjaf0hVwfHCg5PpLAtV122yzaMdQhJJlQH3aMwB7xss3IbbOjpG0y7UqRlfbnxDP8YDTQ6UAbd7f+UuOm0znLVKcdCxziWrjz6/KJsN8S8SDLbpVfUBrV72rbtI8x/pLV7jT1bdPWqsOiAdeJaAn4DiJ03HkKfnGDiaa3UuzI2kDKc4705Zf9mX6ejVX0hyiVtt2r4yRjHpNGrqAcOqNu/C4boff1nNvt1CVv8AamK1DLAphd2MeH2mcG1RXVYA9ruVUjbSu5WH95NBTqh4KWVk8IXPJ95VptYHo300haMbgo5+Y9ortZYGYUaZ8MeGQYxj+YmWVpIDd2+n2q/hBZeeYyW7ohAyqg+LH95nruStN15agWnkO2f4HpLR3VgZNPau3d4WrYcnr4pEAXSrZ37O7Y4yx8MsrSh9P/hMuxduwg4x/WU7xXuawlc+I7hkcecdamw+AozN4kbJIAkZTdkChq7rUTdt5659OfKTWk3ZdLyWY4Pr9JntqtV0IYakb/GXGdvsJHf3KFs/G3AVcEZlVN7WZGqwq7TuO4DxDMsNTHL5VCSMK3T5jEigW5mK3DOPEjD4Y+9BVldQlg+7BXrtggrXFys+n2K5I7wNuzx6GWp3ZVmPePsPBbBLDEpr+5sBfbtU5ZWbmFDW1lUZF7pgSvmfr/CCpNVbXvYuqUldw5HB8hIkVAF7UYjwqCG8z5YgNunsB77aScsj8+/WQZle11ZxdYT40C4Y/wCkIvGlpSx3B4PhJsHlH3Ks9X3e5Ubls4Yg+RmcKjYoL2VbcFRXzLaBVYLq0cJ13jbhiPKGlyVKlC7avDtZTn/fWVNUm5Xpbx5bG+w8k9f4SDsocope5sfBY/16yDLTfSNStfc3I4BO74ceX1/rCar30qoW2lSeMK7Ejjj6TXpqaW3XVDukGN1anof0leyy4nayKnRkXIOD1xIIuHGx++VMh+NzdfMfKDVi1Br1K4DKwU8+QhK7ftHe92tS9yANzBeq48/4Qg1y6tTrKCVe3vKxn4xnMvXXPgVd0i7yBjqcesBp1dVPOzpmRNaVXK4G4+g4zKyldWbMJWn3qlrCo8sShtHVZ3YLMaAw+8f4nJ6hRNdbW1q+pZl7yxdgHkB5SaJbXmy0rVUoLbfiJ9h6RuJrHfpdFWEsrqdPF8W73/nL11VxtZ3QLQox3lo2n/WWvbY9dfcNSu0gMzqc/wDzJam+2xDTq10t5UeHK4GOp5Elqsa9o1tYy5OHGd7eHn5SSA21JQ9XdUYyr1kMRxnJliMz2Vnu9PpdH8TMX3g/LMur1NVVTnTaFWrsUYtI2biP3ZaKU1Dgb0NT1cYVG5AEg99iF0pP3p+8U4LFx6TU1ur73w1Pcp4I3YRfpMh0SpqKgWavAwrK39fSEWpY1ltdbUuu4bsMnQydmqah91Pdu6jbuPRP9Yla5qT42wynlmywz6TC9FxRkZDWgGVQHxEjHX55iLFd2pOpYvZutG7DORn9BN1DMFVV7Kp2ZO08q3zPpJUUu9Dg1isrgAK3h9dvz6Squjve+PeuH3+bHqen8pTyWm+2igP3NGx+NjeOxfLj1ia2moBbEstUFR4T4kMrCBBeLlRnqG/k+IczoNoletre8bJXlX6+0zRm7/TVVu+6ywE58Q2/SRq1NZoKCzw2dNvWVvpLRUbUdHf/ALRXrKmWmwJVqdOtDHzXAzLEXOX3MUs3YGBWOvzMobVFsblKjOMt5yz/AIfYz76XNSdHZW8XtLEq1qt3ljLqBUfu94H6mBJqu8r21s1LldxD/EMeYkLVcWNYGR9qeEeZ+cdNlupt3atAgXOGXqJXW1f3lguQ5OBX+X5yI16pwaRdZupZlVWXrk+WPebeybm0nZw3aZ6vtB8V1QBJPpj+sxaWjU2aR7H04bTVeJLGYY+mZt1Gq+1V4q+4qfCOAeB6+XGROfV307cemLtXWJqHvPdpX4lTa6A/r6zGNCdfWrV2NWTyareuB5iehp02l7OsvGkQ2otRLvjvDyfQ9ek5lNT3XDUX3O1tlRII429P9Jeep/E75xnrQhVRa2CFceHlc+m6biyaHTFA3dVno1a7nHyiSs0VFmY+I8r07xvU+kNL2xTU5tsoS1z4U8OOR/vzi30cwqtKoqUoO9t6/eP5kc8+UTatBbc4DeBNm7bkCW6vX6fVXFHpXTOF8Tbgu4evoZnrLNWGyjqS3Gekn/1jq+1h1ug06IXS5LWPUcp85Euj23PSO8RmHlJZTYWVssDu8Pl7SGsahVW13eqt/wAKcEv/AEiJbp36J6aX+zuzOjbkR+cD0/WNa6L8NchW0bXG0dIVpqbAqEZs+IsG4X29zLO/DLSj5Swpja3UYlRILl14NJG7Kkfx95X3bUnUvRYXZz93zjA9P1lVtKWEY1Tq6WYcN5g8gCXv3aVps217eMdOYUJq68D7Q/d+Abt+eD85TqNVoVAIS2/dwAgb+cp1OstVVY1uaeQX9eZkN+S3cLZhjmxrG4I9MTU5XGyvtGutcvSyKgxtc5z6YMw6jWazVg/8kO4LcKAQR9ZFFq0uoW8VmyoAgrnxJn2nTp7/AFtiNpWTT6Y/DZYvNh9hNySCvT6FLdPVnTJWC3RW3TJZVp+7uu09qd4pLNX1EidJqdFfbYdYCeQNr4Z//HzmvT9npYmwaLU1uAQ2EOGB+Uq4zjW6Wqutr6Ladw3ju8ENMupOrp1LW20ups8a5U5C+Q/lOnVoNWdW9613BwNqL3XhUfXynUq7K15as29pWFVGSBjk+5MenScMvYZ1GqWwaq4bioIRk3PtP8ps/wCF6SmwO/e2t7tgD9JsFPcI21qqweWI5JmdXQtkMLSPrI688YsrSpN3c6Zct1YrnPzJkbC+0qrKpPoOJM96/Xwj94ys1hATksx85Gsee1ulNdxZGZiTlifOZDqNpwyNx7T0t9SbScDM51lAawJWm+xugE3Kx1w5u+uz4X5kWrxz/KegPYmlFQW2sNYfif3mK/sJ6+dJqcj8lo/rLKxeK47vt6cyl7SZo1FVtDFb6cH8ynImRiufMfMYmmEWfcDL9JpbNVqRTWcZGTM+PF8p2uwqVOm1VzIXY4VADjpyZOr6R0LKUoeut7leoEL3bA9IKQuER2wT/wBOvp5SjvnbFLVmpLMklm+HiarQr292bwi5bw9DuPPWcKwT1Vhk3d5gEMvj27j6Q1dzt2c+6pvFVYeDnYeeDJ/abFPKWXirAZrDuKH59I7KqrdPeK127uXBB8J2+f0l5+tPJMZECPyEYE+hPjCG2EsCx7MymoCSA5jIAiJhEukRbErLnykOTJas5WmyQLyGDDEztayAtDdDEMSe1GYsx4gRIFA9YDqIDrIoxGIwI8TU5TUZIQhNYhwhHiVAJICRjEIcYGY8ecC3pKiQXAjEiOZMdIQ16SL9DJiNF3XIv5mC/wAZnv4sejrRyy7bW6ZVmAHTyEmjnqSrbicZ4z7fKV1Wd6oNCKzDxZZehlvehrCgyodRgnnI9vlPn11hOyXsqtVY37oO3p/OUL9n0yPdTSWD/EzEkt5ASVTXpave7coCyt1K8+cnfqGbvGVVc5+8TZuBEsalwqLLtSlPe6d6AGOKlBweJO+q4qxtJSvKqFx4lJ95Tfm7SKO/Om3+JWXgiQo71aLu+uNzj4H5HA58Q9eJo1rTQf8AN2FH2uW+H5eeJJtJWELWbLN2OduC0itjBa9zKGHJIYr1WBZK9thc43KRlicLj/4lVYmnRq802YA6Fen6yq7FjpZ3O108LWE5VsfyldoUOr03KKrDusXPmfxfIyjUNb3wOot32H4VXhfpKuLV3X3KtRpX5HDTbTphUuc73M5tCmu6u0ae5z6KPKdWrVU2jwPz+VuDNIkT68yq3T02j7ypG+mDLWfBwOfb0i3e0K59vZgVW+y2Mr9QtniEy2ZruP3OLfNrPhH+Vf6mdk2Vgnc4/XEy6lxYpXaHX8x8vrA5oDFi5cuW6+80aY91rFsX5WFvT2lB3DGHHXpLFZ34XxH0EDorffbg1FKk9SMsf7S1HtDYYhx8uZkq0+oYsDleAVYHAkrNLqcnDPZzkMPKBr3K65bw8yKuH4Dqw8znpMTM1S/f2EDPwhcsYvtaWgb0ZaweFUfzgbhZn1CjgcfxjatbFG5FYDnpMR1+wbq6rHx645gNezru7tgce2BAdvZ1bWi2p+6dTux+E/SUW6beUVrGPJL9SW9s+kG1uotDKt2wrz4V4P1kVBF1dt99+8jwpgLu+nn85is06qvFZlxYhzhVYYz8z5yqzSUqzGut1syA2x8MPf3l1moA1BrpQNezcE4GDjkxd/XUodrc2twWqYsR9BMlaBzWzMBsc9G46+0r3bg5qtNRA4zg4kL9U+pUgWLZWhxt+Fw35jMtbNS2dWwBz4cfiEmMVrpPd1sldz7/AMRz0br06SffstrLhijKOqbgvqMSlhdk2lmVcjovWTGKrck2Yc+Z5PHp6SAfQ6Z7k1F6sto4dSNy9MRvpalUWbHFYY7ijYB9IijB71osa1Ww2S2COenzlh+71G1Q58OWZcdff/SVVPNmpFVaO6WAty5wflFYrrWMGxUTGbV8TAH8JEsRbktzZqFerPK1Lhs/KToXU212Guo1qnVnGD5nkf1gqKsHtddo3IMOzJgyNNTmr7O7EgeNMttJBzjLdZN7cNVucrkE1sFLZ9QYnoZbA2Uy48YHX/4hEDQiaQVYswDt3V+QUYx+sillKo2LdwqwNz8t8sy0MoK/ZSoVvjC/C30hvDsdqotY4PhGA2fiOfnIKXKN927u1VnHirIA56bhItqtlm5Nt27JZXXjA/e6TVbUaCNr7VxhlfDK306TOQe7UoLKgm7aiYG3jnjzlQ7b309u1rEoY45zwM+8g932ezim1728QZV8WB5n1Em1nwvqDVdhckMcL/sQCq1OFcBQeFqfxJ8v7QqaWaha/wDCtqP52wVPsR6wlYVO88YtfZjDM3xeeefeEhjmpurcvQSG3Z258vSWjk73bbtPX+koZ0DH7MCXbHLHPyl9oaplRuRs3Fz+abRatu5gAPFjd7Zltuosp+M8EYG4cZnLqtZXLWuztnH/AMTVTbZvyjAsOu6RGux91G7ukRH+JgN2R7CRrtq1HeMK1eoDBZz5dDxKaLK77bi1wqfaQKdvxe4MemuqTud+jY0g/D5mS+lga3SIUGx22EYZ8BevlL2fvLgjZUKwGVOc/SdSrtZNQ7Ut2crqDlAxUkfOZL7e61aLotGaqD4SVXI+fsJmdW+rGuuZPlZDfcljIj4O7CgjG/8AWZdTbqENdV9bVjO3PmDLxojrLwyENuJZW3fCD14+U0dofdFGesmncFVzzz7+k0w5tNzIqFyVxZjOfLPWahqdR3rYVrageduCVPrIuq2Bh3osWwccdcdfrzM41IQqNIu7aDvYdTgdJoWWa5xYUKNucB8Dg9Dn+Qmk/gXvh3VvGSMEfOZ01di6ylaxu7xULO3XBj1FZ1Cae7btZ32tWW659f0jArkpa8NqkTBXhq7Tlh6GSt1P/ZepGZQB3i7CQPRhwfrL7KdBSz1hAj7ei/1mOnTaSnVUO9jltxBFp9oXVum+61GzULdax+LxeEfLEK3Wzv30wyKzhqLOf/ITRWFTU1Wphg2V3Z/DiZ31NZ1A31rp7LeHszxt9JEJbLdgsevbavhba4C7f3veSP2S6yuxbrKrSOAWwdstvWpAyvragXwnd1Hdz88SNenbuVr1FtNBJ3Vpu3Ocjpjy6yLhJe15FSMbL08bBDgY8wTK7Wop15W5qLmQ54TGPPaR0Mt0OhOj3ixVw64Zt/T5CTvo062qEIF/xbmB8veBHX6q/Xou169MfCyVnwjH9ZZU92osNPZ6u1xO+wAYVAPn1l6K6WlmrRQW3AK3Q/KWVdoKmneqpLhqCzcKu1S3luz1xxMW5Mka5u3al2d2jqKFf7Wjmyod0q17eg9f1mem3NAZhtcEj9eTKkqsbWM11O1QjYf4ckn0EmFfD2M62VjhPVfWTxk9p13ahta+3ZY2FGCo8/n/ADltWj0gFhrdrfGWZX8m/wDiQqenTKNxchOhbxcefMdjX6fUj7Ppe8q3fEPxZ/rL7ZSFavYwRKxgDxsvQeglldDX3CqoioDLMzrgKPxHHrK1R3oOoX4Mt92PiOJpoFt+oqrq07s5Usy2thSMY5ma1xNvtXqdEKDarBSwHgNY27lPv6ynwBxvqsrrtG3Y3i8XtNl62196zqljIMKlbeWPX1mcncpzu46DOCfaIlnv0rehXZK/sj2kMcOzY2+5El9jRgLLDu1bLtwHwu71/hI6sXVXNqV3qO7wtanmxienyH9ZTodT/wA2VFjXWVkAtjaq+06YYnXXUjBTa3eOcAHxYZTnIllmne+xd1GVQ5LMcc5lgopGqe1Ld+3xKAfg4wf5yN9n/d27BjaS+MZP8Yaxhu0mr75rcnVU427N+3PyIjr0ulfTm4JbTYMeGywkKfL6Tapd6bWVhsTDqoXDYxzJbEtIs+7bfhgljnJ+nSa8lVadKdKpFndh1Db7O58TemJCi1NXagNL2GvxoTUVRQf3fWQ0murfX1JeO6QWEkMcKvBGCR5cTp9oaysfc93X3LgKLFOVwB4V9c8zO3cXx9aw0HTnVOzaUJchxvZgSfeaadfdoN7DvrlbxOd2cTB3unFypZizLBV3DcV+smLRVcFrf7yxsAY85rU5uV0B2wdTwtdrE+W1jL67NYyqFoFY/fOP4Sk9s6mpO5bTWeEf9NODMlna1j/Dprs9B4cfzleqWOzt/wC5buPoowJnscK3hVVE5R12pYlRp7AR1yRx/GZX1ertBwBgNs5bzxmE8o7balV85mv7QVByZgXTai6mu0ahTW+eax0+pnY7N7E0b6bv7U70k8buf1jEncrn1X3a9vuRhPOxug/vOpp+606YqB3H4nbqZPVBFG0EFB0GMbZybdWlHgUhnZvCi9Yaro3XhVyTOVZ2jZc3c6NTa/t0H1lO2/U3f8xVioDzPh3e8dF1xIP3diKx5q4RVAkcev0/0muiVSX1rm+xeWqrHC/3g9ens7tmZnNi4VH5AHqR/vpLzXpim8tSpUBgy+hXpn5yNlTm2sonJB3Wr8LAD+HWPJxt1y9RoNMmd25W89hwufbM0aLTPQUC5W5Wyu48MOuPmZoXTVOHW6o5LnDWDgHaOQJoppey2oJaAUXayt5+nWL1qaxavSOq7dEt1i7dwq4wufn9ZfdWjX2PYQr2EOAp8S8D16TV3WqNbn4Uyx37vFgjIlrsyMmArbvE9mOSfLMzprPfYpCldKWVcEYcLu9iJC+y2zTFAV3uC71hvLb1+Ql5OlYnS3qLPxAlCAPrIa1nq0ttyKtaou0qTyQfQy8/V15M9Fx6SaIfOS8Kj1MiXn0J8c0yBIFpAuZDky6YkW5kd0kK8mTFOZF9Ksj0iz7TR3EDXgRhqiPHEmVhiMNV4ilnHrIkgQuo4gYbvaLMikeJEdYMYCY/rSYaS3yuEvkmJ5jBErjxGpieRHkSGJICaTDzHmKSEqJbi2IBYASQzCJIFEkOnEgJZjiVABzLdKM67Tj/AOqv85AS7QjPaOnHTx5z8uZj9P8AFeXQs8YrqLMzIpwoOBjpNFQN2nHesO7wGR/NW8hAbLKh4hgsQF887v4yjcKri4XwlfuzncOTnlfUc8zxO+Y1hxhVZQ4J+DOeD/vpHnYjOdisG2qFb8MortvsZ9j6fvFOA68hfYyV1e5nRtlpzkMDtK+pEiH31zWBagQEID7l8QHyk0JFgDWgsOuRjI/NIGpAqjG8qOLGO4rBk7ynG1tqLnr1Hm2YTE/Gh2H8K+Fh0xnp+kh3ZtqdlyRngbz5eUlbb92t1ZVkHG3nJPTp9Jl0xfUb6Vraq5OeeQp8jn36StYvsVKrA3dVOD8QQ5/+I7dRUBXZXp71fJU+Y9j7SDrq926+uy0v4QV8I3ee7n+UsGvaiwI12XXhgh8I9hNN6yM2sWsKc2gde9bBz85VqLtUrb7NPXk88HcJ1l7S09nFlwqPkxXj9ZpVlPwlG/yzRrhV6+xqwbM4z8IsPEvGszWQF2j1HnOuwrIw6KR7iYtVpNMELVVIjg5O3rj2lZZ31HeD7vKMT7kSvdVtw9abfbMnqaLNOeLkTP5hjp7Sssal8b1EHz3QqxRQdrENs88GdXT21MrCuru1HA95w2V3HQqpwdyzVXe9QBV0dQOMf1hHXdgOcSDgsp2KzN1HkJjr7R3YS50rc8grz+sus1VNQObVAA65zn5SjPf31VpLltp8SsOmT1BmWzAfKtwRkjE1WXpqlCJlkXr7zLYdwwE6Hk+ntAiLPFtbwqfOX06cO57vxAdWDY2yhXBBWpNzPwAvWba9Am1Xs3b+pAbAkVYukoP4N3zH8ZXZ2fUbDZ9otR+m7qfpmaGBwML+hke+wcMDn3hGVNKagxd6sB87y7F2GfMSCaaq3UuVSxNqnxIQF/jLdU1ZsXvRtAwd6vgr74nP1OqusswlfeeQVgcD6ecxg336WmogoyNZ0YgZZccSiqrl8ODk7gD8uAJXptNrRxfTpsnzyy/ykrqL2VhTrKa9mMqgJb/WTEqYCd0U1dneKeSrLxn+0jUlFbHuduM5DFiSv9hNFAsSra1KWFT47LG5PHpIfZ32A1V101qMurrtU+fDDnEjOG3Fzagoa328lW4+okXymxbbcIw3IC/Lf/MsRD3alTXZa5yO7PhA9B6yPdlcvlQW6Df1+hkFKpZarvRcTW4BJU/AOhPz6SQdtm9fGUVS7N8RGZKy7cw2U3KPOxSBn/SW16hr1beAqVfdvyMjH84RJL0rYCgKpDZJtJ+u3HTMovNY343BT8XvnyhWnd2M5dB4d1iKM7j6yXdCmoBtTvKnGHU7f7/WBFnQVFDsVQAdu7HTz/lGdQ9bCpdrWbSxQY8Xn/LES6CuvHdMTVYxIDHJB9MxJoq1ytjtdY2M2IAOfrCDv666QNRXWh5Hdh95wfQR7kdi+mdtx+IMOolaDR1o7IWREYn6ectRtNZu7p3NjjKc/EPL+sVWe65aG+9qNjAZfu0wCPWXIdKtaulbKyDcV2+J/TPr5yBt8YSxLKw+VdH5J/3zLBp2fcaFqZeGG5xkEewhEBtet2UblUeJi2Nv09YS0hr91LKE8wyEK2frwYRhrmtdpu90rgitMkuvpgSu16NbrVNjt3Z8AYDhW8pTTUndd+liiz8rdcy90utdBUuVQh9xHhDTYrsD9m6kV3BXHHi9JprPfsWdxuUfhXrM1ysX1OoZl3IVyS2fF6iX0a2y9Nj0utx6ZGA0lhUbwumdN7u3eHC7F5HtLTo7Ka2W2/ZbdylXB2+5mZGusC99Viyps4Y4+ssajuNQ5qPed55ht20wCusU6Q2FGW5Rzzjd7gzU+puCGwXOqLWcrn4iekz7dTWSiK1tNnJTzz54kk7L1epo23KKwGBO44yPnIhdnFtUXtXT+JVw7V4XH6xLqbdPS6LfZcxbDK1e4fLGZp0e24v2fdQKqU67bCc7s8585QiJpLWBp2WAslRZSGYD3PnCm9OjXazBk77ndyNjfLyMiKe9rt7koldQ3LtXhz7GaxRW2ko72vCJnch8yRzn6ylgy07KVFar+JenPlz16xpfSs1psZ9QrDbWhK1ryGzwBGbEcvatdq7Dkh1zn/fWO8LtD2OyvwPD0Ms3r3q1LW9jkgL5KPrCIV97ZQX1NiKHGSFAx+spNiLqK9DQGZnIVmY9P7w1rorLVYzsGX/CVeFI9J0NNpVZgqUHwHhsHj3U+UW4OelRpusVNaawDgI6ZyPWSrqs7hVrNbWea2fxmu3T097U5s5z+HBBKnn5ylq9PVe1xGeCBzxk+kmodlFxG4vp0bbjdXWSf4yv7Mmo19oIYVsoLZbBDZ8oV3VG6sW2MG6qAceLymk6l94QvX3th/8ALGI1dV7w9hrZ2aps+Nl+H6+ksbwaVWOpQAKELcHPl/GYbb3uVFNFiVfjd1OMe02C7S6i4FgATlVXbny4+kmIhWba1spqqPHJt3859cR7nt01bXMftPw7d2OfI/79JXpNKqudS6Hh2O5jyeMSwBm0ldhrD143NYcAITzzChNSWqrR+TbnkeWDLE7uygoQ9bA4MmKtN9ko7y1N78q6DwY5/SQpRVqq2sqhxkKT4sesytmK0qGr4o1ddlfDOqjxLj59ZZpDqLSzvrPs6ZwQoLOSPXPAjr0VaoKxRUaVGN34t3qYtSy03IVrWxyAgRV5b/4m/wD4jQ2n+yU2EXu6Z3tv68jPEj9o1OClWqXaCrd2p8Sjz58syhVaqw2ax07x8Kiq27aol32cJqTcqqFKbcDq2ZjFnoadtQXbva9ox4CvGD8paH7uu5F27iRi1hz05krVAqw2fGAOu3GZWBXQtiJX4VGW3HP1kxYHouwj0Oj2HqX8h7fOQroegGzuNPW9pw6oxO6WVM7Ul6HVweML4cD+8jfZmt9TU52qoUbum7rmb3+C9wiUje2c8BVGP/jpiZu0NGo7u5bBrKnA7vD81t6Y/rJ6J+/0wLMGLfEvQqw68S1QKziio7+u4gbRM+5V30gA1CrtcK68s3XAHlKE1iG7KVMWtBOCMdPYzQcNuA3LYw8DDyl2pR7NH92CrjjcPF85YmuTrNrWp3TKt1gALF9qkentMlAK3CnUpeaa2ZWVK8gnyM6GpproupuS023Z3M9iHZ/lyOkmpapmPfVsjpnu0b8ZPUNOmtfxD7JXprRdddVUFwaqn4b2Mdul+0jbcmwfmYeefKTo0rd4Uv0dN9lhL98tmeR6+krOlev/AJmxdpYhQqjPOeVGJisUHvdKVWrTqllmW3K3wjpAtcqvZaEalADkfEpOOTFfXqVsVWpbcQe7K5bI9GA6TLfqtO2qK2PdagG3apwCfIe8rSV+nq1Gtu2aolscVrn088Q0Fdf3d9jiw9PCnHh/kZq040/ei4ad6FrJTb7/AD8+sndWisSmcNwiqu0H/WN/iaa933X/ACrWLXkAVhPCvzlSajWVM+x9iO3jVmwP/mZLq7bXXbqO7tWz7qv0XzOZuWw27W75GdOnluGfxekrUuIub76iXt3Vg/DpiOh8yxiGn0aMlb0lSTgWE4fPzlaJ3N22uhAyjc6Kcbmx7+8idO/dvWUdrGIbnlQT/D1ip11a1I2nQB66ygqyuRkg+vHnLKnZv+ZqDLjhcjCn1zHZipxt2q+3Ks3Rs+srcGjS0qxtNjfhRvnz+syyBTqtSz97aFpHiK7VZuvRfSSfcrMjU7XRjkq2QR5fX2ka2uurt37e8ZvhT8I8hB1eo0g1901jLks2WaFDhkVEtax3HxluefnIbt9Ni52OpwGz1EQs7pEsrzaN77wWxk/I9YrKXuCOlfdmxgSrnp8/pJjP9aaNRZYGR27p1456MB5/KRa3dtrZdrqBz5GZqanpsCd+bq921WsI8S48pp3K1qnHhPDfKSig33tqDWUrC9HLPyPcenlMnb2oIWmgWbsIHbHQkzolk32G2r0XaeM/WcLtu1bO0m2FSqoijb0+ETt+M2jn7jGGyeYwoMfdHI957D0kEQ4lq0KRwZSMr1EvqIPUGaYqwVAcmMqkWRt6xMVPzhESRKWc54l2A0WxB6kwrMSxiwZqKqBK3IB4hdUYjxGcnyjCmRdQxDEkcAxH3hdVNFJWeUjOdbOPEUOkIeIxFmSmkGI4oxKJSSxDONvlJDMrKeI4scRDOIRIcDJk1PlIAZEmg8WZUTAyJdpa+91QU9NrE84/CZWJo0K7tZtO7G052zn+n+LXH1r0we2tmRK1sVixyecny9ukto0qV1p3qMWU7hnDYyZNakXVPawLVP4ipAAB9vTiTFVQHhLBANqFepE8drt1VdKaH7RsrrRXTDHbkZP95I7tOj26i4Z6Lk4AGZbZupfZXtKou5nIBOT7ekrAFWoAYPZqGXxbSNp+WZEirSahGuYW6Wyqwry6c1uAesYvcVuteprLVna3sPWKxLbbtumotFe771mYeEefErYVkNZUgtQtnIGV9OR68QsaWBCmxNOzZOGCjORj1ltV4tUd6GRTg5ZvF7cj/fEyaPVrfZsottrcL8CDwn08uJpcncr2u7Vj424OG/d85qLGpErVi7szqx3YsOce+JZXteseAFefCZjttq06WWXa9mI5OABj6SqjV6YLY1N5CHxMxPjUH2+c1Kra+i0lnhfT149uJjs7NbTnvNFdYuPwEzVo9bTqqd6sB4yoJ/FiaCp8uTNI5B7T1YXDJTzxkrmRGrtddhSpR5so5/jNmrqAIy6Vhz4pz7UTdmmwEnyPnCh3cNmsNbjjkZMgUJbcyOT127eJ0eyivduFHjDeI5m7J8iYRxftFoVQRcR0+7WXd014VUR+mMWJidXcfzSLc9YHNHZdyqdhq9Qpz/OY3pRXfK1B06q/AzO5s9D+hlV+mFikg4sP4pRyktrPw0O3ThW4Bl9dLXqDW9lfVWVvF/GTt0mor+9Tu937nEqfVcvv3LnnavrA6WnrWpfCOW53Yk2cBSc5+fScwah7Vx34CrztbwsZrqrqbDKS4P4c9IVfucjICgQy7Kc4Mj3NavuJfd/m4k+nSEZrNDVa29i+7oTxyJNNKlXwMw9M8y3I+sl59JBSqOc7nDH3GJTbTcLMhKGQj8Y2n/3TS3J5PTmV79zd3g2A/hyM9euDM0cs2/ZRY1Fo2O2GJzauf6Syp9UUbvrqynO3Z5fIfpN17Gutyle1R8bhQD7iZTdot3fq1m4ZGxmIYjzxn0maYVNPiI1Jr+9XjuwQF/j8+kneqA7F8LlfCSudvlnMrNau4WpR4fCceKz/ADSZ8SsthZSc4DYXd/v285llUX1Fde+1q+MAAfjHQZmq65nyaiGtXg1r55xMi0Cu5rXVk2r1DAqR1zjr/wDElp7qbQzrmt6ycbuC2fP/AFhldVdVYrJZta1gcOvBBH4TB6kr7u19QwGORnP/AI5k66juVL7u8ZHDq20bgPPJ85FVZKeBx1+Y/pFVnRbfHWjPbYhLbjwV9scSenfLd2tLZYbs2WbmM05uFK2PzXnwEcsPp6Slnq1SA93ZUH+EoACCPf8ASAUX06kgbx4eoI5P7p9veVqbUtKovjI2s4Xhf9eY6qhYo7o77awOGHJPv/L9JK2hNXuzdaXqUNbUp5+ePOCpXbPjtBWzG1LN3QH+RmUVPZWvcrTvQ/E4wxH+v9ZNO+dE+zW76LfCVZOh8+M5ElUved5wQ64UMy+IY8oQd0oubipqnA74l87G+UJWtuoDMrKhyM44QkeuPMwkZc63Rd3rRbprQQfEXAxtOeePrNj97ZTYbO0FOnQkN0Ln2kaLdT9oOlrWsVMPhK+FB5yVr01arcFR7bCEqWvpn1m9aY7qVqrXUU1GtLPhJGM/SZ/+I6zUbNOr852qUGMz079g6ZaX+12Xtcib87vCD6L5dZxksud+6oC/df4jsvA9vnJz1Kt5vP1boUtvqavUnF1RwzMQcjylPcF9OyU3BXrbbgnG/j1lr6fQv95Y1iXjoV8/pK7motGNNQ4VLF2sygZyCJWUkrt+5DWWCxGy2G+IdcZlhU7VZNQ5rx8LNnBzzJaCoGo/8TuNKquBXWmWcfSLUDRWIn2Wl61CsUVnwW9Zn+4WLKHqUV3a12Wu51HB525mztXWV6xFpqZrXUsd/dFfCfczlohOlr1V/wB0iqdiqc7V9TNumL21lHIOR4Gx0/0mLz71qdZMaNd2S2nTUPSbiFRfA3ws2OSCfl/Gcsraz7LLDs7vA28Luk9NqddqRWadq0IxINjfrgeU0WPup2sgKYDBwAOfMn3lmye07st9MtCut1SYJJAza3Qn0/hLtP4b6brrgu7wmrBxu9f4Sl7GucipHL14O3yPyMb34GoKZd+BgoRtB5xNML7LFDG5dxaoFTWvOTJW6y6ulSV76rAXuwpJU5+L9JXhHsstUsFKqSUTdkf7xEL2obI1P3BB56frIsuJeGuoYrVtPX8Kp8QPpI6bT6e3cusQAWgOhDkFT/eJDbQG3JWfYdGHWU2MTqO904S3cn+HY2NvPXHnKLF01NW3Kmwo3hFnPUyFetrRW1FVNVlic2Du+Tz5GX6enVO9YVKc5zZg4/h6ytab9LfaLMLX5VkgKfWBoOoqWm1tMdwoUlqX+IH0kNNrG2iuytXtSzJrVegPkPlL2r73Ts57pwfhJAP6iYSvc6koyndYo22V/Mc/xj+C7UalUvr2s3dIzHai5NjemPaScazVnF791Vu4RsEWZzxx59ILt0LBauMZwp9fnNK22W6et6vDtUkY5VjnHJk1f4yBatCfsbW70KsWVm8KjqVz7yz7RpLK6NlYQ/BUz+nsfSD1aSo7nqXvWfG4ZJbj/fEV+m0wsTUOjttA2op8K/79IL7GpsH2JrHdXqVcsKX6t85bXh3TUo9bkAqASw4xk9OMy6inYXDlV4wvO4KvykbKCp7tdqIQVCqOD7j9ZEGEH4Fy/AY+fGZTp7bO9KLXk79jOeu3nHPkMecsO5Hq8kqQZ3eo9PWR1AuZQ1eazauAF/CTnBP9oiovXTyzZbc24c9PLiViyqmqyxrrGRUwzJ7cf0j7m7cLM1OCF7zIPG3OSP4SW2gVMO6Vq2HKqc53H/WX0J9mdwyV20fdtYwLlh8R8+IiyWVffBmpOSSeMR6eypWSsbUCjCJ5nA6/wjp1FV58NeVKfCR0kEe42s91eoLFiDnbyOP4QvtpLIjjcX+EEZHEnWtj/d2Mof18sSX3bBkr3Kh6E9RIVXVbkG25Qa1JXaYVXMuS7WNnIr2jhW5xxJ3WCl+8QDf8KvcwI+YA6mY2rsutWwW8uDna2FYeZHpKNyBr17ptnoyl8En5Qp09SnfXtLVjYyZ8vP8AnOf4NKqkadXVDuJqBY/r5y+u3S7FsoU1upwynhhn1lGpX7myuqvulU8MCmNszJbVVqi1V2/vXCqC3hEi1vd2li5N1idd+NoErWqlzUi8OrZU7hy2OvvEjUjpd/3b7+ljeFjnP6SkLpqtjpbtbcAQGx/Ccx+0HYnTVJvZDt7zoBz5TWNIp8X2fZh9zMWBAGOi/PrHxPi3U6w1r9oQswDbs7TgDpEup7y02CzkKM7kILfLyk1sVyqNYpQr4V3YOff2is152tSa7NQiZJ8hn0+UCtwO8RlYV+LhWXO+ZL1fUWDKuy7cMUO3aRnribFbN1bNWilAcKQdq56495Ytfe02tW3dK7h9xHOQBwZdXWGnU4anZTYawdmQnK+/y69ZqbTXaai17LmtDtufJwAssNTgC1G3clXJHn5YESllBuY2D8BVY1NQ1Ir+y6dwBknHXPg5IzHVqrbA2LF588ZHWPUMdRpr6gmVLj4j1HnCnT1fZb6QXfABAZs44wcQuelgVmLJjugT4rM43ceUqtTQ6Va/EVy4CsH3En5y5h941SBWWtNilzwfP5zBVordTalt1ISveCMMR9cESMr1XS1uh2v3gLbc9Vz8REruLIg2hFS3yLYI8gR6nA6R3V7bzqHsakgt4mHhZSAOv0mULplrFaai5tQwD7McD9ZqCzTvVqlZLKRRqF5K56+4gwcWVMlxO6zChW4xxnP8Yaanv7075WqQDikHg54/pNq6erTWqahZWKvwYzuEUZKu8tcUbrQhHiZuhP8A8Tja9u911z7QuWPA8p6Sxkrepm/6mQoPrn+08xZ4nZvIsTO34T+s1FRgCXLjPSQAwJIHAE9LK7K+YkC+FO0SDtxxI856QJB2by84yH9ILx5SwPAqVDjpDa0tD452SW4+kqKzWfxSDKuZOx2boJSQ3nxCkSokCxPTgR7YH2hUYYksRNJVU2/EJESVnxSM5/10OOIRyxDhCAhDGZIGRk1mkpgywdMiRBOeknj1lQZ4ikuIs4MIASJMc45kQR1MYxxKi4cYmzswH7fw4XyJPpmY0E29nI7aqwoVXbt5Plz/ABnL9f8AFefrRrKbW1DLpg25OdwbA6SqlO0zUVcI1Y4fu2G9l6kianFtjKlvfNu/6TqoDYlq072Q1FqFdtuMAEn9PaeR2Y6rbw2S25cnaCuDj1J85trsYLm+v7z8qnP6ekQqtZn09r2PX8PUZP1ENSprJ+z3EbRhhjOfqZKqdRPeGyosta7kHt/vEorZal2aS6yxifGSn++ZIkvUoSxCzDccrgn5iV5uU1d93dblBivHhYg8Mp/jiBYr0Hc/dlbj1ZSNzAdTJ2tqK3CLu7ofjRf98zPrO7spbfQLVY5DUofE2eT7SuvV6rTDc9CtUcJsXPAPr8pVmNt2lD1jfp1tdceNm8JHmf8ASUNo9Jc6mys7lYph14Xz+slXe4qeuyu2uupt3gz4vfEvR21CIRtsTbtxu+KNa+rlqoobbpq61H5tgk7LLGbCVAuCCDvA/WZ+6qextqMm5R1b6YAmaynFRdruFbamWDGs+2PPE1o6a6dtTWtvd12DGW2/i/8AiczUVUUMGW4V2DOFPr7SktqS4qd2vb8PJXcD7+sv+x6lrGVbFUkAd26BgAPOUqnS6p6WYVUqGxwWPhIm6vWOzqt1PdZ/Erblkl7Oo62bmY8HniQOg2Fu4vavP7vH19ZplqGGGVIPyj5ExV6fVV7gtlXPIZRtaNbdbSwW2hrE9VwZRtzzAGZU1lS/+orapfqIxrtKzbV1Ne3944gaWwPPmY9bVpim+0ZfHh25yTNITvVzW4b3ByJm1OmsBV0wrqevSBgdxgAov/muZPwlTYtbVgHBavgQsrTvANS57zaWIHAJ9pS+Eq2kOyHHliRW/T6/Z4bw7g9GC5lx12m2ZSzn0xmc8WlUClmdP3B0kgmlR+XFRHkfOB0ltrZN3eKV68HMkttLDK2ow9d05QpFtm7u8E/iDYBivppTZaiYy3n1B+fmIR0NTWjrvsZNmOGVsNMbWsV/6pXHQNtZfqTMr6am34ynPh2k4zNVfYWgZAWLMxGducAZ+UmH9TvFOl01d2Q7Vt8HDd4D6+nzmK7VWpYLFs7xSnTKhqyT8PI5nUTQ11cVWvX4NnGDxJDRjvN7NW589y5z7/OTCsYd9SqNbp2sAG4Xrgt79OknaaVQvfQlAQqwbcN3rz+k0Pp7jarmyooARs2lc/pKl0fcVWOr2WNt3bW8QJHl8pnxAL9RZpyaLKdQGG0sx8R9BnzmSo/a3H2oUHUZ8SKw3YB45HSZm1lZssa/s5qiVAULjAabkRLdOCNQlq1kMzVjLIT0zj8MlmMYr3MmFai6tQ27DsrBf8p+sgl1VDFDa12QcWKvwgdfnLtOdV3DvZfVcFIwi/hBz9ZLe43fd1vWD4lZxhT7GRU62WspXQ/JyVdmzux5cSoi5SWfa5XOQo8ILe0qq1av+E5rBB8ivOc8/wC+JcjJvG83LYzBQD+MfSCM9tu7bTWt+msROLVyFLenuJZo3NVm/W6hDYq8Mhwx48/WXk0l7qq0O9hyhLbvoZUatMwFDU2WMOV3MC38ZdZottrdDali4zlg+QJaarNbWt1Dhg3xMGODjpiUrfqhhUqTapCMtlfJHnz5RJW4c9yj0EMSr1Hj/wAhIizSp3607+8srCZ56Ag+sJXpGu+wmqlWBOSjBcg89PnCDWVKwFKHUtqK8ABPlJ/ZBR4qwFtBzuI5X5CRe/XWO5TRrp88ha1GM59f1ipZ9Nua0m2xm+Buv6TVFqjVaht92qY7emfDE51NlK1KxZnbJdRjOeAIabvb7e/1NXgTmsses00pZvsNrjuXY4c9Me0x8+G79LR9nMupoq7Vdq06Hd+M+Ql/alFWlWm+iqqlnBXu1bcxHk3+/WcrVM251Wm56/J7GOSvtJihEet27xG28Vscgf8AlJ43db8p44m4fuSxLbuvhODLtRWm+mxMZCng9RmYtVqQR3SMRd8KqOTLrL9SrIK6VsKouT1IOJuxzKxrO42fZwQMFVc8Yz1x5yRuuqUWan46+qrxuX0xJLehc32gLdja248rnp9JHRalyH76lRYT43zzxxIid1p1FSLaD9lbxBs4K49RK2ZrUT7RVRsL7tpJDbf8olxsQbWKONx2qvqZXfqKqmPeUsGX3GR7cQHZUqt3qE1lj4tpODNVtWoNfevTZYnDMPh28eZmevWbnerUIyhCR3m3jbnjPvNNz63VtsTWMQzLhSQFKjyJ/WYu61zitLKu6A0uhuqdCNpN2OvHHrINpEZqu/ZnYtubc2eepm9ux9SzJY2qo36dRtVScH3+czacJY9l2/duXB3dB4cGJ0dSz65QS7Uu+oBZgzAoucces21aG1WWxkq+0LwFsOMD1485or0ulW5HFKg9FaTYDuxsfa+7zOT88zfkjkvRaWs30vVcp5esN4Vz5esvWk26XulW9wWwzX9TkdB+gnQyQR3vLjBWwGQ1Ozvg+3iwjHix4ugkvQdlCU0q9C902Q2390g8f/EruAprVsi1rxjYfwD+eOZXfUHbu66FYIQAeOsu0loFbd5albgAOLK//wCaBfp6mSzvrfvCBlUrIwx9DmUtrLrGfvgqVqxC1J+EytaNPWztVS1r7j4g25cnHmfKRtt1AQFiCveKrAD4V6TONb6xdW29dtgOweIbTJM1o70VLV3gGURs9MTMz5e9jVu7pfCMcnPnj0lLtpX1IQ6g1spzkDaVUrz195qRMaDfjYUdWLYzuHnjkRB23uaWbfgoR+HPkfpzJWVEMEsuFm7hdy5bjpjb9YvtL13O9aU0VlT8QztHrIi5r66jhBiwnIOeG+XvMem17WbltsVxvIVujevKy7vmS8WPb3z/AOIvg+MY5AH6fqYrtONTdW+luShcGwnbkk/KWAezwLbS7klGsTbwOg8vPmX2XXmvvK617yyvj2aRsFLItfdMy7W6DHv/ADlil/hA8O3Pi65kEQtw3ta6j8NTD4ukb3jU6dNzrms/EvmB6xW1Gux3S0HYd2GXPtgenSZ3orXTNSxVTYQbMDhT6D6SxWmnbcylSnTcCT5SBZhYlrFjWjDG0eZ4OfaZdJva4BqRVSCVUk46+ksHhIAXegBz6YEuDWmiX7I5a9tvdbPEwODnqD+sh3bXWKhVwlZBLAY8pAFqqW7qtbRa/CtgBVVeSZXpbH+0WF7mrXr3e3g8Zzn5QuK9Vpr7wLhrFpqHhbafCuP6yhE1OtvrT7TVYWyCGTbgjzx5zRVZev8A/c79+CAyY2fmMtpX7HqXXU2IyOcVlPDu4zkmX+Cpz9lbalY8BCFmzyP6yVOna1jv09agtllByF+XpLNWjW6FTu7u5W5ZuFX5+srTSpVlm1Vqb18QHIKtC7kPU6SoUgOhCDH3gHQA+3T5ykuiEEZvrTPjWwna39Zr0r6ircLEB0g4qY8v9ZdZctC953JOAGwoGeZD65GnF5RahpKgth3d4zMGbPPUTZSF0D2l2TuXwyqp8K+WMmTtoOtssff3VSnayn49sp0ui7lAtKmy18spbnA/LmW1KmlWmZO9RMlvh2P4d2eTjMZHdu9db2DJGQRlfnn+cLGFehrsavc7ncysemfTGOkrq1C9xZ4w9PXxDHJ9JlF1rsqmoWYdPFkHriJ7fuWtTBcDw5lGkVdSH1FN3x4zX5jH9Jag7zThbPEGwBx8PnyPeVEmNyO6nnT93uFh4Lnz48uMy5bcVI9SrhNu0/iZfPPvK2VK7KjSysHbxAeXtLb0QPUitv4LsoEi6ZULczr8JGZUWDamtO9cAN4V3HGV8sfWM949VVzL4kPHPDKf9JCoP3j2LgptXn39ZESapHGGGc7mZmG7gY4A/WSvZEr3bMD8J4BETuRSq7SR3b5x8pl1DWKii5w1VfBazz5lgt1FXf6dPsrldRV8JJ5bPlIt2rSimo12vbjHhXz5/tFvcV2ONiuq43fyP6ZkF3vYVrPgcKDY3XcR/eaGnVuK6SAWVkrDq23POOhnm24wvoJ3u0HU/aLMHc1fd8njHynAY5aen8Z6SpKY+gkR0kp2ZNW5xJooMK1yJICAiOYH+Ml1kScSoYPhhu5EPKH4feBB2bdxKjkky1iDIPCoYixzJYjhUekrzlpJ/SRxjMlVBhmot+9j+Erl7Z+x9OO96/SUTlHQ4xFH5SoccjGJUMSa9ZASamaSpiSiEl1lQRQOYAyIljjMkOZEnmNTKi6vpib+z6mOosuVFdqWU+JsDByDMFfWb+z7u77+tkbbbwzbcrx5H9Zz/X/Frj63islmtsd3rZw+zIYgjpzLN4P3RdHrzkt3gBT3IMx6VWexlqetkLbsZO5f48iaaLEatC9CgnhmPwuc+k8Tqk9mF3adXs//AIODz846bs2glMPsxtK87vymRSoK6jlQCVysiNYh1DU+LvFAbgeUJqY1FlLd33SmwMD4UHU+v1le0NYzpXWSMkOrEtn3B+Zk6tepK5etbNwLZ4OAfSDOCXBTLMcHuz8Xz84XUDrAjJTbRbRZZjB28En5Su3UaXTVuSVVj4fMHMk19htdEDPtPiOMbR5dfKVgqL1eytrQ9fjLY254HXrmVnUzq31IuCJYi1MpII5OJpCrtTcqq/T5zK1uQ6VV4GcsFx5yzUVanxjvNoxnc3OB9fKCVZsyw3YsL87s4H8JAVd13tiWsPD93gblP0x84J3yOGqchSi54GPSR1FVlprKOKKq7BuXghv6gyxqdNyM7Y7sYBXbuK48+eJYirUpC7vUn1nKF2svtCo621YzZubGzkgY/SdDTW95+J8Djxfi/tNxYmWJ/D+sYJMsI9pFkOPCcH16zao7+paPvOmOYAEL4sMfUcRbVPXMA3OeDnB8j0kWSpvC1NZ9isZO0cniRDruJXPi/LyIGe7RaZuBW1Rzn7pyv8JA9nIQNmpvU/vHMvfVojbA6Fz+H0mW7UvuYFGzx4vSArOzXwd9lLK34mJVpnu0p0hU3/A3AKtukDuDFmw3PhZxmaU0Wp1GGZgFPKsDwOPISKzLbS6nYtg569cSP3TMx7zJ68eU6f8Aw9e8XvM2jHLfDiaqk7lCKu6UflC4gccu7jaj5OMBVIyIu6vLAlbWGCcMc/pOvbpqb2DMF3D8S8GUX6UtSEXUM1lZ8G44x7dIRzUUvwnyAm2k2UqwOWC8ndyPoZO3RW2MpS6tfVV+cy6rSPpyrPe4XoArcKfeB06rUuUuitjzB6yYIPTE5+n1iIi2u1jj4dyHOPYibararjvRlwPof0gWDHlGzDaVPHlI94MDAz8pNbDjIH1gUvparAthRe+UY3rxOVuGjbbYNNRa3A7tGLMp+XWdvec54USnU1jUr4bBXYMgMVyJmjIXbUB2VmrNJG9mXB+X/wAzNZV3LYZxpw2WTxArZ88zTsFdjUrpGVjyrcbSR5yFdVfeBnZaFBLFRzk4/NMJ9KyzT3bdTdo1YEd3lfM//wCv95fox3dKBNqqd21XxheuFzKrAlpwpXfswjDG5VPnj6x2irU0mm0Ja6j4V8JJHmJEK6y59Kx2LRczDleM89RBmL2V2l0rt4DnGf09JkXSlbk2Bq60Ph3KzEfrLTTqjfWNQEK8jvFb68fpDNaLQbtyl8OR8dfp6zFbYUYJRqEd1YEWeR9VPofOUPbYi2VBxvLfdgnhh5qD6zRShxX9oQd07bNqrgjPQkeR5MqK6O07FpZNTXbUni3FMjOTng+XnCWUUVKKO9ryE3DZ1DA8cj9DCX0rHpdNqtNqe9oFndHK5sxnp1xLdCLVcai4qLMEs2fKXU32Wd9T3Gxtu4LWOE+cRUX15Y/4nG0ekWso36q26l7tpWutlKlviK+ZmRla+xbK+9sJ4XeuFAnVq05cunhY42jPQyi3Q2WHdSwWz57gB7SSxWau26obHt70s2FrxjHqcyOpuutKb3/5U8sF6tOitd6W11PpK+66lyR4TjrNHZenW3XljSHrVMbVUEMR6A+Ul6yavM24wDSaRhX3LrXUjbvE3izjp8o7BVSWtQMbLCAWB8gPKdPXnQayl67dOF1QbaABtKf3nK0tDLqu4xtrHiCnkr6ZMzOvKadzLjRS6toQ11HGfDu5JhfWXG+tQXdN3djkBveVWO9TCgr3hewtkj4RjoBL309erpGo0rPpNSu1jWw2ozfiIhMY21hoqDKpa63xAEfi6EfSV6Wly41ZCgjk1DJLZ+c3WqdgrZltckWA9NrQOh07Wf8ANDx2EkL3hwD7TWonWz1K4uv3v515HhWGnsq22lGFidBUj8//AD7TNqGp7NU1Kmc89Mlz7mTpQ26Zr6atjNjugfC2fXMgvqotOmDClgw8Xd5+I46fOR07X1C02LVUjdO9xnPmOIincCpGRvDjDMeCfMzTfpabaPvdfR3hONoUmY2RctK2zVCkfZzWy7hx5EfOQstXNdPhZ8HxeW7+0zNRSmprSvD1rhQ2cEGGl094YWX6YJZs+Mt5lgMEfKaiNJepvELNq1khh5qRMn20lKL3ps7kITuC+/8AsyerprUvbcy16tht4XepGfCSPlItWvf199qrGfwvinPTHmPhAlyGLba898rtur2blVcZfP8AIjEovtSm+oMysrL8Prz1luo0r1BbctpNxIY2KNz/AFPSSt1Ggro2uHxjG9T8Q+f6yxcc/Ray9tT5pyQyrgDHpNh1FS2/eu4WzO1dvhPtK3s02nqzp9Ew3DwW0gvkepzIXCs6mutha9ijJY1+3mfnLitCl2s3F2fjcoU/hwBg+0Y0vfV098KyteSVr+Lnop9ZBdJ3zaaw6Ze8/wColhI28+ktt01KXDWPe1fdr+Eeh6fxkTUO0dHVp2VKL7q7XBJ5yB69OkhQaL6d1m201YrDOMDgeklp9uo1NFYqdKrMksX+IDk/0mnXh31NNempqC8lmaRFFfaaWFRtQ6lGIKFf5H0wJf3aePuqe7awjLVN5evPtIMRSx701LcU4ZiAPbmV3harNLd4SyNsZhxkHpmBbZcr3YAI2ZHPmZGiwpYEKEBvEx9yTFhlZnXaep68QrFg0+Hs3EN8Q9OYxcTQo77tzMjAN8xKk1K26mw6XT2EIpazGB9R6x/fWse423A8EDwt8ueJGivV1BLmpvJD+FWYMAD7jyxEXAusS2sWq9lmDxvXAErN5RXYO1bAb2V/ECPVfWWstbsgFKCvaSd39JCjVJ9pWhe5Krjxbc59QMdMTSRbat111RpZw1Y5Xz2uM4P8B9Jmc21qiLW6+Ii07WYE+WT8p0jiypLWV0tLZKN5DPA/36yrd9oZFW1VO4rt3Y5+UauonvdRRVVUxZduC7DYVb0/yzNVorxlLHaq5T94rgOhU/l/SaNYbkqBdCysAm1W4WWucqlgG4qoRl3ciTUtCLTVa9qphm4Vc5Xp12+Uqd2qr37loYKqqScjHlFebc2DTaa2y0Dw8eED0PrDGm0wTVsnjfCihcDkn/f6SYLTqNxW3unDDLNg4X2lY1N+oW4PYg07HAHt58/1lNmq21jTJS95zufacgY95dp6msprufeK3PiDDG0Z6/KPgl9voDmi04cLwwHG3/WVVaw21b1qsLJjccDj/Ylluoe225b6aiNxXjjcBxmSfS6a0KqhUD+MrU5AYe8oprWu253fF2nc5QYzz1Mb/wCHea6g1h5w3O5vLiWVaNEvDVbawq4WsNwuepkO7enUB1tUY+Jc/EegkRhuq1Vdta21MK1Y7HHh4mqi0bceJV64JH6QCYudWdGCZ3b03Z+XpMfeIjubR3S18KoHhM0rpord3v2IHVdwTfx16wc3Ou6lWV8cBjlP18pTpqra7qjY6mroST+vWWr3le5U5ZxwG6AzKEo7t2rbNZYcBvNuv94mrRa/B+JcYxyJHc1totTf3ittsV+gwM5HoI8OxdU3MxHhU9MyDRVlkdD6Bd3oD1/lIsitZt2BwwxtYZzJVuDqEQfiQhv3iJQ4fYwRe7sznczDJ/tKJW6Y0sqBs1isKUI6f7ziQXaoLbW+7Usu383lNdroAtip12lj7cCUlFrqf4CAQuH84HP17h9OWB5cfi69ZyD1nW7S/wDRovl3rYz1wBOTPb+P+KVMdOJNRxzK1luOZ0ZTQ8cQJiA/jHAY84iOYZgGBWAekCp2xg4iLH6Soht8QxDbnykwuTGBhTulFQX0lTuPhXrHbZ5JK1XmRqAdIj0kzIGZqpv/AP03/wDz/wD8syzW7r/w0J+Lvyx+W2ZJyjp/DjijmkEcISolJCQEmJpKsHElyZASQ94QRiBIkS0IcBmQLcSO45hW2vJxOr2WKi1put2bWzUP38CcbTvk4M6uj7nZej+F3f48A4GB6zl+3+K8/W8s5a4afV7d9e7Yav8AeIm06OwsWmsOgzuXoPLJHmIl3aamt6VawM4ww/L64/WSsWyu5xUVC5J2Y5Y/P0nkbrJZ3LH7Tp7HN4GRYvG446FZtrsO8Anh/M49MxXLcT3hu+yHaNqd0GOc+ftABu5Q2LucWAEqAMe8Ms9tdZ752VVVlCPtOd/Pln5yyuoaUCxy2UXcWc885GDJPyh7ssAQctnhT649YItOorLtUzFhhw2RkeuIFXfNSw3MpQdPIkeh9fKaA1S0gh0YFtzKrA7vLp6CVVrqzw2pqZC20q6jISUJbo7QibG01iuQw29QPlxKrRZQadSX02MMcMHOQfTiUPZTaTp6tQFBZltQZZtvniX2ozIXWhkVTuTDEhv9POAq0tdZsNSvuAcsBgsf7wLhSdMEGPAlXdnLfhB4b3meqpld3dSzjJDryrA/1mqw1WKmoI3NtIZG5wP9eJTepQJ3dzV1bPI46wH/AIqoKiu6vpv+HPlM1+sv0q4esByPw8Z9wTNNtYVLHdbAuQR3LAZHyMiLamZnbTmjedx32ZDf2mpWuaWi1dpurRwxrPiD7wNvrn1m6rU96u7wbPJlacy3TvZcGSymonxeq4P9Zo09d+nsd9Q9Yp/AoIyf4dZqVvW53pQbmsGMZ4mZ+0dHUgZ3sCn9wzi979qttS4lEPxKByP4yQXdhe7bHtjp/eaR0X7U075C1WYORlsYmCy3LFQzLWedoOI7NOy+NWrC7tvxYmhUaqvKrXa+7wjGc+vSBmA/L4h+XrHVrKRhEvUAHkdf4To16V9QVN9XdV7txVW2/wAv6y63szQ3KBbTuI8z1lHJ7xWBCkY9cy7S61tN4CpdfIDnmaj2RpF5rV1/8sj9Jmt7LuRd1WoVmHkUxINK6+hsCx2qf8rIeJprtpuz3Tb2zg48vpOPpwpv7t9xsPkMYhdUvfgYrVwfjHDQO8DleBx8oi69GPzE4Xe6mhwG1Nuc8qTuU/rNFXadgwHrqfH5fDzA6TNyCH6D0lVwrrQuyllxn4cyNXaOmt4Ld1Z+WwYlturppzm5VOM4HJgcavu3bcOM9SZe1S6Zwyu672xuPKkYleoevUOLaqBVkEMuesrUJWNyjxLzwvQQOnp7mYlGAUBQVZTkNLy46lWHOMj+05O5Nqtv258xniaKrUQ/eEsfUOefeBu7xN2CwJ9JHv6UsILEt02gZP8ACZggbNyaoMWG3GPER6SoaZ6ihW6hq8bSAmOPXrzJ7E9fY9wVVTbs8QLHE5e2n7QX1gSus8laxnn1noKFCUqqDiRv02m1Ne2+lHHyjByGs0en1HeLS6r1NhAI/TPSWaezR6wMjEoEO9bGGwZPTafSaK+y9NU+FTIB8OT0mm3TVWgJ8DD8UmDmobVFumYlceNbd+4g+fHmZJGe6o03uXrYbls3bcAD0k2rFRapbrCx+LvPFiPalTgd2Dk7mUHIDY5ExUql69O61p3SkMc1hsjJ9pO7Ta61DZ32y0rlq15BA6En6R1tYpWjTVkp5LwMSnU11X6vcLrEtrXumxwpUQwpfRVpQO+scvyzCskqQPKE6FNBNb9xdXXU3gbd/viEulY72fTqzquUZtpUHhjKn1RrrKnTNkNgZ8Imr7M1VltrWKrsPDxwMcYE1UV6nV3m2l17lBgs44U5x59TMXqT6km1irsrdgtmrtUeLfVVXuY568+Um1GmvqRdNpdTXWpH3tj4J+ku1a6arX7NFZvxgu55yc+sLM3BduoRURSBWD1Y+Zj77L69FpOz2RHe21dLQv47H3E/KUrWiWqOzb7LXX4rG4VscgYirOm0V4f7OjlSBtbLZ+QmmzXDUaQmvQUaV9xZHckEE9TxM+2/WarbxeLLV3L4+6P4m69Yfat+9ShA6gH8Ht85oezWkqgr0QXafF3ecGV+JrE+0MrEDxMABuaJGKqOorSzNzt0Hi2/wEkzC1mr/wARqjkV9G9Y+9vsVs1hUrIKk8/pLGGCtlTV5fHeWEdQJUUVffq1O/Nyt4wFxz0A+UlqCt91VTMGNB3OQPiMlZU2otstDGh3Xw+fEpNNtNRFQR0TP3YJ9OpPzhFqXC5RfXv3hipXbwAJM0mwhrLSLQnhI+EH1xBLh3X3BbJ429AT5iUawalKsleWIVQpz+sCVaoxei+xrLUG42Lwq+0tc1AhrB99UVTdt6buJmv1S6RDX3RsV2BZwPi9pu1Gk1o0i68LUa9odlU8jAyMyX03Jb8YrNMltqvWuQzbxhsBiB5/pND2Wsaq/FvKAswOAfWZNLXcjG1qVV9wsry2AeOn8TLb9XSrA7GdsY7rzGfIy4yuXZdaQVTYhwXby46L6yzTnS0W2taLLdg8KBOBn8Xp5TFXYNho12yk/Coz6yx++WsJpwqFD0H4lxwM+kt5303zc9tOouvu36u4Z4JCqdxYAfzMoDFq95RFLIeB8uZnovp76yk95pyBkAqcMfX5S4oGCKNjMjZ3hhyPMfXEsmH32jp8aNw1F7msLhqbHXYV6dPn5yVth1FXN4pq3bG6s3ykTpbc5oaitXbq3iMq1twoK98GyFGWrAXLeZEuGNaI9q2KbHsYcJZuO7jrIBNIK8Fbe8A5DccTnf8AFbL7PDQzIOFIPKjzl41ttapQbamUjAF5wV+snjWcT+216dazStlp3Njcw4U9f4iFXafdXM1+jKuzf4y5Ix7zM9l2j1BCaYW2bQQUBKK/n/CW0au4r3uq1ysn/bX1+UviYt19mXW7UXtRWKwFrGCxOZn017Xu9SVVqjL1sGSf4yL0E6i3UXFrqXXhX8LfQQTV0qQO5trZOFs2+EeXPtLjUiempfJZd5U2EsD5cdPlNffim11e7DoAxVVzj5yLb3+7S2rYgCmsceXn7yiotpq7y9ium0spPlyOJFdXs3Udnaa+2nUWp9oY9KgdvP4d0n2n2lqLAunqsRQPjcDw59seQnLu01VjM64U1DaUx+Hyk3t30ZR27xfCztgKvp85z8J5a3e95xdW+9+5tY6g7dy22r4T8vMS1FGaj3FaGrIwF45H/wAzIt2o1Kiol679u7KgZIziXVpbWCRfUFDfEzHP+s04xdfaVrNj3d4M8eHke0xu4pzqHvG3O4EjDYP9Yrb0qbZuU6YnL+HOc+n1kG2Xd4ruufy4yGHz8jNQWi8aylqQGosdOWPOfoJcpW0lFs3eEb8KVHMjZVUNNmq6jOOrkHbz7TPVq3VgNpa3oa93HXrnzEmIfaVGXru+1rUVyK0YsWf5n1i7lqntWxE4xs3c4IOevnNFaJfWz6xh3aMTyw2g/wBT/aY9B/zGoYhrrad2K7LW2rnpjE1/FTso1GjsVtH3is/jatW8IPoOI6ezbLbGtbV2qc7WUEnj8ss7y9NqOF8XHoq/T9ZMZFO17BaCzcn8pzJokae+I7qsotY7oq7Zz16TLVpdbpl7ihdMuc4JbJx+nWWJ3FlfKOVTKoORg9Mx/Y7l36pbnNjNha0Iwq9M+/AiCuvSapam/wAN3L5OPiI9pswU7xVTbmwtluRj2nO1l6031tcLO63E5GQD6DP6yzTWNqKu9GMkFRleMnzkwxpOEXurNyoOVZRxM99VlLVhU37lG609Gltd1rWfZrmVsKfwnB9M+kO8NSEVhkoYf/xKz/UfSUQsRrUTUd4XX4TW3Rs/yjQ5uV82Kr8eL0HHlHsW9UCute1ju53Bl9orKmouL02MFsztR23c+X8j+sgeobvFsKIp1CH7zjPI8/lLK2V7nCvjf4lI/lFa3312wIXXhwAN3kDz6Sh1w+3uWZ9uMp8K49ZEXKyhgCG27/iXrgx2sVt67gwz8PQ9MRVsFbwuArL4l8xJ3izxsNpAXfgDJ6f3zKqO9mV84wNp59Mkn+MerXcFbwsRjwsSPqMSlWTui7I3IVSCDzmWlWpoXvcbQCpLNjbzwYRz9fj7Oi+Yct1z5TmTp9qMcIpZDgfh+nX+M5k9v5f4s1NCZaDKlEsWdET8xEekYHPvGRx0kFZPEMdOJIrGrKOIQBSZYK+PF6QFnHSBbLEyhEqh4ma12c9eJZaeTKisKrxJgQx6wPSFQbkxeclIiZqpW/8AoU//AIzf/isyzVb/AOirH/1HP8Fmac3QpKKMSoYhFGJUSkhIyeJpDHWPIkTFIhkxZjxDEBSW04zGBxJgeGUOgEGdbR7lXdgmrvirj6cTm1gBh6zs9nMRQwDIA5ZSGB5O7jmcf2+EOuyprsorJ+AFfDNd47xFdHYYUjBPEpuChgSmn2fD3bW88+YaR726mlqkNTvSwO2s549/5zzNau0++xBXbU47zJZif4GPuwpAINmBgMTgnAgxtXUClEICVjJzx/fMi9VtjI7W7SRwydQ2T/TrIIG8uECoEdPGVU+/WFiv3oLakaYtjG5uW+QlNg04dtQ1LEHKFmchCfSHd6ZmfvtTagHwhT049YRdZXdYxV6a2VG3Nj8XPVefnG41dniS5Wr6dzaqq3yzM+mr73cmNVWv7zfEwPXPX9JfXipxQdv2hgzhtpO0SqpXXanS32jV2sqpyuM48un6zZbqM0bxUWDtt2qBuHPxfKUd/cq17l25ZkxZ+L/xMurrW2sCtArI3BU9c+YgVvpRUtdO3YGByqtn6k+sjqfHWyV7qgvG5uc48pYbL8WWAlwvBwP5CTw9xyNpVHyVfgiBQaDandmoWJjJXdtas/mWU1NdQrIim4DqtmNx9Aef4zXZ3tVKmlgWVud3mpz+spanTtab+hsBUWHOB81laiLWdyq2OjNcvLKp8Py+k0110Np1GPC45Xd8J9vQyNCVmpka3wg7RvypIz6/76ya1ppCWJDV4CKi5JHXcP5cxLhrl6qo6YC65K1LcZ8+mZT3hYEIT06AzrtbhOE27l2rW/i2j1/36yhdJV491O9XG5WUfAfy/IzU6bPszT1W1OncM2fiYscmdVESsAIqqB0wJyaUt0QNml0zIPxV5I4/35zcuuVmTwMqOcZ/K39pvRqyfWHsYsjnB3EdfaGc9IBhR4VPviGIbRnIBBk8Z8pRj1mip1WVfcBnM5I0qVvqM0owTkOXOAPSd6ywKpyR9TOXqLmaw3VgAY2EMcE/3kGNEDeNFCqxz16H0kym0fhU+sg4Nq98lQVwcMqjMsotfv0F6BlDfCR0EB7LrDtVGbyPlK7KrKMG+tlJz4vincLF13Lgj2j3FeMQOJUl7ZK02N+9tjO+t9rVWBz08J5nY2nHLNu+cY3fmJgcgLZdnYjsOm5ViS1Nw37eOoYTsWeJSuxs+o4nK1ensovUpVuD88n35gTsTTMhfcUY9FB4Mg1tR4NZ75B91nof95ksKF+7VVYnAyM7TJaSl7tQLmzhSS3zgdFcKoUYGB5Qx8vrFgfWH9YCceHy3e0hu3LsYAgyZ46ytGUt1wfeAWaXe26ttpK7SDyCJgGgOlsL94+/rySVadTHzh06E49c4MzYmORVTcqs9CndYx3gco39jLMlDUHalFC5ZXzx8jC06em8BNKzFmALKT1PrLmIo3C2prR+CxeceqmYpjKdNTXRYlbo1Fu7cVbJz5Y+WYTTVWuptL1t3SupDb/CyZHBhCZGetSLGvvJYufDu6Ae01VarUnREK/c6bf4SPjtPnj2HrMg1dFeoH25c0BgwTzbpgf79IWW26zW97dV3FdeTQPJQfw+8xZqc+oSaWnkUO7Lt/xD0x/sR6cVN3iVn8Qbd1zLqTWnZdg1CFaLdzF9/QjjAE59mnfSsdRpyHQjGzpkSz2zZjYKu7c2Aku3nM+ovFS51WpxuH+EBuMupvss0yOBsO4rtbqBIajT11WqRUGuY8uv85Z/6kWaaganTCxg/dAeFc8jEqto1Oo2K6rt3DaWDLjHr6zfpaKNHpLNf2jYWd/gpUtkfTzkdX21rLO8Z9Mi6UrkpnkA+X+b+8ztt9OnhM2qbtIbgiNqh3Ktkqv4vrNKVah6BUlWNrYGeFx/8TGiParojtWQNwVfFs9s+csF2lqNbW3Nbey/ECePpDDTdV8J+2Urh8gct0lLqdzFNXU5Dc152dfn5x331W0ipf8AE3eH3z1Mive2YGpepqFYFbGYBtwhFlp1KtXVXVWvegA7uWHrMt/fd6tdT2ahiW3H8vzPlO1TVoloNt7LbYwbxq/hGfhE5jB6bHrSs3XA7fh4/wA0zz1K6dceLLZWdi13XNvZgm3SpwvzYzRShve3SDU6hBtDKA2MeRlppqtIbfYz18HPAz8vrKXbZq9OKK9xVsNg4x0/WdL7Z2xl+zJRWptDP3rYO5sk7ekrGjYV97qrtlRG8oD4mJPQzc9S33UtbuARhhV84jqE+36lluQ4bG2zhVMspGS9NS7CwWsjlR92qAn6matMVZ0BzvYnG/g7eDj+MguoO5zUrrbu2kpaSp98RXPX3wcLZa6tuXvfw8cj+Ev1cPUahjYSlqd2nTPz4Epb7Ou7YX32claxgEfP6xBDhtqEljnPqYipWt+/21noX3EEH0H0lakMV3be6YtsQAbeu0GSW7QaXUkvcdW3+XwrxC2+xFSupT3PdKyr5tnzMNPpx4sqgPoTjJ/vKuKbbaHrZNm5OqlSRljKRpG7t97rYSRuXd4lHuZ0rbdMg2JWnejrhuE+Z9ZlejUXWC7aOBhfQfSBLs/U6fRqBp7vubPC6sDu3eTCVpUuod2tFwava24A+Pnyx/SRsq+zNp7ie8ZeSi87ef4RI5tssVqy1HLlehXnOQYMXoi1VstTVvaxOGtZgzH/ACmS5vpVNObFdPiaweGzHUec0IzX0m37OrvyNwyx9v4S6ypmKrRTlFxnvW8seWeh5kIyKyixO/Ng7z8C1/F79JpZqd60U194XXLENwFHGcSrUJtXu7tQzIB/hqu5nHnk+UOzu5rZtQjPuZthFi/D5ABvT2mb8ZxOkU3B7gjgL4RwVOfP5yjbZeg3Dwq5DuuMfIiag92oUpRcanrbZbYcDnzxLHanu+71moGqfptHHPvtkZZPtLUWsu3u32+Czbu9z/P+Mz953wWuxDwGZNrHe80/ZjVoGrS/uzbYSGXnaAOg/Wcxq7qiGyVdX4YAn64E1IRrsQCjgNWR4i1i8EHy9Zn8b3LlkqJXw45D/JpoNL6496bN1qLtuUZw6/mA9f7SGj0txe2q7Td2jfmPhLSqqoU7rK0qXvwAdh/FidGvV047pgGbB8Fh48uNw9PQSmxGbT5QnIX4hy4OfI+YldSWX0MhtQoxG0Y+EnIIk9I0temytUpcuDtOVwu3Pl5RIlZ1tVlz5ZbBtyMLtyMASnVNrNNRWzWObLBt2r0HJycfQTRp8OilzwbMpj8ODx9JEahtFWWsBNfgaz96Zc1LQWsr7ysjwr5E+cnYoNDu92Vzv3r0C9No9zmRquv7y5e5JpADVKQQNwxwD78yQRDG/UbGP3QG3wjb/v5yxU2Vdw2VWvG11PxHriI11WUpaiKwzuqY/EnsY71LuDtOzPibdgjB9ILEWFNzOLnQ11jaFJ/Gf6yD0WvQznwIGCgL4QoA8paEHdbGXIdmd3BwcydaBKxYzLndjk+UpqkpptOqcv4XOK1bBciQs1y0W2UshpOTtQjCv758pdmi9C+ssy5wFUY+gEVaLZZ93eBYqeLe27Z9OhgR+5upNum3CzPRv4hpZVsZHrtBRgfgY+f7plZsU7O7WwMD+FdmR7+Ri7uvUAmt8Mf4/SEW1iptZvZ8sxJweDz14lW0HVPQ+dxUkkH0g9CmgtqGUVL6E7l+Zi1FoRkZakJbb9+Ru59x5SYEPA4O3wnzk0ATG3bz4bQvl5j64iDozWWOfDVZtTP4mx/rE/KP3JbxDGfX6+sYHXfcKc79zB85boyy+rZdpbVCFSAp2Nz68j1EzhFfcpCsVOUzkY9pJ+pbeVcruXB67eohXN7Rcstef3scTB5zodr+C6usdFXP6mc8cme78/8AFirUlw6Sqvz9JZNoe7MGJPzhiMcSIqIJMkqSwjnIjUYxAAMRMesbHHnK85aVUPizGRxJBcDmJuIFZkM5gTA8QqJ9oh0h5wEyp2/+nT/M39Jnmi3/AAUz6mZ/KYrcAjkZKARxRyocmrSAkxKJRY5hHDIEeICSHWUISayI6yxBnyhFlI8QnT0dQt0NQ2rsff3rH58Cc6oYYGdPSZr7PrD6e4V7R40IwS3HQ9TzOP7fFjQNLXVUNtTXF8qrMeEHrmTVWaqt6kqW1QBuzhpl+zWX76qrUeveC6tmsgg+fr9I76XptJrPCcZJIyvXynmVf9jS299St+0tzad25lPltlhtfvmp3u2EBII6nn2mWoqg8CqbtwG484PlNNx1IRk8bp4cBSPiPXmRVVul1Yt3d3WtaZfL242n+0pGrrR8rrEut3FdhU5xj8JAkzo9OK3OqpDOcDfk9P8AeZZXSunA+y6BQv4rN+do/nmaFN4tTfZeD3IUbWrUmxWx/vrIU64bENddtlLsV3K+SWAHxZE271IsXcVAIPH+/nKd9drA2G6pXBDV7RtLYz1+UCnvtNayXUvZZtIySSBXx6TQba0vFZbx2DrUPD08/SRZPshLMaWVfirQYZvnniRDXvRle6qqsIISlQ209eT5yIss1HcU7ldd34V6lv8AeIJe5PjTxOmcq2T06kSOoOnYAPYr5Hh5AK/KIdzbYyd0FZVBrYNuTcPL+EYqb3oq4ZLCy8Kir8Xyjoarve8bcrldpqfof9ZWlpPje1O+sGO7A5X5H/fSVK1r0tVsSwbwW5xxk8n9IEzT9krJLi1m5L3Zx7HAmim6qxRW+DuYuSOjH1HqJVp9QFBrbUMtgYjaxHr0z6GOx6XexbTWz5KBCRxDSxkTvFtawBsbW2nd/sxG3uA1Va5c+h459ZCuuqlVWxWTy3KCcjPTH9ZO4PftqV6+56Opzux7GFlIPSlVa6uwMQcbqyWJyevtFd2fqL8tpi1HX4nxuX39JGlko1DFFrI27l9ePzZ/nDT6gFk+9rJcFrbFPLAnjAmo6J6fS6kFHq11FihccEnPp0mxl1agJWaufMt5SoGjTM7tVt8JY+Dy+YlyqxrrLYzjORxNsoumtK4D1qcdQ0yvY9BxqN6K3w254PtmbT4K2bLeEE9Yu4rNfcuWZMbSpJxKjm3ag8FLq2z5nxAyK6l02hm7z0z0m23s6ixfu1FbjoR0mPUaZ6PjUBWOAd2YVANZvNnFbdCV6GTNK3Vl0Ll0I5H4fnKQD8PJz5CJ2PeBvGG6HPnA63f14GX+L4ePiMtLkICcMD5ec5Vdq1LQ3dsWUuCAM+n950xnIZv/AIgPdn8XHzlOrtOl07WgbsdDngfOXlgfkYmYKpYcDpj1gcle8uVLP+IYJAHhs4JkruzdRWruuoYj4sbix98GbW+zUvlSu4nhVMX22lfApfP+WBzalusW1H2vkHa3oZt0WqRPubMrYOp9ZXRp9tS7zs8P4eplNpJGHdyp4BPUQOsHVx93zEcjr0nIDMgIzxnIjTUXK3FzYPrzA6pbd4iTiS2qSCVzic37farDcGYf5RibdPq01HHwv+Uj+sC8LhfDxHkflxBm3L4cEdOJENmQQu0y3EHlT6iY7dHejs1NrYI5B8z8pvLHHrHu6ETI43faeuu27VOWvGK2UDgqfUGE6zohO4opPyhJjHi4jPVVqvtGouqwwZQmDuUyzur7zXYjIun6lw3l6zE1LJawKVue83Fm5AXy/mZs7PRVtfQVWGw7GezPrxhRFjKF+oo1FS6clxUmSilfEcf3lHZ6vffXQEdRWd5bpt9vlOrSVor8b1tz4B+JZXqNQKuDZ3R25Ww9PlMypqZSu6xxjxeFgR0HuZGjo2+xLW35HPwr5SLapdYrrpxhrBusK9B5ZmRbWTTaauvaqBXZiW4Az1zGCyi61K7N+GstsLbunHpL9KXVi99yMgcNtI8vac42JaWP21F/DgqRgTo6VmZtPTWBciruYsMLj2iytLvs+ov7x6kZtOFAQKRyT1mevSX11G62hVpBFZZkAJ/vOp2RUBrLLdFZjw8qMbCff0mTX9o36ywaFSwCv961fhH0PpxOc6t6yOvhz46w6Cz7U2wo9YfcFZBgj3JmjTdn9wxW1Dci+Ibh5+WfWZqT3hvavv2CMCpcEBvaWCt9Zp3t7zuNSu4itX4/1nSuLRaunsYWWorE48LHAHMvFt1FtoalR4d1R3cMPnOXb2ee5rPebhx3wbbgceftNqKatIoVPHt8NYJK5/sJMxq+3OSvUaTXPbfdyQGcjkHM6GncXk+JuMsSBjzxj+ElpqdNSzPrHHectljke5OOnpiV6wPUWsqcrUAAD1lvtM0Wm1NUrsT3XAUL0+Z9JOiyltK9wqWti20g+bf1krbCtm1U718bxX7jqZju1Rt7iy4V9z8KhDkD1zLIshDam7u666/dBK7tT4/v2Lgn4Rx+kRZBYpK2tvHhHQAZ6ySKuG2hkA9WyZ0/jZpZ31hClEqAy7MeV/18ogq2KVd2Z8Y3bt0to0tbXiq62uoHrv6n6Tosui0dW5bE68sf98zDcjGmi3suUymxVJbzAGIamqrTqUqq7y5wQA34V8yfaK/tG7UE06atl/fZCAPkPWVmtk71WsLvZhXsbz/0lLjI9aabazlO9+LrBmttAKoR7t0mt7atmwUbbchjap4+WI0rBAe9lprJI3MeZWENDpjqNaEtcbWJe394ekfaRa3VEUVMlNS7SV8Kn5/rLDZVp7FoqZ7HLjLgAFfaXW1m0tXXSbCwOfQcjj9OZnfbO+1GmvvqoTT0PsUeJ3L9fZZl72p3uVyy2s21bc9f94l1ugp3UrbipBgP48r5+ED2lmn0o09wNqIgf/CTHiJ/rxLVUGwgsoehTjb4rCzY9zLQ/cMaleu3VEbm67c49I7RbaxDp3Lq3is4GR5D3mZ9I9VQK2gLgszHqxjFaNTqrrdUw0u1lYBhuXwgesx2atmbUldisir5cZ3CbNPZXb3dtNjBemprb8PHxfIxL9kGod8BHcDw7uvI8vIdJMZULbqnSpgSprDFlt4Vsn2+kuQG8ulrV+EDFtLDj5iXpXo6qwWSyljzk5z8h5Rba7qz31qsHXwDZ3ZwOmfWBFNKdPajIm49RYzHdJ2tZU4tGnrbPU2MeJD7NXZSyKGQ4x923p6Si2q57CxY2noVVORDK6u5F1Qt7xldRt7v8IB9/OXWbrHNFDBlQgkORkN1BnOqXO9T94Au07h8MuRLbaU+5ZWQhcqpw6+/pFWxs+0L3m51zcvQH09JSO5LG27wkZwDxiTs0t9jjvDWKRyC42vj2yZXZRXhnt1dNZYYW4nc2PQ8Y+sjKxNSwYBHxW6sBtHO/BPWUtrSuqrsax+7sXC2AgqT6HiWV6X7NcLjbW1bgNhA2CwHxD5+cK6d2QEUIcKyhgR8wPaPQnaHKBqGC2As22zhcecWnuuNbK5AwN26kjaw9My9WXeAd+UOQV6HrwZS7LXSyVVhUKjgDzPMhqV7tbgeJUKlndWCsvoI3prapNTTYwcYfLAHC+x+UT7QqWWoGI4Zc43Dy/37TPbi0YbKDxEnPh29Sp/pKLXVGdCwLMTuJOBGLUNLbbO7YtyLTgZ9mErfZVhN/hC8qRnykTglHbBQjKDoD84RY/2ixU3s20HG+kbv5SL6jTi47gLGXzOAy/WVgIAbNhyRu7xsgt/lHp7mUjXbrGzTYnr3XxD5nGDGK1nUVMr7qL2wvxOmQfb3hqAuU7q6lcKFDV8c/l9CJm2VXMorvPefh+0chj+U+UnbUpsVO7rUZy1R8jz09oEdS9YVADUiJwm4lmJ8ztjp1D6jYQBvXjlvbhseUjZQLS4t2W1op8W8K6/X+8gAaLtxsWytVwvhwePlKqwWMFL2jYRgM2053R2apXoHfAKR8L4OM/0lmpttQXlnXYrcN54JxzKLLXK4fLoRtfavI94iMvaRP2gBuqIqzIJfrVK3shYMVwMr0lC8me3n4xVqDMsMinTEkRKyl0xAHkRZxHCpjHPPlEDz9IiJDzPMAY7jJrgefMqAG7kmSAB6kwLD5Sm1uDgyZYfWVOoz8pRWBG3SPGJG30EKh6GMQI5xDzmVSv8A/TU9OC385m8jNN2Ps1fHPJ/jMomG4UcUcinHEICVEhJiVyxJqM1IQ8owIjKhiMdZEHiMdYRLzlqZ/SVLLgMyixD4WPtOtpbHTs+gKc42uA3rtx/acg8UOfab++SmgVO6qFGWypy3yx/vrPP+yxdctmoKJVYq2A5y3EWobW2UpjSlwGwW3beAR19ekr75EU5XJ3ZXvhtO7GcAf76yo6vVgLkFmJyV24wvlOEVcj0i8u9oKsQe7XxYwfzdJO23bUFemwpuCqC5bIz7SnTmvUX/AGhFxhvHWR4Qw9DLrG0dFxUPbpdxB3DlM/0kwTUWWMbarFsDclMclfSB3KhGkza3P3any+Xr0leBQbMliiZbdt8vb1gdVnd3FypYxGdwwxX059eIF9HeFghNa3PtBVXDHOOYr2OoUJnwo2wJ5r1zM1u/vFNfAIyr124xyJN7xZW7Wks4YjvV4bI4lGi5KdVc1TJubr6bv/iV0029/wCFq60U52Kvhb2IlY01r1qxsDK4I75eCR5CW0HVuFXTWU0VKuWs2ZbMKtGh0lRUttqtPRl9PM/6yBrrpYVBilYU7C5wS3t8xK6kZCRqms1Lv8BHDHJ45MZS7fvyCmw5rbxMw9c+ogCGu8rbS6C34RYPJc8j5yw97TeFsQF+VVmT4/P+8r0unpbfRQQGQZY9G6c/M4MTg7CtdyHbixacncvP9R/OQMWpacWU1uSMKSOhPr+ktsVblRjYHasZZF9fX3mcuu9wm1t/wtjlZppLljYGZSo8dacfp7Q1qCW2NYu4IrEj7tviJ8xLbKURzYlyDcxZGbjHz9ZVlE1feop2Mp3c7iCPP9P5SrR9zdoXR28K7tygY5Xrj6YMEbXpdaak1RUC3IO04DKP7yjUChKgBqErRkO5NuCgzjIiKd8y1PqGZ8fi5GBziWPUHO2tK0WvO7b1YmVq1jcqLKKqmKgHaWazIb5j3mhL9ZTbnUOD54xx9CPP2l2k0tbit2AbC7iOu0+XXp0M0vTTjdZSHzjPJE6ILLqmRcEsDg+FeMZ9ZcRgmYholYv3DGqt+CueRL9ItiVYtfcfh656dZRbn8uJGzbYhR0yjcEGT6npgwxkesNOJqNO+lRipNlOfiHxJ7GRqY4IFrFTyVzO06bs5HUY+k5Wt03deJl3V54ZeCvzkCRSR3Ssd/x1t+8PL6iTq1VyZZq63385BIEoRlKnBw6nK88mSsZVKu4Kq+TtX8J8x/WBY+vcrhgVYdMHIlJ1loANh3BTk84hZYgLKxWt1HwsCIqHrVl3bWfAzhv4+8KmGV3tDkhym+thyCOmJCtu+ACeIkZE1svdIS6opPQA7RuPQ5HkRMSrh8u1uMYAOGB/8hEKvIuddteLPkYWi4KNwYAdTjiL8Hh8JHn6xC24ALwpK8jd1lRU3i88xFGB56S/aoyGbkjiUd6iEjevHlmBDawOQ2Y+o4LL8jjEkjpYzKrjf6e8CCc9PcGBcmqatevhXlmU/wBJq/4lSCe8K4z8S/2nNVFTlRj2EkyVk5DbTiQdb7RSx8N1ZP8AmElXdWX2rYhHoGHBnGV7UU4YYzx7xF03bXQCvg7lXlZB3dwZmCsuR5bhCcbUaev7BphjvbNxClDyy54hBGpF344bZX1PTcfWXYs0uyzAVGxtVfLg9Zf2jVpKNK73FqbXG6vT1NuDDyxOSl9tfZRZae8pR9ysz5wTxhfXE4S3r3GLznqh3ptIOtrwrsSAjEdP/mSFei1KKlBZl3Z2NnIP1mNNXWNImqOnXZ3jJgsfATgkzRptVptRZvrZK2rfCG3gn5f2m/GxjEn7PbXK5091dVWCu0HDNj29JamiJ7t3rLnuwoRjxmDLo7tQLLUD1kMGIB2hvbjkxX3X1WBFXKlfu8HociNFTUNvsazs+hXz5MCDx5Q0Rypsv3my1t20D8IHAz5RXVgAW22vaXY7K1s2YHp7zQ9T6bZdY9f2cLuKrnOfIe8tVl7wUuWNy1l+QpJWbarLLK6++dRYVyqr6TLbbpncK+nVrfiZgPMHgSxCdVYGo7rNWMqo+ETNhpapQlors111NzfCLPh/UcRrTS6g6TDuDyysTk/5vIdTiX6h+/3IcO4GM+WZBKloravQsQVHIYfyl0Sp01e53voQkeFT8Rb/AGYHT/fWhrWZ28JJ/D7Sh7XJBVyneN4Sq5OZdtfSgi61DWANpJ6euP8AWT20dlCLpm0tOUVl8R9W8s/WW6QfZ0rqusNxU43Nyf09JWt1NRdl+FRgtnr/AL4kfvjfaWKrWEHA65Pv8ogtNSn7S1+QzZT8p254mYU6em5iHoW9/wA/wj048pU/f90hq09nePbtVrM7VXoMiYbKtQ7HTNU1lzDc2wZwfUzcip298trpqebFbDBvQ9Me026RKjaqd2TYnj3eQ+cyWaU93pqGvNlzNtbJz3fGf5TfolZRdY4B6Ir+ZA9ZqlrNZpabtUl13eWd7ZgkE5/hL7OzhXYEDbFLbg7+LZ68y7uNPpQl1lioxRgcH+MyDUUZTbYzU2NtUnPX5nymbaeVX2UgFvs2prsCqcqW5EzV2A2KNvRTnIyFwOssYfYyxr+FiGJVRul2m011lT2LaKd242hQNxXb4R/OWVpl7u+2sWaZktrZtuAviWXVaXYm97Le9CLgbejY9/PMuehQr06axbkr8ZFS8hscc5xMz9o6hO7suq+7PAbd4j84pVd2h1Gut2VsvOHtLtz8+JbRT3GxTqWGzPiWz4l9wPSWYuv0rJWn2XaMrQq82L65+ZlbUJU6al222J4AvT9YRdW+m7r7T9oZwx3eFep+XWcz/iNzuN7vsD/lztHnzLtTXXba21WJChe7qOFU+fPQCGl+zutdbLXt+I4y3Oefn0lxV2mRnO6zctYG7BO7y5Mrv1ld7BCluwAkBVxkjy+U2JQtroNLU6I4IxtwF+Y8plbTvTsxk7uevIERVJ1C1DC4s70bX7wj4eo5AlrNfq6XCd0aWQZ2+HDbh+KRbTVCv74KAg2qEYE2HHMkUsULXZo+7p28KrFtgyOfnKmKntABo725gqgd6mGOfMcwNdJRjp+5vK48VhKWKZZ3YqBBZGd1LIoGDj80tVV7sVb9oc5V6x4288cfykMZe41toQ2MrvX40KEFR7HHy/jHXqbGPc6rW7azzg19W+Y6S9rXqCalaUVhlVdviX1+kFD22oatTtVnAZdnwsfX2zCYqosdjneNOyjcxc7lb33D+uZPYzZGprArcYNtPiXkdTjzl9lVvc98l3kPC9X9JDTtqaDsL0reFJZcLkjyWRGaoOLGpvD3aes+C9cBk+X9pqTTqrhN7YKhgoG1X+f9pFtUdLau7S0uCdrPt2lT8/OWDUUM5XufGSSRaNpz7N0MlZpaXU7LGTujSjkjDtjJ9QIrdBVqayXVVupHjYNncPI8deIWW6WpnF+V/K5rP/5eckVVrq3rfL+ThgoI+YMgYV9Mq4ztVAy7TknmV36jva2PwuW3FfTpiW3B6GW560rGDuUNjd7j1PtFW21lc5OVwuUGOT1z6SGJFSoTvT8eG/y9ZVYfuWVl3IpyzdOpwJZtFaixc7E3Z3NuK88fSQStrLEUudqsD8ORuB6SinUFvtNq8BzYw65O2G50r2KayUfcN3PXy/XEz6e1lvtNS2VC0kLZjxbv954+UsqssqcreEdwu/AGOczWGCyi6q+u21ne5yBlmyq59otZZjUDS6ileRlG6/wlK67vbNi993zeRPGZp0jV6rYzkGxTkBvXzx7Sqgyt4FtZCg67go6+WDLvBYq6exQ+OEsDYK8TNqbLNqO9CsWLbxt6sOku7P2s6GzA2oxIPXH9/KZo0011Gmx7Nh3qe6ZTnPHn7QFKBgpu34UOFsXxFumc9JjbXV2gWFe5rbC4PTbnym5r3V2099ddqNnHd8Ee4PvC4rR0UWqtiPqERj4V4XjP18pToVa6prd2KRhVC8bmPrNhoC3VWqWZixDjbxtIHX0lGqArqGm0oC11IxOD+I8H9Bma5+s1xbyxsO85bPiPvEvWFnLmIdZ7J8c6vTpLQJSmJah8MMnjBh5yJfjpI5zCpE9fnASOOOTJjlcwIBfWSbiBxF7mAe8iVzJ9ZBuglQjgTOSWeWWtgcSpfiElaiR+KOREkJKqWoGKqh615/8AuaZB1nQ1gr+yaVkbL92VcenOf6znznutwQh5whRHFHKhyaSAkhxLEq4GI9YlOY/OaZKSAzF5ySwGBgCWCQEsAMrJ3f4J/e8p6Id267bKjsz8SKD0nnbWwRnoBOjqdM7Wv4y9lQw6qSq9Ac+eZ5/2a5an4ssJVH3sWG78HsP7yk6a3UOUe4bSpwOcc/7/AIx2m7ccbbVPBZm6H0GOsy79SlwqSla62JXbjqVPP85wabPszJRVTlWNDs6lGyASOM/WWEYqfegsY9Aw8Cn39flMNN9bhvsrBQVC7uU7vJHvG1lyam0XVFKtwJ4z4R6/OPaLbK6rLKX1rKb8BRZjgnyldl9TsEsQcEH4Nzc849vKK01aaonv+8ocBqGVSduD0Mndqb2rNJrHeltwvp5UD0P0MuKVWp3OHTCgk4DcbjnAH65ippqr0rNY6WozkMm7o3pLanbu9pqoJLYSxD4Wxyw2+R4lg7p8W0lqg5294T4voP5yCC0tVpxuTu3A4RGycrx098RGnOoUlmRHAZTZ8Ibgj/4jHeq5V7G2H8Gz4T6hveWV6sih2dTZYf8Ao2+EjH8/WQadzvTsZRlQMMvkZle5qFZ3wNnUDkH5+klRrNTczM2mtXaMq3dnp68RWXav7QtroaqQMM17hfP368e0qrUAvrC1Ka9jb1GOvT/WZdVbZVXh9zO2CSq+XPp9JfXeADYbkfeMbqiSFbPHWNL/AMTuuSwOVHhYcf1kGKnUd3SLHZa9x2k2L8PHr6Ga0tcPX3Vy79uV88j/AHiJUtK76371QcFWbB68Hn5/wkLV1FtoVdRZUdpIUAH5Y/jKLtQneaP4WrufGdvXkjnEmXCFdzg2L95zwW6j+MwHVKGWlHstsDY3c58vP5zQ6VsypaSO6r3Bm43Af1H9ZFXOlqnKVqqn71W4wc8SkM1rVMjopYZ2hQCGzNAYWaVdLyas7OPwjqOf1/SFCdm1puWpAyHLN1YEeZMpVVFlOnW+0OzWEkBVz5ev8ZvF66hSqhl9Sfwic4BdOvc1ZNmMmw5K565HrJ6N730Z8HiY5UsMHp4jLKa6AZsKGDbuMk+cN4razdwPj+Z6f2/WUU2XV1hr62VG8z+Ewd1stqIchN5QfPGczeq1E58oxIgbR6x8QpcKepz7xbe8BLgHfxgjylepsamtm2MxUZ2jqRIpqt9aOtTlHXO78vzhWbUdmIcmhmrI/ATwflMxqOn06s20O5ZvvOQmMdcfOdAtqG1C1AZBzkZxMzaio6ezY9Zs8T+Fzxx5jHHSSjPq77Dov+YoqZ2UqrqufbhppqpXSLW/cVWWVDBtpO7YuOpHmJXSydoaatlNtey8ZQnKrjxFl9uIWhR2kt6b0vdBhc4rz5rkSNGN1bfZbaSlJA23VNlR59DMjJ94VoS3r4QvCt9JO1brbWU1swByu0luPSTq0ZsuRH07hAcnck1C1KnT3s221q68g+HO5v0E0js1Cq+KxT5scDPyl9empp5pTDY4GcSRprclvErHn4pWVQ7P02PHXu9yTLVqpUeGpOmMYkgNvQn6xbRuJwQTAo1Ghq1CkqiraOQwABnLVTvKP8afFO2wz1mbU6RbPHWdlwHhYfyPtIOe6eaMP0kSux9r8+4l1+8N95W1VnGT+FpWLD+LpKIlc/ixiUnOVU9T0xNm9Uwx27T59cSddLc2KUfgqVzzz+JT/vrIKNPZpgRWHsOWyhUfCccwl2j06DUN3zr4T9308Q9fnCZAmnYV17yz8ZYtxg56Aek3WIhauuvTCxalBWtm2hT6zENYEqNzhTt/CIVa0tuCVuN7c2MZyctSuTTnT36YVoqMMkVr8J6f2mTS9mLXVZalRIK5XvDkq36TYbfsNFll9YfepTavkuesVHaI1FJFakV1rgs3GZdpqykpt7xQvh6Dyr+UCW3MmSOf0mdnofRl6KO6ULlWZvAfaRsqVaHOoc7Au58enpM/1F1gN9WEVdqNu5OMj0zM70k0sroUTduVN5YennI19oUundUoVPTazAcQv1OoVSqshr8lbrkeU6RcWrp3tKjR0tYyeRI448/SWfYNHp0YajXq19j5HdHAUDy9+s5lVpf7oO9dLHfb4uCfedDTDQ2Uq1X3e/cU8WDnOCZK3ckWanUmrT8UnbUpPh6H0mSvV1jfY1dnfMmUwOG9cKZv01VNTW0LZbYWCkvY2cLz0/jIkB9Sy6fTJhMBrGXy88GIxHN77Ualj9lp7qokIA3l6kTXqOytTcERbDYPxJ5kSY2Uat9TedyVJtVF5O489P0mmrVam3T769K1DMeCT4sY6+3Mt/8AHWZ/WZKbH0raXV0lcEZzxnw4MufTCipSWVlCAhfcfD/SQXU9qv3SaylTUFI3ZBIg3jtWsZJVS59vIf79pmazm30ur2PWjrfvZPC6huA3nx85GoLTS/c4Flpy59j/AKSnSfdK1uxSbHwykYz5Z+ssXbfaq1IUQ4Jbb/CW1m/WOtTXqraNNm6y3xM+34T5fLzmhCNMpqvu5BJcnjasvtXtCxmqp2VUHw94G8TY9P5Tk6lbksek6dbN3HALbv3if6TX1fo7Q0uqZXb7sKcJtD7myW6mTbS21PUu+ruCuNuA2Mevv5zStIrpVjt74gLvsbGdvmZRmqywvtRtuNqEnBP5v1jViYuzWCShTj9Za2qNuhNVFO10OGt9AB7+cx929rVGywomcs1a5y39pptOoCJsrNhwC4Xrg/CPfrGKz1ag21LdaoNAbiscbsecupTTaULqBqKVqbp+Lb7HJ5lGm0Y2GvtBgS2Urr/K3JzLKdFp60Va69rBvELMeIe8twtaaranD2vYMBCofyIbyx5cyZ7tNNXu7thVizJ/FiZqqL02IttDYckqvUeQ4l+qpp2rZXuGFA68H0GJlkraO8RHGpNL1gnCL4SfXHn1j0aWp9srTVoXZgPFhjtHmR5fKKl6+6U3nawO3uvNmEMupNqDwgDaifiY9M/LGZdXQ6dxWdFpmUkNuvsbru9vkcS2utTV9prUF0TaWZ/Dj5dcytg4ULqBVQ7nKgEb3+cuuWpXN1FFVVqrgNuxj148+JNJWU6am2mt0W2+zBB3Lsxn+3pJOKyEKqa9oIIa44/hxJfaxpkH2i0BPhXwZ3ceQkKw/cpstVWC7WI+Ln1HlNa0PuHQXJZWTgl/UD1z6e0htCuKty9Fyi+nzidAinZet1m0qK7FyOmRLadSppcVGtK7QcfnJ/FCIrVvb7RZWmpVeNobxD2AxiWLs75yKkbnfsJ5U+cGd7Gr7gLuCjH5VbnJwPrmUOtepXUBa/GqkO24hfcD/fOIVsO9VNtyCrvBuJGCduMZP8Zi7jutUlgsqFKZbcF6/wCzxFprXC/Z6UNaogV3Vt2RnzBHE1W1adto7pctbnjjplv6fxkZZb6G7jvNlliP4lDeHa35T5+uMzNZUvdC4Cx8YdixGR7GdDSanZqnHdWBLDixi+5VOcAyVquoCV1MdrM3hXGSN3hJzLooU1d6llt16Z8H3Iyr+a8fL+UoFgSvwIrDfhn2AAn2A6mbNiBdgrxuToWxyOqg8espLozOyWDeFG2vOMZz09oSHVZ3ddlu3ci/h8uPJsydltLYNdVv+Hv27iDz/OJO7TSUsSHRCS+eQwzzmRcgaq16CqghWr8xtOSB8pkWpXlC2n5OclTYPr5e8exftTd2rqWcMyrjGeplK290zMUYhSUsBAwB1zmXaZrEsIRww5LKfiUc/rzCKLjTVpTXXcBex27ipNhHpjy+cyfYmpuLHUJixRtYv4gMia2a4Iyb2xZyXZQM/wCU458+JChs27G7nBXaFOQxP8szbSh9NWGDtYO+xnd68gKeBxmWVdntWXdUY27W27eicf6yy3T3tpcG7dZc3RX+BQf4npKq6ley2mpmVyq1VeR3DxHMDU2nYq21WLpkIG8yvw5/l9ZTps1supfSk2Y5Yk8eo2/OarD3WqFzJb4vj7lgV6dSJGretbufCrpvBPBDE8zLKAqbvTWgUJXhXPBb/KB5Zk3qO1mYAsTnG73h3ddzUreWXvhuIRtvUYzmRaou1gdVCK3AB8VYzjrC6dX/ACq/EgL5fb08Pv6+ky9qWsNQaxjLeJsdPX+svu8VZLEBnGFb29+Jz9Y4Fr48gEH0AE6/lNrPTGeWjAzI+UknXE9LC1QcS0eWZWv8JZnpxCEBkSJPMZPrADpAactzJE8SI9YHiAE5xEB5QHLSaDniEGMDEgRzzLlXoZVqG7tSB1MoyWHLewkVHJgekF+Fsj+MjZr0khEI+n0ko6Fg7zsexAnNW1wf5/wnFM9Lp9JbWHqa/CX085r46c8/LM82B0nDiugPWEZ6xTaCEIQGJMSuSE1EWqZI+UismZplESYihCLR0liytegliEBvlzKiFnisPPG4LPQ2F2se1/UDbWnJHrmebq8VqA/icfznZKVVqi6jW2rbkEhWwSPmZ5v2+tRfZp0ovTU2OTp9ng2gnJIx5dOok61rt0rjYxZN2CRyjnGQZZUa6qwtTHBBORwD88yg2UajUbUOoycl7K/CvQDk/pOLWinTsK0e117p1w1bDICD1PrnEx1VsAoyt4ALLuY469MD6TayUd41lNqr3fBQITkY/QzPfqVqvr3aetQzcPW+459xAnp2qrF+7TtXwbAp6DHULJ061E07/Z1S2kNizaMMoxIjvWoN+k3Xb2yWCliG/t/eGi1A1N72L1CjjGAfUY+qwKkaqw79x3Btybsr/v8A1k6Eq02prdV27l5V2yFPnj/3Sd71Wf4zPs3lRjnu/wAwPnjj+MuNWmbculr2PUcgt5lfLmBmFdoucHVbTaobcG3bcE9B9QJTfrNtpPdK21cd4wxnPkPfiF9mm+0A0muncGyycnnnp65Es+zanemFQ7l3EsoIA9/nKJNuvVkd2TaMVtXZt5zjGJRbRp67e5ubLEF91tvI/n5SIsauqsd3U47zayuDtz8/LnPMWq0P2irvNM1oJPioss6/IxFF1DUjdQ6qD0VK9xYj1x0lz0mqlERwy427GbG7/X+0en0LaXTsW01m4gMzD1x5R1kabTG9nZ6HbOSnirP7wihPq+9qGTnfjDDgxtt1NaB2Zrl8ShTtb3kV0aVXC6w7qLBuXxefriKys6jT0XYWurdjkZZTnHPtINCtV3i7Xau8fEl5xnjy8pmHfAWd85seljgj8RjcPTSVvwUDDayn16H+kt+1rYa+6bvLEUcr+ID19+v6wo3pUK3RyN4yP3hzwfcSFq7lZERgvwgdN27mX3W0/Ya0sQojYZyo8zMlzo+nRNUWWsBSWQ89IHQDEWd0e8HeHCMvpyduPoZZZq6lckpu2kKhJlG/V0F9iUum093ZuyORwZXQX3IbBVmzKkDwKvP8/SEKzVdpuStboqnkd2u4/KSve23SOmoTumUBw+PTqMesLvtelJNYq7hR8SfE3rj3jJK98vfPatgILOfiGOCJVjRXpbBZ3lN1iuw8W4+EmPUX20pnYpfo24+FhjmR0+vU1r3q8bFzt8uP98w1I+6R+827DvOT4h5dPqJdaiVV9bK6d8GZDtCkgtjrj34iFgRSQltAfz24APkfSQbT7kNyWaZU24LLXg8Y8469Sl9O0jbQaijKzdRn4h/LmGsT79aLdNWyNaHY72YnIPlzMT2hFdmSllTw7qxhtxxnP+/KTuSqi4uQx/Fh3JCj1Az0zJpalms2M26l2Pi4x6gQVRU1Xell/wAUrtQZzg5H09Ztr0DOv3jtlhjIPi/0jqpA1zsoXahCKB5nkkzZnluZcZVabR1aXcai25viLHJMvA4OeYt2OskD14mlRwCIisntGcxEDHvKI49YjG3SPGRz1kENkifCcGW4HrIuiuuGJEgqs+8Vq+RgZ6dROY9e4lW2ptPLbf0mnWaXU7Q1D7mXlSDtac23X6yg41ukZ+MF8dfrCmuGL0WAC0dV9flK07uq8G6yytD0IzgyqzU16qxE01TrYMbct0m7f+C5Qr9Sj8A+uIVfve05Yd7SvxcZYfvD1hMxF1WzUaa1uOmT8PtCRVWrZC3dV21C08lifh+UhXqbjale17FFm3vFHHSb9Rp9PfpUOoqWph8Dp8RHkIqtRWabNIqmkV14Wz04mPTghRo9EXNb22G4/mbz9PeO/fpc1bVuoH4Dx/4zOTXpaO72JYMZezqwaaX1Tq9brpxccYKnofVsyVlY507pWgGFBKd0eMZELaku3pYhKBRlfXMss1WmbTC56Qti9V4J/X0kN6VNbuuK7jubbzn+0z71Y5tms0FVy0shuC8FuuP16zoju+6a3SupO3C5Tj6iZrrS1mKtIudgZGIAJ95HT1X2XNvOo8YANnKhR7Z6zpWq09nVfZdw1DpZfeMkEHkfykUZtLVaiVo6p4vhz4f6Yl2l0gv1irqrbUQbVTau5nx0+n9p26vstb6yqrSmuvb97lcA8dMTj3+mN8/nevbzi63UfYr7WpICgKorON2T16QerW5XuztVBusD+Q+c2mmtq7fvlQunwVr4VHXiVLY66M1A72+AMB18szcrmEr26Zdtz0l/vCw4z7Z/SZr7b2C1i6+5unhbky6xa76Lq2w3Hdhj5Y4/nKtJVXTYm2pmdE2hj4dzHrj2lRFxfpdD3NXe6jVPycZbbLtH3rBW1gGm1PQP+Zf3vKaqr7SMi2pK9uRt/F6zn3famWw6tKbExmtB1b0Bl+tc1dbqOdi2VBxlUJ43jyiGsdcaeu1Fss8X3fw/LP6zMNHdYVsamqrCn7sHc2P6TV2ZpfvzfbgtQpRce/8AsxgNQt3e1ULdtrrXJ7vqPbHqZnC2I3fix6q2bxFm6eizQ61jVL3iH7Tu8TZyFUnj64Ehfn7J1Zi+ThR0XB5hU1CuALS121Wb7zKhc4x/v3kTbTpkKU6P7S7rww5Ue8V733hKd5WlQQzghmX5yh6La9Sr1O6INqlwR06f3JiDWur7qsph0dkyygcL6Z9zNQS8UGp1+FMDHPynPLXLqLq6qhhrCzWHk7fX+n0mtaSlRam7uiG3u+csPlFT+oAXbV71aaFXwgHxMsz7KnQjUWWXV9SVX4jn+8v1FbsXdLMlhzu69Pi/hIipFqeo42qq58hknP8AOFFlSIj3f8Ps06fA9mRu/QQqdDSvdlu7ToG4/jI1hsWtdcbMY28Y2jniKyjvNVm5ONgYru8LL1B+vSEN0xb395AWzwq1eHI9zLbbrK8Lpak0yqM2McHr7Sg7l1CXaZCzNx4hhVX0l2O975b270n8I4wPmIRXUy/aD4Dqm7sZcnBzznn04Else0AKql9vI3cKvzgbmpQbQM8Io2/p+kgVdaFLYy3TECoNTXdWzXKoAYgN8Sn2l1Viqqnu1s7x9uclTgkndx1EqCIFJuVSw6BhjMtsQaxhc1DWELkIvAH94WVK+ofZUZG22VEFkHLHLeXt1lWmFNSbzqa2Vcu1TjGzdK66Uc0PqNQ4ZMeFUPgA/N/CaKAE1BKKp64bb8XHh/mZTRSE0mdRkHf4EGeB6yw6mwujXXIu47XBcnkD4sQtsTT2pl7K1qU7mVPCxPlKghQNS+m20v8AEcc48vF9ZDVt2qtoA011TPS3mgGPY+pkMUs6WVXcocd2M/U9PQyfcrWK6WUOg+Dec4PlzIopwCtaMXytxPh+kIZ31qxq1BViMDA4H9zLafGjVNeS6DxNtwc46+xmdVC2FGWxH+JGDD6j6SNQr07g1M4V/EzWcg/XzhqI322UU22si7gmVIOTnzPsOn8YK+lQJbXplw/JuU8c8YPyP8pZdV3exa7KrtOy4IA/h7SNS6NdPkVbKlOcEk55wePTMqfFrKtiFUT7tVxyOJGju01dm7awVFGAM8w1FTAXFEV1NLjHqeP9ZTo8JWMKy+WGXH+xJ/EaXvofVtSaXy6Yzbwv++ZXWvwXM6hiCjsDxx04mVr7Xuxyx3kLWF59MnnpxNlFNvelrQVZsblJ4VvQevUwit3BRLFQuhswFVfbk+0brsYnatlZw27zU+vt/pL9QO9rFaqoTHPjAIMoVEQm1d2bXO+sjgemDCphSjbih2ZzuX1lN9lbuoep9reIKFHJ9ZaaXfDrY9BbDcng/MRo9ltINBfxeqjJHlESMeo0qsibh3loIxlvEM9Mj5zQRYCdycF1AbyY+3yisXBtuWvvHYBSUO1v9/KLToKldN7lDgqGwduPT+Eq1e9wDWg56AAKdrbvPEz2WF38R2tZjcuchyPKBbcCinzyx/MZcihNysvhAWxWHmwPCgSJDCsbb63dWTfxtOev4fbE4GpY9+4PkxE7llRdTWtgoz+Jeu6cDUArqbA3UOQf1no/FKjJoOZWJap5noZXpwsZPI5kQRjrGSPKRC+kM/rGT0kM+LmBLPEmPKVHPl1lggSxzJD29JGsZMmOJUCt0zxMeofe2PITTdZtQ+swkwsRzzJ/hlcnjCiRoxGehiEljPEz18Ho6corMbMrsCgHnHrx+s8xqlKau5TyRY3856HU29xVZtRfAG5PqeAP4zzlnNhJ5zyZw/Of1qIiGIhJTvIFiGJKAEuGliMCPHEkIxNSURniWBfDFjIMMqjmSRvKPEQWUWovHtJ2HbS3qeIgBtBxIajhFX6whadWe6tVbaS4GfTmdpqH+016bVIu9z4GblWI9JxdMoa6sbioLdR5TvaRmcWVvY7on+HvrBCt5EMOJ5v1+txHuamBvGpet9uRt5wB/syVhQaXaC+C4LEDJb5jgekhay1XNqLa8ipcDaF+vEyu+gGoqK323/CFRiNoyPSccXHRxV3yd6FYplqgo/Tp1gga02J3abS3x4/CRg5HrMNmoxqFej8KgOpGO755H8R+ku02tqtzuo2geHvEzx8pBIG9dSzW6ZvCyr9y23Kjz9JqyrUtcqgKd24geIL18pRbrFpqP2i1jtXwtt+JvQesgdZQl6tY7UufGuASuPeBYVRbxYjqPDtZm/EvuPOaX1AWsF6Au4tkJyP9mY7dVWnjqsrtO3/yxn26x16irUPW1FtlITjleox7wKanrAb7O9gIAtCvwy4Pi/l/Oa3xXUy2bitj7ePIdf6RXfZu6I04bveNuFP+8TNZrmahADct6LtbacDJ8z7cSiNTIl1gsZnG9ty7fhxn4vpA9ouKsVaXZs4wo3MssD3hHvDgjoysuAW69fTBlLbBet+TU5wCqruHtzCom+u7YL2Y2Mu0FwVP/wAx6cXaYWVoy2I+Ce8/CcdZpZLWTYztchPKsm4Y9PUfOZRprDiq22s46Mj+MD3B6yok+oSm1rXO9zjduGfDNddVaLYnPcON6cdQ3WZLLXOtAARamwGAXLMPMYmnTJ3rWr3z+A5FVvmsn8FVCX1OtfeVvXgt3dvxH5S41ond7AiOOmV4wfJTIX35rCbe72dMc/SRTdsbvlcU2gFWZuPl7H+0irqdRYNK1a0tbWhIKEdR6fSUmpbbE7itamTLd2x8/wB0y77QbK7NpdWHl+IED1/SUbW1Oppy6rejBztOAwiACamuoK9eDyELEDI/Ln58/WX919xa9Tuu4A935b+kGdmX7sqOu+phuBPuJXW1Q1Tbatu4bmAbwjnyHpmVV+ifU010reSyMCjd567jg/yENTp63db6mbcgIAU8EGVWiqwdGYq1mUzxjdn+GYlvCsFJ8DjO4f8A5QhVAhkFpQEEnjjasdlt6UAuGdSx88grnoJKg90oDncxV2yOeMiXhKa2FlhyGwcFiAWA9JF1iuv8RqHe26d024rxx0/jxGtmn7ioIneIPCw8yAeP7yyy1L9SF7hGqbyUcgzMt1OkzVWjO1edvuvTBmm51rTbqU7l3SsMXQha8c8/0k9HXVpmAuwbu7yyryDjz+chpc22ZtGzG51H5S3P9P4wtO1UTD2uj5duBx6wlutSV91ShB3M7b12+THy+U0q7KuLNu7HXyaZFtFQ7w7iFJLL5qPUTSwLVJtO9LW43frNRIuAzk+XlEV6Rf4fxN4fI+nzks8cTTQ3MBjqJE4DZ6QPqDDcOmRAN3PqIDjzzAZ25yM+0Rba+GHB9IACufFnMasOIi23qMxFmONoGPeBYeJW+w8Z+hjyoHOYLtLekDHb2fprfiQfOV39nd9WEe5vB8JPOJ0M4zIFU3bjxmQcNqtTorAlloZHOMkeE+3tCdi6iu4NW+Hrbgg+cINc7W2orO2nG5Kz3e8Z3W9PF/OZbm1AFm0KUdcL4PF64nQ3M7u6nOxd4B9Pb9JBKe6VDZYWusO87/5YnKVhkTSXUqyitQm3DEN0PXPvM20anUfjfPg/dUYnUstuyoajI6lU6n2xNX2XUpoanNVdQcf4ZONo8s+/tHliSVx30lunurpq26cWcguMk8c49BLW0z2mmzT7nYnl2bjHyjv0VtmLCpGoC+RLEj6yyht21G01tZprJVugM1VSqtYVGzUgueAd3A+Q9pf953ZBJXLc442jymV9XlQ3dNazdKxyTC223iwulIxlt/J+UzWa1Ney2UlLCjBfi6HMqXtHtG5Nj2NxhSqnPHv/AKTOWt7p9RfVU6V/B4v4jENUAams8SUth2Zf5TPjK3OrJjQ1RDupTUmpMv4v5D2kO+321Moepwp+73HaSPQHp/rM5tawX0fZrARjxJn55MR03iFrO5RlI2ljgTeCemchzk769oZmHQt7fOF1mo71btzEn4sDIAMKa1v0xo09qgoAC2cfWay9NIzVbkdG4/pIxVS7UsFXBOD0OceshZqu7tCkjeWKru6KB5yWkfR3vvqUJefCy+clZpEY1lVbG7czjnGfKUiej1Hed4U5sXiwH8XvJWg11Babcd8Dv44XPn85gOg7vua6GYWB99lo4AHzmm895W6vaGGObARg/pCq9PSyKEXqc7XPUt+b9JCi26la6lsbDYIUeZ9f6yK1OzuX1K0gKcKOT6Z/SOjSKtqFL0tQKFYh8OB9eP0MqrGZNKFVOU8TF/X2jJRrgttKF1Xwvgnn8WfSMd33rhqw+nVe8Viu0ZP4ef5yt76Rmx9yuPhXOcj5Qq6y+uqnulZVI9Bjz/1jbUd6v+E9frumO7Xs9FuxGqK4bdjnJmzVam1GUaehbLOC2eiyeLKldX3rlUrZyATk/DkeUa2m2ktqUIYsMbRjp0P9ZbY1ffbufEAzIPLHXEq++bUF6kPdgdDzlT1A9+AIWNGtTSGvuzdZUxHH85Gx+730pYHtVAFzwQuR/rEzd4WqsTvaxwrY6DHQyoITbvqtJrdBznGz2kRX3vdOqne7A5ZFXcWPnJJSTbQm1a6MbvBnIOPhaBp+7fY9bHZu70jD/wAZqGnqoIt0zIxGT8RO445zKpJYFrdW5B5U46n0ldmpFTBxp++c+BdzYVTLbtVSqIunqwGQP3jnC/8AzK7Atm2zKWr1LUqcDr1/SGSNl66M9/dhHXlcZVR64MlqhZYarftJ0la+FcZ3P8hFYhd2tDrbWetZGGA9BINpqd6Waq6xhubljj9f0hYtSzU7Md6aOANvGW9cwqfY732vuNVe5t3mfLmMulleqsrCmqpR951Y5by9scQWz7pwaw4ZdwYqCPYckQIW93atYSvDE7u8Hidj+L5czRZYilsvtzwvJJ3YkKLjVbWu0feL4lH4F8pDVO5GANPWiEHoS7fIwX6Y1a1DbY6ZzyD5GSrfdqS2x/MbAc+XnOf/AIlmAgDcvlsZM00WtZWM7kdeNx8OfLiMXGm1ygZc+AnODEzZdQVzXtA6+YMoNrqVS5d1eNu7zjXC6dqa2UKufvGbcfmYiJP4kd3RRuPVfP8A2JBvHYjjCsF9fiH8pWO9RWV2XHxeHPT0k2YtWwYhVXxZ8ivt9I/otXdv25K8H+UiqFvE74APiZjwJWreKtS4bgpz7eXzhuWz4fGTxszyflIlWB0VD3Rdhs5sb4sLIhGsuqNi7a63UouM45/3zIlbEazCb124C45aQD2Ltwy9yoDPu43+0qrLCoZmtDB927wjgGViwtZjONhDrt5DqfOWbBZlDatfkW3Zz1wJA11IHpt3DYd+49QT5r6/KBdVWzIc2JYq4zWfc+R9Ym21OgXwuGbaBxwcZgO53MxKEY3qx6EeZkK8rvLFMNtZQvko6iA3FJ3mywp3YCqvGMsesH5O1ep8z0X/AFkLWrXduDMM5LBc7vIAe/X+MDmuo2uu1F6jqSfQQVdW29cJ3YTaUJI6f75k6jWiitGZd2WRSeQPzfXymWkEg23VmtQP8MHG75yVedVfhXFiscuzL4VHtCL1pRCtjZZQwZFY5ZG9MicXtOrZ2hYA27PiPHmZ1X1NVjYrdO6TO0buT6nE5dr77nucYLHp6e09H4xm1QV2r7xKYnfJiUzui9fSMvII36mWbMiEQ3c9YsmBU5xiSFbHp6QIg+cvTmJKjjkS5V2DgdZU0kXHPrExxJg4J8XlKHbdKiq07vpKHOZfYdqzPI3CMn+WRzJseRnyEyoHWWV82IOuXA/jKx1lun/9TTnP+IvT5yd/COj2vqCdKgUIFds+Hg/X3nFs65m7tFVSqru33qxYhvPy6iYfiwJjj40gDHmI9YCaipZkpCSE1GcTEsQZMrEurz1AlZT9ZA4kyeJX1MIMxiA6SYx0gSHlxKdS2X+UvTrn0mS1suTCz6v0QzqK+AcHOD06Gd/7Qtz17K1VAwB4HU9JwtAcaqs4z14/8TOh3u1sWJtJG4KfzDrPL+v1o7bGZ1+0LbZg5OFDYXp5StqaLrFt2VVVlu7KOMAfI+snbogifc3vXYql8qfEVP8APympD3ujGwKUzkL7+/vOaqHqu0SOQzu9Z3eNs5HsY0t76xw121jggqdrDPUbTFprhYiVMzDUKGUKzdfY+sx30XNbu2BW6IV4OV8oxXQOhei1C9XeafB3liMH6SBWyms2IVW2o+Ftm4Mrfx9YktRrlOLK0wzPXY2S3HOPb+0tVmqTvFYBXHhIOfp/OZRGjvrCLrVq7x16hACuZTf2gtW/uhWzKOCwOT8pf4jU6AKM4XO/B58wIWVUNWEIHkuBwAfSNElfU2ag1r93s6MBw485RZRcqB9PixQ2zIbHh9/keJY9dmm1j91e+65t+VHGOnT6w2k7r69qXJy4pb4+MnK+s0Ge9bRPWR96xYjzBwF/pKRVRpSH1lv32AGasf4Y9v7zYLhbhkCo+3K7ujZxyP0mW/TvXjVNUxsc+FQN3P5m9ukQC6jTfae601dtZVf+r+OQsrpW0ONHWlYIbfvOc5HA5lqpW+kR2t7twgLsfiDef95XdYvdbW+J2Vce+RIqdb6RFa9hhsfGvJUdMfKYrbardQSmqrJ/C2CjL9ehm9dLTa5Z2YcAEBsCU6gaXTOraTTI7dWYH4feWCNj6uoA1WZH4lA8LfOSo1QFYZKW7kjD17+F+hkBqNSWet+6qGcZU8g/WYdS2qIZix2bsdB4secuDt0W6dmO11ZD4cqc7T5f2lWp0xWwKoHeqd1ZPGfbP1nK05ahs1MRZz+HOQegnRp1b6ta2crVcnhZHzhvMf1kzDDzqGswtbd5jxDGMn5+kYU047zJ3cFl5FX19JZV3b2Flc1shy9LN8J/qsn9m3qGqdTwR3RI6HykRnQNVqO+YZUYFhUcE45MldSDmgDFB8SsOtbeRlCtdsanDVX5KpuGBYBDSal77u7K7VYeLP4TL8Fu/ubGJxgg4x0525/jNVdtDZXVJ4UIwzeRmO43tbSdP4MISSB+HA8jNLOw2JZtdguS2OsgH0+ltVrc/wDtfH0is0unv0rYTu3VeH8wJYjBwFfbzzKdRaFYPVWzFfh2jJPP9cQajdTdZdQ4s2qrZYHzz6Qa3Uix3UNUyeFgr/EPIjy/WWgvaN6oUbzrPkZZdsSsb2J6DwsM5MutaoTUBrOX5Iweep8+Jq0+nrYqveOoUY4fzmFwTa5H+Gz4UFBkGaVuFR73JU7RxjzhW4V0sTVZVWz+Z65lpVExsQBzxwPKYtNdvVXbglup9JN9VlitZHpma01rKkD4ZAnjlIqRtQBrNz4ycmSLXYO1UI9ziaaG84yBwPIyJYcEdOsmDn4+vnFsXdlRj2gAG7lTg+YPQw8vhA48obRFjHOYDG08jBEGwR1Kn1kcjydD/lIgf3TAi9+zHeqw/eUeH/SSXxr4PFM9mouobDYdW+HA5+REh36GzcVNDebdMyC57lr+NHx6heDCVvqKWVi1yt794IQr/9k=');
INSERT INTO `guru` (`id_guru`, `nama_guru`, `nuptk`, `status`, `tempat_lahir`, `tanggal_lahir`, `alamat`, `id_user`, `nip`, `no_hp`, `foto`) VALUES
(7, 'NAFISATUL FAUZIYAH, S.Pd.', '3762769670230362', 'GTY', 'Pasuruan', '1991-04-30', 'Kedungrejo', NULL, NULL, NULL, NULL),
(8, 'DWI PUJI LESTARI, S.Pd.', '948772673230402', 'GTY', 'Jember', '1994-06-16', 'Kedungrejo', 8, NULL, NULL, NULL),
(9, 'NURIL HIDAYAH LAILLIA ARI, S.Ak.', NULL, 'GTY', 'Lumajang', '2001-07-29', 'Kedungrejo', NULL, NULL, NULL, NULL),
(10, 'LAILATUL ZULFA', NULL, 'GTY', 'Lumajang', '2002-05-24', 'Kedungrejo', NULL, NULL, NULL, NULL),
(11, 'LAILATUL MUBASYIROH', '', 'GTY', 'Lumajang', '2001-08-27', 'Kedungrejo', 7, NULL, NULL, NULL),
(18, 'Afifah', '1234567', 'GTT', 'Lumajang', '2004-06-06', 'Lumajang', 4, NULL, NULL, NULL),
(21, 'Awaliya', '1234567', 'GTY', 'Lumajang', '2000-01-01', 'Lumajang', 3, NULL, NULL, 'iVBORw0KGgoAAAANSUhEUgAAALwAAAH7CAYAAAB2Y/XLAAAAYmVYSWZNTQAqAAAACAAEAQAABAAAAAEAAAAAAQEABAAAAAEAAAAAh2kABAAAAAEAAAA+ARIAAwAAAAEAAAAAAAAAAAABkggAAwAAAAEAAAAAAAAAAAABARIAAwAAAAEAAAAAAAAAAADYWh0AAAAEc0JJVAgICAh8CGSIAAAAAXNSR0IArs4c6QAAIABJREFUeJztnX1sHOd957+r2AkjS/Kuzki1vtripirMZeyzqchOJct34W4CwUrthJHhGvLlYnIJ9RCpTlfD5uQTq8OlhJvLcUn3LgVsYblSD6iRBBEUUDb9As0qgYNV7CSUDbEz1FUpVbPNqvEhs7YpWabaPvfH7Ow8z7ztLl939/l9gAfQPDPzvMx+Z/g8o/l9H3z9tRkGgBIlKdIaEIREkOAJqSDBE1KxTILPQmMMzEqGCgUAoEA1uHzGwJiGrF8xaRUGf6zucWROA2MMRr5cQ97gyjagpr3L1HJ+7bXOcfShnKzzhHo82pXVnfWLfefr9y7Lea3sssQ+OvvC43G9K79FcB1Bv5WzfqHt5d/Ds0znPv66lfc5+2JeR14jQW2uAb9Ja2xbF4sFTgBirGtbzHtfWmVqrvzvnMYYY8zIKwxQmGowxgyVKeXjjMo+j3JyKlPT5r+VvMEYY0zL8cdkmVm6XYaSy5plW/v0rNAuo3y8XQ7fJkf7uJTVGWNMY1muT1rO8W+IfWbMqLSfP7+2ssz2e12bbN5qX7m9VlmuFHS93X0122W12bnf43oG9F38nTzyrd/CKs/nPOFaVW1zDclb8PvZi8UPWHFc8RF9jCmvFtkHsydYqloFQRfZ7+J4it99rJI3GDMMn5vG+QOZ25rufeErN0zecF9AxzHij+Csx+yjYfDlOI7h+uJfVrm9Va6NeH4VwfPle157vn7nuR4Pg5oF7/0gEa51LYKv2ubqOvIZ0vwlvvDAILTtQyiMK4gJ+2JQXi1gKD6Jwe49GPMuoEJ2XwJhlDB5KmNnhhMYZgysNw5Mj6Gzr0ohUKD2xAHoKFjH5jQMdwP5k5POGstDkRSiZwYQiveX8/vRGQqh86zj8LuiCAMoXuLahzCidzn7oONEIgNAQWwTgFIROl/OphgUAFl9GAnkceIcty8dQxRAqSicgWj7uH9Z5XPivV5DEatcFXs6AEwX0O/c5wXXjuz2OIASiuf5A3QUS3ZfxHN3Y2sYKJ2bQMa5z4NKu5mGbPlcXJ4Rzs1cKsJ5rYOo1uZa8B/DX8wgud0p+hiU8QIG45MY7P4CMheDijbHWqkOQD8WQXKU21XKYyAUQig0Br0jVR7L8WMzflyWhcaGkQiXkD/Yaf6waRVGbxylM0NInnfWawo7FBpDsXvYWyh1kcWOGkX1H/IGUh0l5L+ZFAW8EEaTiIRCCIVCCB3TgXACg3muJzkNbCSBcCmPgfJNzY+tDf5Y6wEzkkB4egyRhCW7Imb438WLyrlbMXkwxJ0bjH6s3PZQZ+W6OW/4hVFDmwMInrRaor93CIXxwzg8XsBg1ySGahK7JdJQwBOcf6JkkIxYF8m6QbLQWApx6BgL2TeN8tBWhAGEu4fNH7H8b3HC04/CNIBwFPGgpp4vogQg2s7fFtxTJLcDcQD6Wetny2Dmske5l9fhpq4wgDASIwzD3da/NWRHZ1AEEI6KLSleetinLPFJaLWxQk6r/HUMRZKVYzOJSPn6OYRZecCEKn/x9GIJQBw7hGsWR9T5FC/lMRAaQL4URmKkzgmihdX/rt3Cw0dpj0L4q12Fam2uiZr+p3WLwtQiYx/MvsiULQsbb6PamNKjHM/xdLU5Ql4cs7smoK62BU9aPcfI1SatHm2vf9LqLMvK959Yu1PQse7rEzhBtCaZCxrDe7x0cL6wqGnSWq3NNaTl+LTA6hyPMGkVdvj/cGZnRFw3kdek2D7afSG8Liz39kY8p9pbG75v1W5W+42S8yb2LCtnHy3WwZcT0M+qgkeV6+V381cRadCLCN8+ufdZZbgFXcNvvNKCp0SpURP9TyshFSR4QipI8IRUkOAJqSDBE1JBgiekggRPSAUJnpAKEjwhFSR4QipI8IRUkOAJqSDBE1JBgiekYkkFH9vWheDIwhi6tgUf4WVZoeQNMF0thwBalg2iXYMQ0kY0PZs3b8bu3bvx+OOPY+/evfj93/99xOOBsWs1sYSC34/vnCp4BH1bmMHfhZPDSPkVkdMw3DXpCkcDAHRsBb5pxUiaIYRbzw2UQ9rG4AzlJpqXzs5O7Ny5E7/927+Nm266CevWrcOtt96KT3/604sW/RIKfgmcDs4XUfKLQZ0+YQeCp3djK/IYqsRt9iNZY3Ax0djcfPPN+OQnP4mbbrrJtW/t2rWIxWLYsGHDgstf2jH8Yp0ORpOIHANS1RzJ7ooi7Ax0JlqC9evXY926dYH7FyP4GxZ8ph8XM0huB9TXhlAYb8N3cAADNTkdlOnrRKgPZmS+oUKPJL2PK3unkOiJelietzQXM0g+YNp71Gbr4UHQ8KavAF3waclCpUlrS/D+++/jvffeW/D+aiz9E97iYgbJaJ3PX8tvBQBQQv5gBP2Ah5FSPzpDgMaGwdgwANP4h2h+3n33XczMzCASibjG8VeuXMHMzMyiBB/6+msz7C8eqM2mjCBWittvvx133nknIpEIAMAwDExNTeHtt99eVLnL94QniEXw9ttvL1rcXtD/tBJSQYInpIIET0gFCZ6QChI8IRUkeEIqSPCEVJDgCakgwRNSQYInpIIET0gFCZ6QChI8IRUrKvgldzXgwgBNZ4MssrrtZMCv25rVGYx81mfxY6LRaALXgmosgasBFOyO2q4GY9NxpHQu8rUjhR1ny44HB/OI9oqiDnfvKTsfhBA6VjQXDV6q7hFLRpO4FlRjCVwNkEEybq883X/WsZT59Ji96vdoEiemw9j6kB0vVTozZDsf9I0hX3Ku6kysNs3lWlCNxboaAGYYoDWk6Q2+282lyv0oLyFPNBTN51pQjcW4GuQ0sJ4iBkKd5lM+p4Ft9z88Hg2jeNYvrlZBbFMJxfML6wbRnKzOW5oFuhoo7VGA86PJbnc84Tv22GP2nIZUh45Cn7073J3iJrmDSGASE6MgGojmdS2oxgJcDTKJIew2hsGYOa3Vp51j+EngCAMbAXjXA4vSmSJ2MAZmno2xUJJ8bRqM5XYtaLIg7gySkSCJziAZCbLrmEBnyMfYiWgYdF3HlStXyLWAkAdyLSCIpeDrr80wAJQoSZHoCU9IBQmekAoSPCEVqyL4733ve6tRLUHQE56QCxI8IRUkeEIqSPCEVJDgCakgwbcCaRVG0DKfRAUSPCEVDSX4pXA1ABTOmYDB4Ja21Jidz7jgb9PxQLXPM1QofDmGaq8kaD1N+VBDXXy2is4KfCB5FhozoOZUGLWcy+1zuy6Un+g5DWwkgTDiSHH99StHelbj47Hvfe97Hvn72YvFD1hxXGExz/NiTHm1yD6YPcFSvmUrTDUYM/JKeTvL1LzikQ+W1e1tJW8wxgympu0ynNuVc9MqMxhjTM9615nTGGMay1ptSqvMqGxnmcYYY4bKFG5by8E+t7JPbGNW59tU3rbaINThLocSlxpH8GDYojD1HS/RW2J/kSlbAspOq8zw+qG9BMAdq+QNTsBVtp3iEso3xV8RcDlldSsvyzROtNY+g7sphXNzWqVeXvyuPjnb5NVGSgxotK8lF+tqcFcUYS7mVcCZPzqDot9K3/VyvgjbH8EdGK4XS4i2e68U7nRWiPcy0ZVhU8xjYWZnnQ5Gk4gcA1IOsyqiwcbwAGzR3zuEwvhhHB4v1Ld8vZ9AnPnpGKKlInSvY+tFuNHCiN4l7o5HwyheqiV6toT8wbJRlJUiC4y77essG04BKX4OIjmNJ3hgwa4G6CtADycwyE1U1bzikQ9k9yWAcxMLDOKOYw8/Ge6NQz/bDyCDiXMlxHu5p2paxR6He4I3GUycAxJHllic54soLdVfshagcWNaF+BqAPSjMwRobBiMDQMA9GNmULczv3RmAJHEQj0LdExiUCyrLOhMIgLkDQwzVrYM1DEW6hTcE/zIJCKI6wzDjGHYqulYyHZT82M0iRP7GFKMYc+ZAUQupTiTKrd7g9Q01KS1GRJNCJs6NeaQhiCWCRI8IRWNO4ZvVEaTiJA9X9NCT3hCKkjwhFSQ4AmpIMETUkGCJ6SCBE9IBQmekAoSPCEVJPgy1sLGRGtDgl8JcpoYF0usGiR4QiqaSvBL4WogOgq4w9+yuh1ip+X89wnnplUYwhNcgWqYbgVK3jC/TQ8nMOxRJrGyNJHg9+M7pwoey9ZbmMvXF04OlwMvvFCwOzqJgXL43Nh0HCl+3N6Rwo6z5dC6g3lEe22LDSVvILUpXzm31tC5TCKC0DEdKJnnVg3mIJaVJhL8X+ILDzgDvC1MsQ/FJzHYvQdjvmVkkIzbMaL9Z53rvI7ZghxN4sR0GFsfUgBkkeoG8t/k4kv7xpDHVuxOg2gimkjwWLyrAWBOIHlXgABER4EiZoTPgjOYuewO2CYam+YSPLA4V4OcBtZT5IYlwZ4FottAFDHhaa4gtsltyUE0OE0b07pFYWqRVTdn4pLTYIl37xLdx+ByEMvqTDRzEsydRIMlz7LICawxUtMKfkHJstEz0XRNFLyucvtFhzDAsruzdosCNkVe3pXPMtXgz7frdbqSUVrhJJfgKcmemm8MTxCLgARPSAUJnpAKEjwhFSR4QipI8IRUkOAJqSDBE1JBgiekggRPSAUJnpAKEnyNkKtBa9AC/vCP4O6RvbjVmX3hebz03MtY+7lDuPfznVh74zyuXngZPzt+HFc/XI12BmB9p7/QFftakKzOsKfosw7XIq5XCzzh38TsxDimJjRcXbcObXMapibGMfXW22jb9W3sevQezJ8bx9TEG7hyx17sOnQAbavdZGLVaAHBX8RvTh/H7GkNVwDgXQ2zp49j9qdv4MZbNgK4jF9NHMfs6RFMnfwJLhkIFHxDuhrwYYlcuWJb7YBzIAuNGVDzmtjWnObZ9qzOYOSzUA2vsqzyuL5xQztrqGf3Pehcbl9ahcE0ZLk2GXmlfG0YUh1AuHvY9Rv4XS/+2hv5gND61vkefi/bdvRV1qPstfM27GXbnnmV9Tz7Aus+fIRt7ry9ShkKU3U7sMMdEcUFcKRVZjijnPwiorhl7iv1GDVGRDkir5S8av7bkS+uLphlGrPbbh7r3HZEc/lGe5nBK/yy91nd3nZeF/E6mOeK16xcblplBt8mx/Xk6/C8Jtz1ckayBaUWeMIH8N7z+PnBP8Dpv/4Jrq67D1v/OIsHn3wk4M9a47kaZLfHoR+z13nNJJLohwK1R8w32xPHjsqTu4T80fLevgJ017YYo1s6M4SkFaTeN4Z8qVxWLoUE8hjixtL9R/NA1277LxZ3XTKnJu2FkMvnjlWu2QQmS3y9Osbi/dy+hQXFZy4V/Vdgd9DSgg9/8Rl0fSWJ6699C68/9WX8+BdzaLtzJzYFndRQrgZBgeLufL1YQrR9KQz9Mpi5zG1enhEnh6MzKPqt7j06gyK/XR56mNd0GImw3zVx1FkPfZ0YOLfVrKeKV1BLC/7amo1ov/8JdD32MMK37cTGWz4KXJ/Hdb8TGtLVwE8g7nyxPYvB0Xbn0zMdQ7RURPDVKTM9Zl5LLi2HGVUmEUEoFDKFH/D6uIUEP4/rc3O4Njdfybl28mt45fsa2u57AtvTB9B+w5t4/elBvONTgtIeFZ5m2e2OZ1jHHnvSldOQ6tBR6AOAfhSmw0gc4Z4uuRQSmMTEKMpPRHt4o+QHkQgHdKVivprBxLkS4r38RFVF1iMfaRV7Ku2pn3B3iqtj0G57XwF6OIFBbiKY3ZcAzk1UfyXYV4DekVoSe0FzYl39r1fV4U3rTFqXIjWIq4HXpMyjXCGfn8A6bEOqbZsTRJVpnmVxk+BK+xWxX8KEMcs012Ta47oIk2y7HeIE126LOIkVr5f/dfBIJHhKgW9EWiy10JCGIKpDgiekogW+pSEWS388ZL/Pb3HoCU9IBQmekAoSPCEVJHhCKkjwhFSQ4AmpIMETUkGCJ6SCBE9IBQl+Caj109XlLoOoDgmekItm+jw4tq2LxQKPibGubbEq5YjfvNufxYrffPPfeFvffNvfu1vfkotlMWcQtcf34+76x33KoLQsqXkEv5+9WPyAFccVH9HHmPJqkX0we4KlfMtwRuBnmZpXPPLricz3+J48p/m4G/jVL9c36auamkfwMBcjfsdL9JbYqyxS7LLLKCcvmwzuWFdUjyNaJ1isnCWHX/1Vy6C0VKm5xvDWsvPbh1AYVxADAMSgjBcwGJ/EYLXl5++KIuyMwLdYTGS+C4UzNRq241eD6idWhOYSPGCL/t4hFMYP4/B4AYNdkxiqJnYLvwDfxUTmCyhQjWFET1pR+gPI824eNfqnEMtD8wkeMEX/gCn6usTuisDPQs0ri4vMdxFHNMxZXKR3Y6v1hPern1g5mmoMvyRJfINSmVwuSWS+xtngWQVpTDOcjgEe9TvLoLQ8ST7BU5I5NeeQhiAWCAmekAoSPCEVJHhCKkjwhFSQ4AmpIMETUkGCJ6SCBE9IBQmekAoSPCEVJHhCKlrAH/4R3D2yF7c6sy88j5eeexlrP3cI936+E2tvnMfVCy/jZ8eP4+qHK9vCrM6wpziASGLhoR9LUUZrYccd1LMqYAs84d/E7MQ4piY0XF23Dm1zGqYmxjH11tto2/Vt7Hr0HsyfG8fUxBu4csde7Dp0IHDpeaLFaZ3Pg91Lz69//Lus52iWbd5gbrc9cIR1PXmAhQPLaU5XA7+V/oSVBT2Wqlcr55ltVhzbdt8Npua4Ffm8YoB9+mTG62a5fjj6IJxr7/O/ro7fwidO2DO1suCxYS/b9syrrOfZF1j34SNsc+ftVcpoTlcDV315LvicFwMfrF4WmbMPwnbl3LLAnDdS5aY399vBNGY/rG1TsOIymeK53M3FtTH4uop11JxaWvAAw5oIW//AIfaZP3+B9Rx9lT345CNsjV8ZTelqoDjWfLWSc21Wj7o8nvje2x5lcfvdEWHla1bO87rhmd+146LJgq/rwgTfAmN4f8JffAZdX0ni+mvfwutPfRk//sUc2u7ciU1+JzSlq0Ec0XARM6Ne+5z5Gcxc9lvKvk4cfSwVHeHu54so+QWsny+Cj2tHR6p8LRgYSyGOKGJpj/OqXtfqtLTgr63ZiPb7n0DXYw8jfNtObLzlo8D1eVwPOqkpXQ18BOLKVxDbxAWYLwZH/8NRx61fx81bOjNQvhZWiiDpeQMvnhYS/Dyuz83h2tx8Jefaya/hle9raLvvCWxPH0D7DW/i9acH8Y5fEU3kamCbr/ajMB1G4ohauVGyeRWKRz5yKSQwiYkFiSmMxL5s+d8K1CN2/zOnJlHqSEHLwd7fE4d+tvpimJlTk0D3IFTPG7Y+eENaJW+A6eX25jQww7wOLfAe3uIHeOvgD/CWkDeHq6e/gTOnay2jH50hQGPDYGwYAKAfCwGAK790pvZ34v1H89gzMgzGUhgLdaLz2A6wEQY2AqCkQ6884f3rd5YhlB8PATrDMGMYBoDpMYQAwJlfymMgklygEVQJ+eIOMMbMzekxhKz+jyYRgQpjhIH1otLumt6PjyYRuUuzr4dVdrzazZJB8mQKrJeB9Zj9qonWmbRSWr7kNQFuztRCQxqCqA4JnpCKFhrDE8tHPzpD1SegzQA94QmpIMETUkGCJ6SCBE9IBQmekAoSPCEVJHhCKkjwhFSQ4FeStAqDGUvyZSCxMOh/WleS0SQiy/SdN1Eb9IQnpKKpBB/b1lVejNj3CHRtCz4CyEKrhJPZw4uszuyAgXIInpFXysMQDdmcZoehVY4rH503PPeZAQmqWZ+hQrHKsg5IqzAqbXHmi3UaQiAIHyLI7/PuG8HRPN/D72cvFr2WnbeStfz8CZbyLcMR+OsXqOwR3W8HEzucBRwB3nzAshmtX2NgdFCdNTkbBPWNUiU1j+DBsEVh6jteorfE/iJTtgSc73IfcET85zTGdFXM8xJOpRyPyPmgaP3ASH9u7VdXnVw9NTsr+LkZyJ2aa9J6MYPkdkA9O4TCOLDj4QxmEIMyXsBgfBKDtazIHU7YIW9ldCuKv28MeWMYW88NBE8uzxdR6rE34712aBsAoFSsLRC7IwXGUvyJKHoOQzKYuTyMKFAOji54h+kF9Y0A0GRjeABl0ZvLzhfGD+PweKG+5eenxxwR8lzsZS6FxGUdxWpBxUJEfgn5g2J5oRrjRhccre/nbBDUN8KkqYY0fNqiMLXIqg9jhOR0yHLu4+zmhPGz23LPz2WMT0FDGnFc7kgew6isbtVp1u8ewwf1jVIlNa3gF5ocHoj8WNwWEbft8mB0O4CJ/o2ixZyv4AFz3M0j3GR+ggdzeiuKE9UFei7KkqQTfL2J3na0VGq+MTxBLAISPCEVzfVacjWg719aCnrCE1JBgiekggRPSAUJnpAKEjwhFSR4QipI8IRUkOAJqSDBNxLkarDstMD/tD6Cu0f24lZn9oXn8dJzL2Pt5w7h3s93Yu2N87h64WX87PhxXP1wNdpZA/S/ustOCzzh38TsxDimJjRcXbcObXMapibGMfXW22jb9W3sevQezJ8bx9TEG7hyx17sOnQAbavdZGLVaAHBX8RvTh/H7GkNVwDgXQ2zp49j9qdv4MZbNgK4jF9NHMfs6RFMnfwJLhmoInhyNRCPY/ZylEJ7xDqFvlT6mXVsc9dDz5rX1FmHR/3C9aza9yq0zvfwHkvPb9jLtj3zKut59gXWffgI29x5e5UyyNXAFTmVVpma88h3lCf2xQpQEbeFKDFX4Ipf+x2BNIF9ryG1tOABhjURtv6BQ+wzf/4C6zn6KnvwyUfYGr8yyNVAaB+f3O0J7kvQtldZlf2udjr6FNT3GnTSAkMaf8JffAZdX0ni+mvfwutPfRk//sUc2u7ciU2BJ5mR/+afy2EkwmFEeVeDTQlsPTcUHGx9vgh+Nfl4L/fnuTde+/LyHSn7PJZC3HeJ+QxmLpf/GbTke1DfyijtUZSKutfZ7vzzRZRq7UsV9CJ3xZztH51BMRxF3HkSAKHvNdDSgr+2ZiPa738CXY89jPBtO7Hxlo8C1+dxPegkcjVAOOotLVd+0M1VJ/FoGMVL5ZKc7U/HEC0V4X0b1kcLCX4e1+fmcG1uvpJz7eTX8Mr3NbTd9wS2pw+g/YY38frTg3jHr4i+AvSOlGMCZZGF1htF/mgnxs4AiX38xDSOPfzEsDcO/Ww/gAwmzgGJI2rdT8HMqUmg2o3l14dwAoNce9S8Ety3nGZOmsv1lvjj0irUnEc+FKg9Vj8XQMceu285DakOHYU+r/YD2X0J4NxEDTdWFlplMm5O3K32mpNqpRXew1v8AG8d/AHeEvLmcPX0N3DmdK1l9KPzYAzGCGesVMpjIDKB3UYK0TMD6BwFMDqE3cYwjLyOyCkA0DGJQTBmWiCVzgwgUn5yZhIRxHUmGCTpx2rwixlNInKXBjbCwEbKedNjCMWrCawfnSFAY8OV9ujHQgDg0zfHX5vRJCJQueNKyB/0yq+xH35MTwJHrL6VkD8YQb9P+0tnBhBJLMXfEbTSW5pVSuRqUHfynACvUGqhIQ1BVIcET0hFC43hVwn6/qVuMonIkrzZWQj0hCekggRPSAUJnpAKEjwhFSR4QipI8IRUkOAJqSDBE1IhmeD5r+kIGZFM8ITskOAJqWgqwce2dSEWfAS6tgUfAQC4i4u+N8TgDD6SXnAKsIZDeU2MtM9pPpH3Yll1RdYTy0fzfA+/n71Y9Fp23krW8vMnWMq3jHI0fSVIuMqaq0JAcflc6ztua8lJYdv+Ll785ru+QGNKy5iaR/AwFyN+x0v0ltirLVLssL4AH03v3idG9jv3B227y1Lyhmt9V0orn5pqSFNZdn77EArjSnl4E4MyXsBgfBKDtS4/zyFEy6OIGeFT3wxmLrsj+2sjjMSIPaQZ7g77BkcTK0fzfQ9/MYPkdkB9bQiF8TZ8Bwcw0DWJoQWI3U3ZBqMiegWxTSUUzy+kLB1joU4sMMSZWCaa6wlvcTGD5AOD0O4dwuCSib0fhemw6DCQSyGBSUzUHeDRj8J0HCmH5R6x+jSn4AFT9NEQPn7bUojdpD8ewthlzqyop+iO6q+5rAHkN/FGSvQfXg1BU01aKVFaZGreJzxBLAASPCEVJHhCKkjwhFSQ4AmpIMETUkGCJ6SCBE9IBQmekAoSPCEVJHhCKkjwAuRq0Oo03/fwLh7B3SN7casz+8LzeOm5l7H2c4dw7+c7sfbGeVy98DJ+dvw4rn64Gu0kaiatwhiJ4oRXPEHQvhpogSf8m5idGMfUhIar69ahbU7D1MQ4pt56G227vo1dj96D+XPjmJp4A1fu2Itdhw5UWXqeaGVaQPAX8ZvTxzF7WsMVAHhXw+zp45j96Ru48ZaNAC7jVxPHMXt6BFMnf4JLBqoLvqFcDbLQGHOXkeba6DhfyRtgugrV4PugOLb5Y7NCW4LaKfQ5rcJgGrJcH5398O5j+VrluD5YwTI5DWwkgTDiSDnL89mn5A27fdWCblrne3iPpec37GXbnnmV9Tz7Aus+fIRt7ry9ShmN5mog1o+0ytScR77jfCVvMFYJIjf3ObeFZeAddRhcAHpgn9MqM/g+ep3r2cfg6xy4MqJzn9dS9UGppQUPMKyJsPUPHGKf+fMXWM/RV9mDTz7C1gQKvoFcDXKa5/KOnss+csc69wdte5VVc59dwnSK2q+PQde5TsHXuWxoCwxp/Al/8Rl0fSWJ6699C68/9WX8+BdzaLtzJzbVUcZquhoo7VGUit4LrrvyzxdR8ltyvk4W3ucMZi7z27U7N4h11sFoEpFjQMo1xPSmpQV/bc1GtN//BLoeexjh23Zi4y0fBa7P4/qCSyy7GlRYrKtBCCE+eayy7ScQV/5dUYQvzyzJ6njxaBjFS1ZJi+lzbX1cNH2dZtnHgJRjzuWkhQQ/j+tzc7g2N1/JuXbya3jl+xra7nsC29MH0H7Dm3j96UG8s6DyV8jVwJoIAsicmkSpIyVMVNWcRz4UqD1x6GcXKKaOPfb/PeQ0pDp0FPqsdi60z0vo3JDTXC8PPDlfRCljxJPIAAAePElEQVQcRZD7Twu8h7f4Ad46+AO8JeTN4erpb+DM6aWpoT8eAnSGYcYwDACl/KJcDWLGMBhLlXNKyB+MIMkfNJpEBCqMEQbWax3jlQ/ox0Lo7Ftgx6YngSMMbMRuh3XrLKbPvn2sdrOMJnFiH0OKMew5M4DIpaB9KbBeS+Ji2z1pnUkrpYUkzwlwC6cWGtIQRHVI8IRUtNAYnlgImURkSd7sNAv0hCekggRPSAUJnpAKEjwhFSR4QipI8IRUkOAJqSDBE1JBgl8MaRUGuRw0FST4xTCaRCRUw9d/vphxps4YUmL5IMETUtFUgo9t6yovRux7BLq2BR3hES3PBxaUgy/UchS89eStGrUvlO+3ap/TfSALjQ0jEQbivW53BGKZaJ7v4fezF4tey85byVp+/gRL+ZbhjJY3g4fFqHsmBFNXj9q3AogdzgPCPj/3AT+3AkrLlppH8GDYojD1HS/RW2J/kSlbgsrwiMLnhemKgK8jat9lF8Ed5+M+QIJf+dRUQxpz2flBaNuHUBhXysObGJTxAgbjkxhcyIrcozMoBh5QR9R+mFvUmA0jETaPC3IfIFaW5hI8YIv+3iEUxg/j8HhhccvPp2OIlorwl2MdUfvTY2KEfsiOM/VzHyBWmKYa0vBpi8LUIqthGMMnhzuYw4XLy9Qnq7Max/BONzAulecGNIZvgNS0gl9QKo/J82UbPEH88HWxyur24YL4PV2wgo6t7LDnBZYlXz12cZQWnqQUfHqJykurzCChNlVqvjF8A6E8tHXJ3L6IlYGCuBeAkjcw3B2GaSW3DNZxxLIhmeD70bkEApUt0r+VoCENIRUkeEIqSPCEVJDgCakgwRNSQYInpIIET0gFCZ6QChL8ckKuBg1HC/xP6yO4e2QvbnVmX3geLz33MtZ+7hDu/Xwn1t44j6sXXsbPjh/H1Q9XqGmjSUQW7GgAmK4Gw4ieXMT6Ta1GWoUxEsWJUKfHWk7Vr1cLPOHfxOzEOKYmNFxdtw5tcxqmJsYx9dbbaNv1bex69B7MnxvH1MQbuHLHXuw6dKD60vNE69I6nwe7V+Je//h3Wc/RLNu8wdxue+AI63ryAAv7llH+fDjHfbvu8f276liuXfhePnCV6HIAivObeNc+xrScuO39vby1rHz5kErwueNc1yrcqn2eoTKFL8fre/+cT/wA7KXr3X3yuJZB53L7zFW5s1zfuLhhvjZh5XKf6yXEIWit9D28x9LzG/aybc+8ynqefYF1Hz7CNnfeXqWMZnI1cERrIcvUvOKRLy7rborMEqYldHFbjABj/hFiOY353+DOa+nooyPonW+j+QCxbx73b+C31LzzennEP7S04AGGNRG2/oFD7DN//gLrOfoqe/DJR9iaQME3iauBX/CJqx7xWOcylYHbXuKqlO/dtqxu5bmvjS1qj3O5a8CLP/ghUu16uetpgTG8P+EvPoOuryRx/bVv4fWnvowf/2IObXfuxKZ6CmlUV4Ogpead+aMzKFZZobpmzhdRqmy4g9n1YgnRdm9LKb1YErbjvZzBVW8c2BTzNqMS6qyHDJKRMaCXVYy1Wlrw19ZsRPv9T6DrsYcRvm0nNt7yUeD6PK7XU0gjuxr4CcSZX7UPdSDcaO4bOx4No3iplmiBEvIHxWsRWuCq5sH0ozMUQig0BvQarST4eVyfm8O1uflKzrWTX8Mr39fQdt8T2J4+gPYb3sTrTw/incBywkjss8zzFKhHEsC5CZ8foh+F6TASRzibvFwKCUxiwvk6sq8AvSPlaZyaOTWJEr8vrUL1NFjlzFf7CtDDCQzmrZqzUPOKRz6Q3RfUh2rEsYerQ+uNQz/bDyCDiXMlxHtF68E9HToKVV+hZjBxDuJ1Wyguu0M/dBRL4VZ6S7MUqdFdDbwmZTZ++a5Jdp1jeJV7myK+GXG+pQme3yh5wzWZ5uHfegn1OOYr1nlGXnFfY+F6eVwHEryH4MnVwG6/7wSxOVMLDWkaD3I1aDxa4NOCxoNcDRoYGtJQkinRkIaQChI8IRUkeEIqSPCEVJDgCakgwRNSQYInpIIET0gFCb5mzIWFaZn45oY+LaiZpfGWJ1YXesITUtFQgo9t6yovNux7BLq2BR+h5A07bEzPVs3P6gxGXoXGGJjxt/hbwzFsSaswDBUKstAcpkpCmYYdzJDV7dA1gwvE8GsDsYI0zsdj+9mLRa9l5a1kLS9/gqX8yvYKYPbId0fI2998ewVEmMeK38o73Qqyea8gaS5gw69tlFY2NY7gYS42/I6X6C2xV1mE2DNgoc4IeSFog3MWEATP5/MpIMqnBYMpmjI1lOABD9HHmDJeZEatK25XzHpEPxgXZVG7BO9rn8GLOcs0T/E6zIAsrDJcbaO00qmhxvAAgIsZJLcPQrt3CIXxwzg8XsBg1ySGur+AzMUazu/rNCPgjwGpyri6ngh5M8B460MKstutgGUvnG4FFjrGHM4EoXh/QNuIlaTxBA+Yon/AFH1dYuc5X0QpHEV8ARHymVOTQFcKOzb5ReC73QqyeRUK+lGYjiNVbUJaaRux4jTckGYxSfAedLte1RQhD7DKMEhwA/N20nINW1xDKG545NM2SiuYWkrwlChVSY05pCGIZYIET0gFCZ6QChI8IRUkeEIqSPCEVJDgCakgwRNSQYInpIIET0gFCZ6QChK85GR1ucINm8C14BHcPbIXtzqzLzyPl557GWs/dwj3fr4Ta2+cx9ULL+Nnx4/j6ocr28KszrCnOIBIYuFrfSxFGQuhPx7CsnoxpFUYI1GcCHUubz010gRP+DcxOzGOqQkNV9etQ9uchqmJcUy99Tbadn0bux69B/PnxjE18Qau3LEXuw4dQNtqN5loXJrn82D3StvrH/8u6zmaZZs3mNttDxxhXU8eYOHAcsTv1fml24XwPI+V7ezv351Lt1e+sheXXXfV4VX/uE8ZXBJW+PNbFdAZiK6Wy9XYBdc3/3aIoueq135lelwb37a5yrLr8S1rJVIzCx4b9rJtz7zKep59gXUfPsI2d95epQxTbLzIVW4pdOeSis4fyAoacTkWeIimEjSeVpnhuEHc9fsFoljirCFgnHNFMNvrva+y7RXEntMcIlfNf/u6PtSw6qHXspKr6N7QBEOaAN57Hj8/+Ac4/dc/wdV192HrH2fx4JOP+I/T0ruxFXkMVcbJ/UgmMuXFhPl8oP9oHujabYcFTo9VVs3OnJoMDtHr66wci9EJTFrrpvvVH4i5oK5zxWslvwfx6RNIWgsg9xWg820K2OcXq5vdHod+zB5rZxJJ9EOB2hOHftKOAe4/q5dXDvduWyCrHN7Y1IIPf/EZdH0lieuvfQuvP/Vl/PgXc2i7cyc2+Z0gLJvuwJk/OoOi3w8zOoNiYMvMFbMZY2BsGIlwDfX7kkEyMgb0muUJJlEdKdvYiaUQ9w0sN2Ntd+Rgrpa9KY8xV6yugtimEornvVsR77XNpVhvvLy8fUDb/BhNInIMSDEGVtMK2ktLUwv+2pqNaL//CXQ99jDCt+3Exls+Clyfx/WgkzbFvIO5nfnpGKKlIvS6W6VANYYRPWm5FgwgX+J2+9UfSD86QyGEQmNAr+1+VjozILojhCL2U91Zwlkd8e1ZKA9tDViG3u9pHeT64N22QFbRvaGJBD+P63NzuDY3X8m5dvJreOX7GtruewLb0wfQfsObeP3pQbzjV0RfAXo4gcGK/V0Wal7xyAey+xIBwggijmiYe1Kmd2Or9YT3q98D0wLQuc8eQmROTQLdg7UJzKq7YwdSUWDylFevMpg4V0K8137qKnkV2ZpdH7jhTU4TrAd9WY3hTfNMWpcqiW9QbEcy/zcrTvs9lxFT5U2FZk/yKgVpTBNcynzqd5QhTgy92+V8C2K10d1ee7LpnDA6J8vCGxTHRJXHbLdP2zwmuZX9q+3eIJ/gKcmcmmhIQxCLhwRPSAUJnpAKEjwhFSR4QipI8IRUkOAJqSDBE1JBgiekggRPSAUJnpAKEjwhFXIIPq3CqDXYoJ5jAXR3d+PrX/86YrHgFcKXFjPApKaAi2Uto/mQQ/DLyKVLlwAA7e3tq9oOokYa6fPg2LYun2XnrRRjXdtigWW7IuJriZz3+o6dMR9HA/c33A8//DDbv39/QLuqfQPv/tbd/E49yzkaeDsiiIHbzmP96vcuY6V1sCqpcQS/n71Y9Fp23ha7ufz8CZbyK9svIt617LvCVN0RoGAFTHgdazhFKgrq7rvvZgcPHmR33323r9j589WcR76jHjNowr65hDY62xTUH9/6nWVIkhpH8PBYdt5KltirLD/vIcbAfCvxS8xXtZXglqbnyti/fz97+OGHg8vmkmdUkp99hqsdVcTK1+lTv6yCb6wxvLXs/PYhFMYVmNPAGJTxAgbjkxistiJ3PRHxOU2Mwg8inMAw410I3MHOmqYhFou5Jq9KexSloncouCv/fBElvyDv80WUvPKr9CeofhlpLMEDtujvHUJh/DAOjxfqW36+loj4nAbWU8SAFYF/rIogpscc7gAh23emTNDk1fRwcePKX5CNB6r2x69+GWk8wQOm6B8wRV+X2HkCIuKV9qjgQ5PdHiCIvgL0jlTV13czMzMwDAO33XabkJ85NYkSf35ahZrzyLcMjzwMkqoR1B+/+qWlocbwi00BEfFC5LzD31HTxXGueCxcb1P83mr4Tl6F87l2Ocrlx9OuMXxaZYbTLq/SluD++NYvlLH64+sVSS0l+AZIvpNXSg2RGnNI08TMzs66hjVE49AECyI0F+Pj46vdBCIAesITUkGCJ6SCBE9IBQmekAoSPCEVJHhCKkjwhFSQ4AmpIMETUkGCl4SszsD0lV4zr/Fogk8LHsHdI3txqzP7wvN46bmXsfZzh3Dv5zux9sZ5XL3wMn52/DiufriyLczqDHuKA4hUXXN1ecuwsVcStL7b74+HUP+Hx0tTdyPRBE/4NzE7MY6pCQ1X161D25yGqYlxTL31Ntp2fRu7Hr0H8+fGMTXxBq7csRe7Dh1A22o3mWhcmufzYPfS8+sf/y7rOZplmzeY220PHGFdTx5g4cByxG/HvZ0JmPA9uRV/aq9kJy4lz32J7uksIC4p76x/3KcMLgV8N1+rI0Hgan3MucqgwdQcV6fvt/XB7giejgqe8bUrmJpZ8Niwl2175lXW8+wLrPvwEba58/YqZZhi40WucgEhbpsM0dLDEpqSN1zLMjoDrkWXA/EGcdfvUQaXlLzmCNoQb6xaHAmE8oUy4AhcL4u20j++jvLNELjUpKNuPyeJVUpNMKQJ4L3n8fODf4DTf/0TXF13H7b+cRYPPvmI/zgtvRtbkcdQZZzcj2QiA+RSSAj5QP/RPNC1246JnR6rjEkzpyaDF9Tt67THr6MTmLSir/3qr0Im0WmvsN1XsFcHz+1AnGsXRpNIVh03l0MJj3XaY/rRJE5YS9MDAErIf9NeabswDUTbFQiLD9fKaiw+HEBTCz78xWfQ9ZUkrr/2Lbz+1Jfx41/Moe3Ondjkd0JQkLQzf3QGRb8fanQGxcCWmTZ2rOJyUEP9gWShVVwTUpU2LdyRgFspvIxeLJVF7UYvWndsBsnIGNBrtqUmm756nCRWgKYW/LU1G9F+/xPoeuxhhG/biY23fBS4Po/rQSf52WA489MxREtF1C8n+y2F6XAwgDzvr+FXvy9ZaGwPiget8saENi3MkcD9lI5HwyhequVW7EdnuR3oNaCmazilFieJFaKJBD+P63NzuDY3X8m5dvJreOX7GtruewLb0wfQfsObeP3pQbzjV0RfAXo4gcG8dcmzUPOKRz6Q3ZcAzk0s4GkcRzTMPUHTu7HVesL71e9BVmcw8op546GIGWtIk9tRecIvzJEgg4lzJcR7uadtWsWeDh2Ful4jcsObWg1oG2F40zyT1qVKPj6PAW9W3C5hWaa5Jn3cWwvePcHQmGY434J41O8ow2vSbL7l0HzqdrxtcTgSBL+l4d+2uCemSt4on+tzjbzc2qy6A5wkViXJJ3hKMqcmGtIQxOIhwRNSQYInpIIET0gFCZ6QChI8IRUkeEIqSPCEVJDgCakgwRNSQYInpIIE3/TY38qbX006twkeci1YAlbTtUDJ70F8egyheL/n9sq0pbGdCnia4AlPrgXVcEY90bqsATTP58ESuxYAXN12eXweYxq7oHuX43VuXW1pdqcCPjWz4OVxLeADUERXADs4w3/b+9xa29L8TgV8aoIhTQBSuBZkkeoG8ketMbkZoucXcF3zuTW3pfmdCniaWvDyuBaEkRixymMY7g7XEbztc27NbWl+pwKepha8HK4FAKBjLGSVV041v4UJOLfmtjS3UwFPEwleUtcC9KMwHUdqQc6/AefW0RabJnUq4GmeSetSpeZzLXC/DbLLqzZpDTq3tra0gFMBn+QTPCWZUxMNaQhi8ZDgCakgwRNSQYInpIIET0gFCZ6QChI8IRUkeEIqSPCEVJDgCakgwRNSQYJveRSoRo2f9EoAuRYsAavpWtDYNJ6bQRM84cm1gFg6mkDwF/Gb08cxe1rDFQB4V8Ps6eOY/ekbuPGWjQAu41cTxzF7egRTJ3+CSwaqCJ4Pv7OCLABx8V8GxgVNKHkDTM8iq1v7rSGCWVaqAwh3D3PhbGJZhhBY4ax/3KcMGzMYRDXLtKKH0iqMSh3iOUre4MqPu8oSwvRymtBX5DT7GnDl8mXyx3u2rXINzPDGeK+9z6+cFaN5voeX17XAtNkIWFqSdwlwOAaYbbePzep80Ev5eCu4JacJ9Sh51Q5o8emvu23u691IbgZN8IQPQArXApPSmTFYUaymu9gJJK3FivsK0MNRxKFA7YlDP5mshCZmEkNiTG0A2e1x6Mc6K/VkEkn0e5TZf1YXgsj5tgXSAOF+TS14eVwLPOhIcUOPFOKIIpYGAC6eti4UxDb5nxvv5YZ7vfGFBaM3gJtBUwteHtcCN6UzA6ITQShSfuI7PWTiiIa9y3Dj5z9TQv6gw/kgklzYjbvKbgZNJHhZXQvcZE5NAt2DHu/WTaOleI8tJCW/R/grpRdLiG+3nq1ZaL1x8dxefqKqIosMJs4BiSM1irPR3QyaZ9K6VKn5XAs8J7SCMwAT2id6SWaZ6lu/xrL8pBUOT0jHRJXHarerbY3uZiCf4CnJnJpoSEMQi4cET0gFCZ6QChI8IRUkeEIqSPCEVJDgCakgwRNSQYInpIIET0gFCZ6QisYU/BrgtvI/b2vMFhIcVghkM5TdeHL6+E34Yc9v4cHy5pO7NuN/37SqLSIAM9Z1gd+vB33qvNI0luA/fjPyf9iBOz/yIX5dznpvzc340r7fwdHIqraMaBEaRvC3RTai8J+34Ld+eREDPyjhh+X8P3vxb/BXF9vwYH8Hvvtb1csRouKdUfeC84AYvW8+hbJcaF6QeZHoSlApR3ASEJ9qQnR/JWI/69iura1WeV79rARgcO4Dzqcrf67o2mBAzXF9KLdJyRtmWF84geGAxYnd7fV2dajnWiw5jfE9/HqW/5MuNvnZNnanzzn7PrOFXfwvm9n/DCxbYaruCFooBzc4nQdENwErwMHhBOAZjW8GUPDlqDmPfEfEvhjdbwVhiNuCK0JAW52uCYIbgBVIYgV1eJ1bCfjg21huU6VcR38CHAfqdXWo+1oIwTeLTK0leEfionm8LlxwVJHDYsKjTNeP7sznjvX60QNtQXzb6rDoqLS1nOeMOHKJWjzXXtfVvU9oYzXB8+11tKGevtdyLRaTGmRI8z6+mv17XOv6FL730M34ktCqj2DooU/hT//9Dfj58b/Hn1QrijcS6g2OmNSLQf4VGcxcducq7VGUit6h3a7880WUlihoW2xrETOj/N4MZi77BWA7+xFGYsQeegx3hwXLDf8666Cqq8Pq0SCCB2aN32DHsxfxT7+zBcOPhPGlcv6ffuFT+OqWa3gpO43H/qlKITkNrKeIASuy/liw50A8Gkbxkl+Ytr9thZ9AXPlLaMshttWy5KjeVjc6xkIOB4J4Ta4yLUHDCB4A8MG7SDw3jal/+Rg+Uc7a8K/v4odHf4l9RvXTlfao4C+T3e4QYMceeyKa05Dq0FHgTD7D3SlukjuIBCYxMQohEj9zahKljpQwUVVzHvmWgdHZBYrJt639KEyHRReBXMpuayD9KEzHkVqKSeEiXlOuJo0leAD44Aq+dPKf8FJ583+98vf4oyu1nZpJDCG/yTYo2uF0lZmeBI5Yw50o8gc7Bces0pkidlT+1Bcx5uW9MppE5GAeUcuYaGQrcN4jny3SNTegrf3xEMYum29MGGPmX7UafWL64wPCNQp+G8XRN4Y8gt/S+NZ5NA/4+GauOI0xaV3+VG3yE+Tt2GhtpbTw1HhPeIJYRkjwhFzIMqShRAmgIQ0hGSR4QipI8IRUkOAJqSDBE1JBgiekggRPSEXDrsTdfsPteDL2e/jshjYA13Bp9if477/+Fd5a7YYRTU3jCf4jt+LYPf8JD3/iGi5cPIPv/s3f4a1/WY9dHXtxMvx9fPL/vr3aLSSamIYSfPuGh5D/959C6a3/g8Qv+Kf5+3jlH97GV7d8AgAJflWwYg0Wunpfg9A4Y/gbfw8v3n8rfnz6W9g66xi6hG7HxNY7cOHSz1erdUSL0DCC/8Ydn0Xk0kvovQag7XZ8ow3AR9bjDzd+FpOf24vNv3wWe33Xo7Qh14LVcC3grwd/3fgFmu26hN+o0m+/MpaYRvl47Kux/exXXZ9id5e3H41sY8/HPsuORe9gX/1IrWWTa8HKuxb4BLuX8+0YgyxT84pPOX5lLENqFMEDN7BvdA6wv7vrU2xXefsPP7GTPf3xRdRFrgUeol561wLP4Jm0ygyv413tCyhjGVLDDGmAf8a3tWH8j/d34lj3fvxdIoUvsr/B0Q/qLIZcCxwsv2tBf3wAk13D4hDJL4B9NInIMSDlGIp5lrEMNJDgAYQi2Hzj+5ieex/TP38Ou98xcKme88m1oAaWw7Ugg2QkhFDIFG1ljO93s/d1ln8fIFUJBPcpY4lpIMHfjud/7yG0/+Pz+KvSx9H2kfpLINeCaoUut2uB+dck2q4AfQXo4QQGuUmx6nxyny+iFI4i7lfGMtA4gl93Nz57wzu4EN6L/3brr/DDGmw5nJBrQXWW3rVAfBOTwhgiiQyAfnSGxlDsHi7vSyF6KSMOOUe2YvJgJ/p9y1gGGmfSup49/bt7WSG+jf1hzW9lak/kWkAJAGug/2l9H//1b59f7UYQLU7jDGkIYiVonCENJUrLn+gJT0gFCZ6QChI8IRUkeEIqSPCEVJDgCakgwRNSQYInpIIET0hFA3xLsx4vPbkZv+vM/uXfY8uLV/DVe27F13eEseEGhvd++Y/4i1dK+Kt/Xo12Sk6juRYssD0N8IS/hvyP/gEv/aiE9276GD42V8JLP/oHvHRhHl+6J4ahBzfimvYPeOlHv0Yp9jsY+o+34LHVbjLRvDTOtzQ3s/xTn2azj9xcydv32TibfWoLO1qOa/1SR5Tle25hfxRQthUAzYQgafuTWzOYmolB0rA+D84ytXK6M26UT1YQtqMcK4DaKsEVs6ra5+lZsRzuc+BqbbXK8+pnJWY0Z7fQ+dkzfy4fZK0xg6k5rg+OAHi/tojXw7puHuU5Y1yF6+WIc80JV1jY59ce7345UiMLHh+/meX/+NNs9k/uYX+z91Z29N9+hN0WWDa5FjSOa4GzPPH3cAWN8+U7rr2SV92/g6M9NccQNLTgAYY1a9i+zt9i+X33sNmnPs0u9tzM7q+1LnIt8BD1CrkWeLWTa5u7j1mmlfdl9RosO5ztCWgfnxpgDO/PH923Gfnu9fi19k9IHH0TR9/8EB/r2FhZlt4Tci1wsEquBV6MzqDIb3fwoYYpxBFFLF1PQDpHXycGzm01wx4DVghvaMG/E/oYfve+zfjGZ9fjj/7NWmyJ3ADM/wve8zuBXAtqYAVdC5ykY4iWipVI49KZAbEdoQiSowDgd/NWaUUiglAoZArfJ1C9gQT/r/jwyof48IN/reR89/WLGHyphJv/3WZ8/fFPYttH/x9+mHsbf+ZTArkWVCt0BV0LAABhJPZVrijUIwng3AQyMK8Xugc9AsgzmDhXQryXt0lUkYVlV1j972XmUtHfIqRxxvBLkRTuLQtjmu4cw6u+b2Fcb1G83nwI2x7lON7SuN8C1TOG92+rdbzdBG7s6uHsJY6JxWvkeqviOb4Xz9Ny/JjZUZ5zUprXPPZx427mda7jTUy5f+I1E9vj93bOlVpL8P6JXAtWOnlNrlc/NdCQhiCWHxI8IReyDGkoUQJoSENIBgmekAoSPCEVJHhCKkjwhFSQ4AmpIMETUvH/AT34zRHeq38nAAAAAElFTkSuQmCC');

-- --------------------------------------------------------

--
-- Table structure for table `hari_libur`
--

CREATE TABLE `hari_libur` (
  `id_libur` bigint NOT NULL,
  `tanggal` date NOT NULL,
  `keterangan` varchar(255) DEFAULT NULL
) ENGINE=InnoDB DEFAULT CHARSET=utf8mb4 COLLATE=utf8mb4_0900_ai_ci;

--
-- Dumping data for table `hari_libur`
--

INSERT INTO `hari_libur` (`id_libur`, `tanggal`, `keterangan`) VALUES
(2, '2026-05-16', 'libur'),
(3, '2026-05-19', 'libur'),
(4, '2026-05-20', 'libur'),
(6, '2026-05-30', 'cuti bersama'),
(10, '2026-06-02', 'libur'),
(12, '2026-06-03', 'libur'),
(13, '2026-06-04', 'libur');

-- --------------------------------------------------------

--
-- Table structure for table `kelas`
--

CREATE TABLE `kelas` (
  `id_kelas` varchar(10) NOT NULL,
  `nama_kelas` varchar(10) CHARACTER SET utf8mb4 COLLATE utf8mb4_0900_ai_ci DEFAULT NULL
) ENGINE=InnoDB DEFAULT CHARSET=utf8mb4 COLLATE=utf8mb4_0900_ai_ci;

--
-- Dumping data for table `kelas`
--

INSERT INTO `kelas` (`id_kelas`, `nama_kelas`) VALUES
('A1', 'A1'),
('A2', 'A2'),
('B1', 'B1'),
('B2', 'B2'),
('B3', 'B3'),
('B4', 'B4'),
('B5', 'B5'),
('B6', 'B6');

-- --------------------------------------------------------

--
-- Table structure for table `kelas_guru`
--

CREATE TABLE `kelas_guru` (
  `id` bigint NOT NULL,
  `id_kelas` varchar(10) NOT NULL,
  `id_guru` bigint NOT NULL,
  `id_tahun_ajaran` bigint NOT NULL
) ENGINE=InnoDB DEFAULT CHARSET=utf8mb4 COLLATE=utf8mb4_0900_ai_ci;

--
-- Dumping data for table `kelas_guru`
--

INSERT INTO `kelas_guru` (`id`, `id_kelas`, `id_guru`, `id_tahun_ajaran`) VALUES
(2, 'A2', 6, 1),
(3, 'B1', 8, 1),
(4, 'B2', 2, 1),
(5, 'B3', 3, 1),
(6, 'B4', 11, 1),
(9, 'A1', 1, 1),
(45, 'A1', 18, 2),
(46, 'B5', 11, 1),
(48, 'B6', 18, 1),
(50, 'A2', 2, 2),
(51, 'B1', 3, 2);

-- --------------------------------------------------------

--
-- Table structure for table `notifikasi`
--

CREATE TABLE `notifikasi` (
  `id` bigint NOT NULL,
  `id_user` bigint DEFAULT NULL,
  `judul` varchar(255) DEFAULT NULL,
  `isi` text,
  `waktu` datetime DEFAULT NULL,
  `dibaca` tinyint(1) DEFAULT '0'
) ENGINE=InnoDB DEFAULT CHARSET=utf8mb4 COLLATE=utf8mb4_0900_ai_ci;

--
-- Dumping data for table `notifikasi`
--

INSERT INTO `notifikasi` (`id`, `id_user`, `judul`, `isi`, `waktu`, `dibaca`) VALUES
(1, 6, 'Peringatan Absensi Siswa', 'Anda belum mengabsen siswa hari ini untuk kelas A2.', '2026-05-18 19:52:39', 1),
(2, 1, 'Laporan Absensi Kelas', 'Kelas A2 belum melakukan absensi siswa hari ini.', '2026-05-18 19:52:39', 0),
(3, 1, 'Laporan Absensi Kelas', 'Kelas B1 belum melakukan absensi siswa hari ini.', '2026-05-18 19:52:39', 0),
(4, 1, 'Laporan Absensi Kelas', 'Kelas B2 belum melakukan absensi siswa hari ini.', '2026-05-18 19:52:39', 0),
(5, 1, 'Laporan Absensi Kelas', 'Kelas B3 belum melakukan absensi siswa hari ini.', '2026-05-18 19:52:39', 0),
(6, 1, 'Laporan Absensi Kelas', 'Kelas B4 belum melakukan absensi siswa hari ini.', '2026-05-18 19:52:39', 0),
(7, 1, 'Laporan Absensi Kelas', 'Kelas A1 belum melakukan absensi siswa hari ini.', '2026-05-18 19:52:39', 0),
(8, 1, 'Laporan Absensi Kelas', 'Kelas B5 belum melakukan absensi siswa hari ini.', '2026-05-18 19:52:39', 0),
(9, 5, 'Peringatan Absensi Diri', 'Anda belum melakukan absensi hari ini. Silakan segera absen.', '2026-05-19 01:05:11', 0),
(10, 6, 'Peringatan Absensi Diri', 'Anda belum melakukan absensi hari ini. Silakan segera absen.', '2026-05-19 01:05:11', 1),
(11, 4, 'Peringatan Absensi Diri', 'Anda belum melakukan absensi hari ini. Silakan segera absen.', '2026-05-19 01:05:11', 0),
(12, 3, 'Peringatan Absensi Diri', 'Anda belum melakukan absensi hari ini. Silakan segera absen.', '2026-05-19 01:05:11', 0),
(13, 1, 'Laporan Absensi Kelas', 'Kelas B1 belum melakukan absensi siswa hari ini.', '2026-05-19 01:05:11', 0),
(14, 1, 'Laporan Absensi Kelas', 'Kelas B2 belum melakukan absensi siswa hari ini.', '2026-05-19 01:05:11', 0),
(15, 1, 'Laporan Absensi Kelas', 'Kelas B3 belum melakukan absensi siswa hari ini.', '2026-05-19 01:05:11', 0),
(16, 1, 'Laporan Absensi Kelas', 'Kelas B4 belum melakukan absensi siswa hari ini.', '2026-05-19 01:05:11', 0),
(17, 1, 'Laporan Absensi Kelas', 'Kelas A1 belum melakukan absensi siswa hari ini.', '2026-05-19 01:05:11', 0),
(18, 1, 'Laporan Absensi Kelas', 'Kelas B5 belum melakukan absensi siswa hari ini.', '2026-05-19 01:05:11', 0),
(19, 4, 'Peringatan Absensi Siswa', 'Anda belum mengabsen siswa hari ini untuk kelas B6.', '2026-05-19 01:05:11', 0),
(20, 1, 'Laporan Absensi Kelas', 'Kelas B6 belum melakukan absensi siswa hari ini.', '2026-05-19 01:05:11', 0),
(21, 5, 'Sistem Absensi', 'Batas waktu berakhir. Anda dicatat \'Alfa\' hari ini.', '2026-05-19 01:05:11', 0),
(22, 6, 'Sistem Absensi', 'Batas waktu berakhir. Anda dicatat \'Alfa\' hari ini.', '2026-05-19 01:05:12', 1),
(23, 4, 'Sistem Absensi', 'Batas waktu berakhir. Anda dicatat \'Alfa\' hari ini.', '2026-05-19 01:05:12', 0),
(24, 3, 'Sistem Absensi', 'Batas waktu berakhir. Anda dicatat \'Alfa\' hari ini.', '2026-05-19 01:05:12', 0),
(25, 1, 'Laporan Absensi Kelas', 'Kelas B1 belum melakukan absensi siswa hari ini.', '2026-05-19 01:05:54', 0),
(26, 1, 'Laporan Absensi Kelas', 'Kelas B2 belum melakukan absensi siswa hari ini.', '2026-05-19 01:05:54', 0),
(27, 1, 'Laporan Absensi Kelas', 'Kelas B3 belum melakukan absensi siswa hari ini.', '2026-05-19 01:05:54', 0),
(28, 1, 'Laporan Absensi Kelas', 'Kelas B4 belum melakukan absensi siswa hari ini.', '2026-05-19 01:05:54', 0),
(29, 1, 'Laporan Absensi Kelas', 'Kelas A1 belum melakukan absensi siswa hari ini.', '2026-05-19 01:05:54', 0),
(30, 1, 'Laporan Absensi Kelas', 'Kelas B5 belum melakukan absensi siswa hari ini.', '2026-05-19 01:05:54', 0),
(31, 4, 'Peringatan Absensi Siswa', 'Anda belum mengabsen siswa hari ini untuk kelas B6.', '2026-05-19 01:05:54', 0),
(32, 1, 'Laporan Absensi Kelas', 'Kelas B6 belum melakukan absensi siswa hari ini.', '2026-05-19 01:05:54', 0),
(33, 5, 'Peringatan Absensi Diri', 'Anda belum melakukan absensi hari ini. Silakan segera absen.', '2026-05-21 10:25:53', 0),
(34, 6, 'Peringatan Absensi Diri', 'Anda belum melakukan absensi hari ini. Silakan segera absen.', '2026-05-21 10:25:53', 1),
(35, 4, 'Peringatan Absensi Diri', 'Anda belum melakukan absensi hari ini. Silakan segera absen.', '2026-05-21 10:25:53', 0),
(36, 3, 'Peringatan Absensi Diri', 'Anda belum melakukan absensi hari ini. Silakan segera absen.', '2026-05-21 10:25:53', 0),
(37, 6, 'Peringatan Absensi Siswa', 'Anda belum mengabsen siswa hari ini untuk kelas A2.', '2026-05-21 10:25:53', 1),
(38, 1, 'Laporan Absensi Kelas', 'Kelas A2 belum melakukan absensi siswa hari ini.', '2026-05-21 10:25:53', 0),
(39, 1, 'Laporan Absensi Kelas', 'Kelas B1 belum melakukan absensi siswa hari ini.', '2026-05-21 10:25:53', 0),
(40, 1, 'Laporan Absensi Kelas', 'Kelas B2 belum melakukan absensi siswa hari ini.', '2026-05-21 10:25:53', 0),
(41, 1, 'Laporan Absensi Kelas', 'Kelas B3 belum melakukan absensi siswa hari ini.', '2026-05-21 10:25:53', 0),
(42, 1, 'Laporan Absensi Kelas', 'Kelas B4 belum melakukan absensi siswa hari ini.', '2026-05-21 10:25:53', 0),
(43, 1, 'Laporan Absensi Kelas', 'Kelas A1 belum melakukan absensi siswa hari ini.', '2026-05-21 10:25:53', 0),
(44, 1, 'Laporan Absensi Kelas', 'Kelas B5 belum melakukan absensi siswa hari ini.', '2026-05-21 10:25:53', 0),
(45, 4, 'Peringatan Absensi Siswa', 'Anda belum mengabsen siswa hari ini untuk kelas B6.', '2026-05-21 10:25:53', 0),
(46, 1, 'Laporan Absensi Kelas', 'Kelas B6 belum melakukan absensi siswa hari ini.', '2026-05-21 10:25:53', 0),
(47, 5, 'Sistem Absensi', 'Batas waktu berakhir. Anda dicatat \'Alfa\' hari ini.', '2026-05-21 10:25:53', 0),
(48, 6, 'Sistem Absensi', 'Batas waktu berakhir. Anda dicatat \'Alfa\' hari ini.', '2026-05-21 10:25:53', 1),
(49, 4, 'Sistem Absensi', 'Batas waktu berakhir. Anda dicatat \'Alfa\' hari ini.', '2026-05-21 10:25:53', 0),
(50, 3, 'Sistem Absensi', 'Batas waktu berakhir. Anda dicatat \'Alfa\' hari ini.', '2026-05-21 10:25:54', 0),
(51, 1, 'Laporan Absensi Kelas', 'Kelas B1 belum melakukan absensi siswa hari ini.', '2026-05-21 11:01:27', 0),
(52, 1, 'Laporan Absensi Kelas', 'Kelas B2 belum melakukan absensi siswa hari ini.', '2026-05-21 11:01:27', 0),
(53, 1, 'Laporan Absensi Kelas', 'Kelas B3 belum melakukan absensi siswa hari ini.', '2026-05-21 11:01:27', 0),
(54, 1, 'Laporan Absensi Kelas', 'Kelas B4 belum melakukan absensi siswa hari ini.', '2026-05-21 11:01:27', 0),
(55, 1, 'Laporan Absensi Kelas', 'Kelas A1 belum melakukan absensi siswa hari ini.', '2026-05-21 11:01:27', 0),
(56, 1, 'Laporan Absensi Kelas', 'Kelas B5 belum melakukan absensi siswa hari ini.', '2026-05-21 11:01:27', 0),
(57, 4, 'Peringatan Absensi Siswa', 'Anda belum mengabsen siswa hari ini untuk kelas B6.', '2026-05-21 11:01:27', 0),
(58, 1, 'Laporan Absensi Kelas', 'Kelas B6 belum melakukan absensi siswa hari ini.', '2026-05-21 11:01:27', 0),
(59, 5, 'Peringatan Absensi Diri', 'Anda belum melakukan absensi hari ini. Silakan segera absen.', '2026-05-22 09:07:13', 0),
(60, 6, 'Peringatan Absensi Diri', 'Anda belum melakukan absensi hari ini. Silakan segera absen.', '2026-05-22 09:07:13', 0),
(61, 7, 'Peringatan Absensi Diri', 'Anda belum melakukan absensi hari ini. Silakan segera absen.', '2026-05-22 09:07:13', 0),
(62, 4, 'Peringatan Absensi Diri', 'Anda belum melakukan absensi hari ini. Silakan segera absen.', '2026-05-22 09:07:13', 0),
(63, 3, 'Peringatan Absensi Diri', 'Anda belum melakukan absensi hari ini. Silakan segera absen.', '2026-05-22 09:07:13', 0),
(64, 6, 'Peringatan Absensi Siswa', 'Anda belum mengabsen siswa hari ini untuk kelas A2.', '2026-05-22 09:07:13', 0),
(65, 1, 'Laporan Absensi Kelas', 'Kelas A2 belum melakukan absensi siswa hari ini.', '2026-05-22 09:07:13', 0),
(66, 1, 'Laporan Absensi Kelas', 'Kelas B1 belum melakukan absensi siswa hari ini.', '2026-05-22 09:07:13', 0),
(67, 1, 'Laporan Absensi Kelas', 'Kelas B2 belum melakukan absensi siswa hari ini.', '2026-05-22 09:07:13', 0),
(68, 1, 'Laporan Absensi Kelas', 'Kelas B3 belum melakukan absensi siswa hari ini.', '2026-05-22 09:07:13', 0),
(69, 7, 'Peringatan Absensi Siswa', 'Anda belum mengabsen siswa hari ini untuk kelas B4.', '2026-05-22 09:07:13', 0),
(70, 1, 'Laporan Absensi Kelas', 'Kelas B4 belum melakukan absensi siswa hari ini.', '2026-05-22 09:07:13', 0),
(71, 1, 'Laporan Absensi Kelas', 'Kelas A1 belum melakukan absensi siswa hari ini.', '2026-05-22 09:07:13', 0),
(72, 7, 'Peringatan Absensi Siswa', 'Anda belum mengabsen siswa hari ini untuk kelas B5.', '2026-05-22 09:07:13', 0),
(73, 1, 'Laporan Absensi Kelas', 'Kelas B5 belum melakukan absensi siswa hari ini.', '2026-05-22 09:07:13', 0),
(74, 4, 'Peringatan Absensi Siswa', 'Anda belum mengabsen siswa hari ini untuk kelas B6.', '2026-05-22 09:07:13', 0),
(75, 1, 'Laporan Absensi Kelas', 'Kelas B6 belum melakukan absensi siswa hari ini.', '2026-05-22 09:07:13', 0),
(76, 5, 'Sistem Absensi', 'Batas waktu berakhir. Anda dicatat \'Alfa\' hari ini.', '2026-05-22 09:07:14', 0),
(77, 6, 'Sistem Absensi', 'Batas waktu berakhir. Anda dicatat \'Alfa\' hari ini.', '2026-05-22 09:07:14', 1),
(78, 7, 'Sistem Absensi', 'Batas waktu berakhir. Anda dicatat \'Alfa\' hari ini.', '2026-05-22 09:07:14', 0),
(79, 4, 'Sistem Absensi', 'Batas waktu berakhir. Anda dicatat \'Alfa\' hari ini.', '2026-05-22 09:07:14', 0),
(80, 3, 'Sistem Absensi', 'Batas waktu berakhir. Anda dicatat \'Alfa\' hari ini.', '2026-05-22 09:07:14', 0),
(81, 1, 'Laporan Absensi Kelas', 'Kelas B1 belum melakukan absensi siswa hari ini.', '2026-05-22 11:22:40', 0),
(82, 1, 'Laporan Absensi Kelas', 'Kelas B2 belum melakukan absensi siswa hari ini.', '2026-05-22 11:22:40', 0),
(83, 1, 'Laporan Absensi Kelas', 'Kelas B3 belum melakukan absensi siswa hari ini.', '2026-05-22 11:22:40', 0),
(84, 7, 'Peringatan Absensi Siswa', 'Anda belum mengabsen siswa hari ini untuk kelas B4.', '2026-05-22 11:22:40', 0),
(85, 1, 'Laporan Absensi Kelas', 'Kelas B4 belum melakukan absensi siswa hari ini.', '2026-05-22 11:22:40', 0),
(86, 1, 'Laporan Absensi Kelas', 'Kelas A1 belum melakukan absensi siswa hari ini.', '2026-05-22 11:22:40', 0),
(87, 7, 'Peringatan Absensi Siswa', 'Anda belum mengabsen siswa hari ini untuk kelas B5.', '2026-05-22 11:22:40', 0),
(88, 1, 'Laporan Absensi Kelas', 'Kelas B5 belum melakukan absensi siswa hari ini.', '2026-05-22 11:22:40', 0),
(89, 4, 'Peringatan Absensi Siswa', 'Anda belum mengabsen siswa hari ini untuk kelas B6.', '2026-05-22 11:22:40', 0),
(90, 1, 'Laporan Absensi Kelas', 'Kelas B6 belum melakukan absensi siswa hari ini.', '2026-05-22 11:22:40', 0),
(91, 5, 'Peringatan Absensi Diri', 'Anda belum melakukan absensi hari ini. Silakan segera absen.', '2026-05-29 02:05:17', 0),
(92, 6, 'Peringatan Absensi Diri', 'Anda belum melakukan absensi hari ini. Silakan segera absen.', '2026-05-29 02:05:17', 1),
(93, 7, 'Peringatan Absensi Diri', 'Anda belum melakukan absensi hari ini. Silakan segera absen.', '2026-05-29 02:05:17', 0),
(94, 4, 'Peringatan Absensi Diri', 'Anda belum melakukan absensi hari ini. Silakan segera absen.', '2026-05-29 02:05:17', 0),
(95, 3, 'Peringatan Absensi Diri', 'Anda belum melakukan absensi hari ini. Silakan segera absen.', '2026-05-29 02:05:17', 0),
(96, 6, 'Peringatan Absensi Siswa', 'Anda belum mengabsen siswa hari ini untuk kelas A2.', '2026-05-29 02:05:17', 1),
(97, 1, 'Laporan Absensi Kelas', 'Kelas A2 belum melakukan absensi siswa hari ini.', '2026-05-29 02:05:17', 0),
(98, 1, 'Laporan Absensi Kelas', 'Kelas B1 belum melakukan absensi siswa hari ini.', '2026-05-29 02:05:17', 0),
(99, 1, 'Laporan Absensi Kelas', 'Kelas B2 belum melakukan absensi siswa hari ini.', '2026-05-29 02:05:17', 0),
(100, 1, 'Laporan Absensi Kelas', 'Kelas B3 belum melakukan absensi siswa hari ini.', '2026-05-29 02:05:17', 0),
(101, 7, 'Peringatan Absensi Siswa', 'Anda belum mengabsen siswa hari ini untuk kelas B4.', '2026-05-29 02:05:18', 0),
(102, 1, 'Laporan Absensi Kelas', 'Kelas B4 belum melakukan absensi siswa hari ini.', '2026-05-29 02:05:18', 0),
(103, 1, 'Laporan Absensi Kelas', 'Kelas A1 belum melakukan absensi siswa hari ini.', '2026-05-29 02:05:18', 0),
(104, 7, 'Peringatan Absensi Siswa', 'Anda belum mengabsen siswa hari ini untuk kelas B5.', '2026-05-29 02:05:18', 0),
(105, 1, 'Laporan Absensi Kelas', 'Kelas B5 belum melakukan absensi siswa hari ini.', '2026-05-29 02:05:18', 0),
(106, 4, 'Peringatan Absensi Siswa', 'Anda belum mengabsen siswa hari ini untuk kelas B6.', '2026-05-29 02:05:18', 0),
(107, 1, 'Laporan Absensi Kelas', 'Kelas B6 belum melakukan absensi siswa hari ini.', '2026-05-29 02:05:18', 0),
(108, 5, 'Sistem Absensi', 'Batas waktu berakhir. Anda dicatat \'Alfa\' hari ini.', '2026-05-29 02:05:18', 0),
(109, 6, 'Sistem Absensi', 'Batas waktu berakhir. Anda dicatat \'Alfa\' hari ini.', '2026-05-29 02:05:18', 1),
(110, 7, 'Sistem Absensi', 'Batas waktu berakhir. Anda dicatat \'Alfa\' hari ini.', '2026-05-29 02:05:18', 0),
(111, 4, 'Sistem Absensi', 'Batas waktu berakhir. Anda dicatat \'Alfa\' hari ini.', '2026-05-29 02:05:18', 0),
(112, 3, 'Sistem Absensi', 'Batas waktu berakhir. Anda dicatat \'Alfa\' hari ini.', '2026-05-29 02:05:18', 0),
(113, 6, 'Peringatan Absensi Siswa', 'Anda belum mengabsen siswa hari ini untuk kelas A2.', '2026-05-29 02:52:06', 1),
(114, 1, 'Laporan Absensi Kelas', 'Kelas A2 belum melakukan absensi siswa hari ini.', '2026-05-29 02:52:06', 0),
(115, 1, 'Laporan Absensi Kelas', 'Kelas B1 belum melakukan absensi siswa hari ini.', '2026-05-29 02:52:06', 0),
(116, 1, 'Laporan Absensi Kelas', 'Kelas B2 belum melakukan absensi siswa hari ini.', '2026-05-29 02:52:06', 0),
(117, 1, 'Laporan Absensi Kelas', 'Kelas B3 belum melakukan absensi siswa hari ini.', '2026-05-29 02:52:06', 0),
(118, 7, 'Peringatan Absensi Siswa', 'Anda belum mengabsen siswa hari ini untuk kelas B4.', '2026-05-29 02:52:06', 0),
(119, 1, 'Laporan Absensi Kelas', 'Kelas B4 belum melakukan absensi siswa hari ini.', '2026-05-29 02:52:06', 0),
(120, 1, 'Laporan Absensi Kelas', 'Kelas A1 belum melakukan absensi siswa hari ini.', '2026-05-29 02:52:06', 0),
(121, 7, 'Peringatan Absensi Siswa', 'Anda belum mengabsen siswa hari ini untuk kelas B5.', '2026-05-29 02:52:06', 0),
(122, 1, 'Laporan Absensi Kelas', 'Kelas B5 belum melakukan absensi siswa hari ini.', '2026-05-29 02:52:06', 0),
(123, 4, 'Peringatan Absensi Siswa', 'Anda belum mengabsen siswa hari ini untuk kelas B6.', '2026-05-29 02:52:06', 0),
(124, 1, 'Laporan Absensi Kelas', 'Kelas B6 belum melakukan absensi siswa hari ini.', '2026-05-29 02:52:06', 0),
(125, 8, 'Peringatan Absensi Siswa', 'Anda belum mengabsen siswa hari ini untuk kelas B1.', '2026-05-29 03:32:30', 0),
(126, 1, 'Laporan Absensi Kelas', 'Kelas B1 belum melakukan absensi siswa hari ini.', '2026-05-29 03:32:31', 0),
(127, 1, 'Laporan Absensi Kelas', 'Kelas B2 belum melakukan absensi siswa hari ini.', '2026-05-29 03:32:31', 0),
(128, 1, 'Laporan Absensi Kelas', 'Kelas B3 belum melakukan absensi siswa hari ini.', '2026-05-29 03:32:31', 0),
(129, 7, 'Peringatan Absensi Siswa', 'Anda belum mengabsen siswa hari ini untuk kelas B4.', '2026-05-29 03:32:31', 0),
(130, 1, 'Laporan Absensi Kelas', 'Kelas B4 belum melakukan absensi siswa hari ini.', '2026-05-29 03:32:31', 0),
(131, 7, 'Peringatan Absensi Siswa', 'Anda belum mengabsen siswa hari ini untuk kelas B5.', '2026-05-29 03:32:31', 0),
(132, 1, 'Laporan Absensi Kelas', 'Kelas B5 belum melakukan absensi siswa hari ini.', '2026-05-29 03:32:31', 0),
(133, 1, 'Laporan Absensi Kelas', 'Kelas B2 belum melakukan absensi siswa hari ini.', '2026-05-29 03:42:36', 0),
(134, 1, 'Laporan Absensi Kelas', 'Kelas B3 belum melakukan absensi siswa hari ini.', '2026-05-29 03:42:36', 0),
(135, 7, 'Peringatan Absensi Siswa', 'Anda belum mengabsen siswa hari ini untuk kelas B4.', '2026-05-29 03:42:36', 0),
(136, 1, 'Laporan Absensi Kelas', 'Kelas B4 belum melakukan absensi siswa hari ini.', '2026-05-29 03:42:36', 0),
(137, 7, 'Peringatan Absensi Siswa', 'Anda belum mengabsen siswa hari ini untuk kelas B5.', '2026-05-29 03:42:36', 0),
(138, 1, 'Laporan Absensi Kelas', 'Kelas B5 belum melakukan absensi siswa hari ini.', '2026-05-29 03:42:36', 0),
(139, 2, 'Peringatan Absensi Diri', 'Anda belum melakukan absensi hari ini. Silakan segera absen.', '2026-06-05 09:01:11', 0),
(140, 6, 'Peringatan Absensi Diri', 'Anda belum melakukan absensi hari ini. Silakan segera absen.', '2026-06-05 09:01:12', 1),
(141, 8, 'Peringatan Absensi Diri', 'Anda belum melakukan absensi hari ini. Silakan segera absen.', '2026-06-05 09:01:12', 0),
(142, 7, 'Peringatan Absensi Diri', 'Anda belum melakukan absensi hari ini. Silakan segera absen.', '2026-06-05 09:01:12', 0),
(143, 4, 'Peringatan Absensi Diri', 'Anda belum melakukan absensi hari ini. Silakan segera absen.', '2026-06-05 09:01:12', 0),
(144, 3, 'Peringatan Absensi Diri', 'Anda belum melakukan absensi hari ini. Silakan segera absen.', '2026-06-05 09:01:12', 0),
(145, 2, 'Sistem Absensi', 'Batas waktu berakhir. Anda dicatat \'Alpa\' hari ini.', '2026-06-05 09:01:12', 0),
(146, 6, 'Sistem Absensi', 'Batas waktu berakhir. Anda dicatat \'Alpa\' hari ini.', '2026-06-05 09:01:12', 1),
(147, 8, 'Sistem Absensi', 'Batas waktu berakhir. Anda dicatat \'Alpa\' hari ini.', '2026-06-05 09:01:12', 0),
(148, 7, 'Sistem Absensi', 'Batas waktu berakhir. Anda dicatat \'Alpa\' hari ini.', '2026-06-05 09:01:12', 0),
(149, 4, 'Sistem Absensi', 'Batas waktu berakhir. Anda dicatat \'Alpa\' hari ini.', '2026-06-05 09:01:12', 0),
(150, 3, 'Sistem Absensi', 'Batas waktu berakhir. Anda dicatat \'Alpa\' hari ini.', '2026-06-05 09:01:12', 0),
(151, 8, 'Peringatan Absensi Siswa', 'Anda belum mengabsen siswa hari ini untuk kelas B1.', '2026-06-05 11:07:55', 0),
(152, 1, 'Laporan Absensi Kelas', 'Kelas B1 belum melakukan absensi siswa hari ini.', '2026-06-05 11:07:55', 0),
(153, 1, 'Laporan Absensi Kelas', 'Kelas B2 belum melakukan absensi siswa hari ini.', '2026-06-05 11:07:55', 0),
(154, 1, 'Laporan Absensi Kelas', 'Kelas B3 belum melakukan absensi siswa hari ini.', '2026-06-05 11:07:55', 0),
(155, 7, 'Peringatan Absensi Siswa', 'Anda belum mengabsen siswa hari ini untuk kelas B4.', '2026-06-05 11:07:55', 0),
(156, 1, 'Laporan Absensi Kelas', 'Kelas B4 belum melakukan absensi siswa hari ini.', '2026-06-05 11:07:55', 0),
(157, 2, 'Peringatan Absensi Siswa', 'Anda belum mengabsen siswa hari ini untuk kelas A1.', '2026-06-05 11:07:55', 0),
(158, 1, 'Laporan Absensi Kelas', 'Kelas A1 belum melakukan absensi siswa hari ini.', '2026-06-05 11:07:55', 0),
(159, 7, 'Peringatan Absensi Siswa', 'Anda belum mengabsen siswa hari ini untuk kelas B5.', '2026-06-05 11:07:55', 0),
(160, 1, 'Laporan Absensi Kelas', 'Kelas B5 belum melakukan absensi siswa hari ini.', '2026-06-05 11:07:55', 0),
(161, 4, 'Peringatan Absensi Siswa', 'Anda belum mengabsen siswa hari ini untuk kelas B6.', '2026-06-05 11:07:55', 0),
(162, 1, 'Laporan Absensi Kelas', 'Kelas B6 belum melakukan absensi siswa hari ini.', '2026-06-05 11:07:55', 0),
(163, 2, 'Peringatan Absensi Diri', 'Anda belum melakukan absensi hari ini. Silakan segera absen.', '2026-06-08 23:39:18', 0),
(164, 6, 'Peringatan Absensi Diri', 'Anda belum melakukan absensi hari ini. Silakan segera absen.', '2026-06-08 23:39:18', 0),
(165, 8, 'Peringatan Absensi Diri', 'Anda belum melakukan absensi hari ini. Silakan segera absen.', '2026-06-08 23:39:18', 0),
(166, 7, 'Peringatan Absensi Diri', 'Anda belum melakukan absensi hari ini. Silakan segera absen.', '2026-06-08 23:39:18', 0),
(167, 4, 'Peringatan Absensi Diri', 'Anda belum melakukan absensi hari ini. Silakan segera absen.', '2026-06-08 23:39:18', 0),
(168, 3, 'Peringatan Absensi Diri', 'Anda belum melakukan absensi hari ini. Silakan segera absen.', '2026-06-08 23:39:18', 0),
(169, 2, 'Peringatan Absensi Diri', 'Anda belum melakukan absensi hari ini. Silakan segera absen.', '2026-06-11 07:31:11', 0),
(170, 6, 'Peringatan Absensi Diri', 'Anda belum melakukan absensi hari ini. Silakan segera absen.', '2026-06-11 07:31:11', 0),
(171, 8, 'Peringatan Absensi Diri', 'Anda belum melakukan absensi hari ini. Silakan segera absen.', '2026-06-11 07:31:11', 0),
(172, 7, 'Peringatan Absensi Diri', 'Anda belum melakukan absensi hari ini. Silakan segera absen.', '2026-06-11 07:31:11', 0),
(173, 2, 'Sistem Absensi', 'Batas waktu berakhir. Anda dicatat \'Alpa\' hari ini.', '2026-06-11 08:43:24', 0),
(174, 8, 'Sistem Absensi', 'Batas waktu berakhir. Anda dicatat \'Alpa\' hari ini.', '2026-06-11 08:43:24', 0),
(175, 7, 'Sistem Absensi', 'Batas waktu berakhir. Anda dicatat \'Alpa\' hari ini.', '2026-06-11 08:43:24', 0);

-- --------------------------------------------------------

--
-- Table structure for table `siswa`
--

CREATE TABLE `siswa` (
  `id_siswa` bigint NOT NULL,
  `nama_siswa` varchar(255) DEFAULT NULL,
  `nisn` varchar(255) DEFAULT NULL,
  `tempat_lahir` varchar(255) DEFAULT NULL,
  `tanggal_lahir` varchar(255) DEFAULT NULL,
  `alamat` varchar(255) DEFAULT NULL
) ENGINE=InnoDB DEFAULT CHARSET=utf8mb4 COLLATE=utf8mb4_0900_ai_ci;

--
-- Dumping data for table `siswa`
--

INSERT INTO `siswa` (`id_siswa`, `nama_siswa`, `nisn`, `tempat_lahir`, `tanggal_lahir`, `alamat`) VALUES
(1, 'Azriel Kinza Ravindra', '3202046815', 'Lumajang', '2020-06-11', 'Jalan Diponegoro'),
(2, 'Nizam Fahmi Haryadi', '3203362254', 'Lumajang', '2020-02-20', 'Sukosari'),
(3, 'Nizar Fahim Haryadi', '3209632541', 'Lumajang', '2020-02-20', 'Sukosari'),
(4, 'Rana Aqila Humaira', '3210560411', 'Lumajang', '2021-03-17', 'Jalan Diponegoro'),
(5, 'Fazia Syabna Ardhana', '3213979424', 'Lumajang', '2021-08-10', 'Jalan Diponegoro'),
(6, 'Nabila Arsya Arifin', '3202650268', 'Jember', '2020-04-01', 'Jl. Mataram'),
(7, 'Achmad Alfan Rachmana', '3202501539', 'Lumajang', '2020-05-26', 'Bayur'),
(8, 'Kanaya Balqis Almaira Chozelyne', '3208491370', 'Lumajang', '2020-04-16', 'Jalan Diponegoro'),
(9, 'Fajrina Zalfa Qirani', '3213026662', 'Jember', '2021-03-14', 'Jl. Imam Bonjol VII/141 LINK.KRAJAN'),
(10, 'Danadyaksa Hernando Yusuf', '3217408202', 'Lumajang', '2021-03-11', 'Pondok Kobong'),
(11, 'Mohamad Fachrul Faresta', '3192137262', 'Banyuwangi', '2019-12-19', 'Selokondung'),
(12, 'Ahmad Musyaffa\'', '3206481014', 'Lumajang', '2020-07-18', 'Jl.Diponegoro'),
(13, 'Nayra Salsabila', '3217530832', 'Banyuwangi', '2021-02-22', 'Kamboja'),
(14, 'Kanzia Yunita Putri Prasetya', '3203782934', 'Balikpapan', '2020-06-16', 'Pesona Orlando Blok DA No.11'),
(15, 'Nabila Shafa Nurdiansyah', '3201964704', 'Lumajang', '2020-06-19', 'Sumbersari'),
(16, 'Nadia Nuha Nafisah', '3200898084', 'Lumajang', '2020-12-28', 'Jl. Diponegoro'),
(17, 'Pradita Manggala Putra Wicaksono', '3206380971', 'Lumajang', '2020-08-09', 'Krajan'),
(18, 'Ratu Jodha Abidah Yuga', NULL, NULL, NULL, NULL),
(19, 'Devi', NULL, NULL, NULL, NULL),
(20, 'Amara Navisha Medina', '3200326457', 'Lumajang', '2020-02-18', 'Diponegoro'),
(21, 'AZOF AL BAHRAIN', '3204888889', 'Lumajang', '2020-10-27', 'Kedungrejo'),
(22, 'Afifah Nur Fakhirah', NULL, NULL, NULL, NULL),
(23, 'Dhafina Hadi Mardania', '3216688110', 'Lumajang', '2021-02-19', 'Kapuharjo'),
(24, 'DEVINA WULANDANI', '3205684844', 'Lumajang', '2020-12-29', 'Soekertijo'),
(25, 'Elvina Zafarin Ardani', '3204153614', 'Lumajang', '2020-01-27', 'Mayjen Soekertiyo'),
(26, 'Aurora Nararya Maghfur', '3202046815', 'Lumajang', '2020-06-11', 'Jl. Diponegoro'),
(27, 'Mahdiyah Kirana Hawa Riziq', '3209243141', 'Lumajang', '2020-08-20', 'Diponegoro'),
(28, 'MUHAMMAD GIBRAN RAFARDHAN', '3205258733', 'Lumajang', '2020-03-20', 'JL. IMAM BONJOL VII/141 LINK.KRAJAN'),
(29, 'Nayottama Abgary Santoso', '3201547036', 'Lumajang', '2020-03-24', 'Selok Ondung'),
(30, 'NAURA SYAKILA AZ-ZAHRA', '3211085061', 'Lumajang', '2021-02-27', 'PONDOK ASRI'),
(31, 'Rajendra Arsenio Haris Prayitno', '3205553962', 'Lumajang', '2020-07-08', 'Sumbersari'),
(32, 'Muhammad Trisno Arundayu', '3201310120', 'Lumajang', '2020-01-11', 'Krajan'),
(33, 'MEZZA LUNA SYA\'BANIASHAZFA', '3203075215', 'Lumajang', '2020-04-08', 'Krajan Barat'),
(34, 'GOWINDA PUTRA PANGGALIH', '3208852066', 'Lumajang', '2020-05-20', 'Pondok Rejo'),
(35, 'Muhammad Agiel Maulana Saputra', '3209361261', 'Lumajang', '2020-06-26', 'JL.Diponegoro'),
(36, 'MANIKA KILA LOVA', '3209649116', 'Lumajang', '2020-01-11', 'Dsn. Pondok Asri'),
(37, 'Kalila Gauri Febrina', '3213742576', 'Lumajang', '2021-02-26', 'JL.Diponegoro'),
(38, 'Yasmin Azzahra', '3206235024', 'Lumajang', '2020-06-15', 'JL.Diponegoro'),
(39, 'Rasya Dwi Amanda Putri', '3208533600', 'Lumajang', '2020-04-12', 'JL.Diponegoro'),
(40, 'Rajendra Fathan Altair Hijriansyah', '3207298766', 'Lumajang', '2020-12-20', 'Mayjen Soekertiyo'),
(41, 'ZAIN HAMIZAN', '3208216003', 'Lumajang', '2020-07-07', 'Pondok Rejo'),
(42, 'SYARKA VALERINO ATHARRAZKA ASNAWI', '3211557501', 'Lumajang', '2021-02-24', 'Sokartiyo'),
(43, 'Adelia Faranisa Azni', '3196684192', 'Lumajang', '2019-09-15', 'Jl. Diponegoro'),
(44, 'Arkenzo Zaviar Rachman', '3190761456', 'Lumajang', '2019-06-04', 'Jl.Bayur'),
(45, 'Elvano Rahmadhani Imamullah', '3199393739', 'Lumajang', '2019-06-02', 'Jl.Diponegoro'),
(46, 'Faiza Alya Mubarok', '3209973520', 'Lumajang', '2020-03-15', 'Jl.Diponegoro'),
(47, 'Fandia Ayu Gayatri', '3195600676', 'Lumajang', '2019-03-11', 'Jl.Diponegoro'),
(48, 'Ibrahim Al-Zaidan', '3191929675', 'Lumajang', '2019-11-13', 'Jl. Dusun Pepe'),
(49, 'Kirana Maharani', '3191491334', 'Lumajang', '2019-09-14', 'Jl. Sidorejo Pepe'),
(50, 'Muhammad Aditya Maulana Alfarizky', '3194234581', 'Lumajang', '2019-08-26', 'Jl. Penggung Kidul'),
(51, 'Naumi Ajeng Pramesti', '3194371149', 'Lumajang', '2019-09-24', 'Jl. Penggung Kidul'),
(52, 'Reyna Syareefa Amanina', '3192552572', 'Lumajang', '2019-09-23', 'Jl.Diponegoro'),
(53, 'Arsya Yusuf Arzanka', '3192404921', 'Lumajang', '2019-09-11', 'Jl. Penggung Kidul'),
(54, 'Alifah Nurul Maghfiroh', '3198081266', 'Lumajang', '2019-04-19', 'Jl. Diponegoro'),
(55, 'Aurel Liya Mehrunnisa', '3199863170', 'Lumajang', '2019-11-02', 'Jl. Diponegoro'),
(56, 'Divania Azzahira Latifa Putri', '3196988772', 'Lumajang', '2019-08-16', 'Jl. Penggung Kidul'),
(57, 'Aulia Risya Febriana', '3197419537', 'Lumajang', '2019-02-21', 'Jl. Diponegoro'),
(58, 'Daneer Emran Dinata', '3191385554', 'Lumajang', '2019-08-20', 'Jl. Diponegoro'),
(59, 'Divania Azzahira Latifa Putri', NULL, NULL, NULL, NULL),
(60, 'Fadhil Abrisam Manaf', '3190979706', 'Lumajang', '2019-04-28', 'Jl. Kebonsari'),
(61, 'Muhammad Keenan Arkana', '3195382039', 'Lumajang', '2019-04-10', 'Jl. Penggung Lor'),
(62, 'Hafizd Ramadhan Alfarizy', '3190006096', 'Malang', '2019-06-01', 'Jl. Diponegoro'),
(63, 'Aisyatun Nazihah', '3198496979', 'Lumajang', '2019-05-28', 'Jl. Penggung Kidul'),
(64, 'Adiba Nabila Ramadhani', '3191022059', 'Lumajang', '2019-05-20', 'Jl. Kebonan'),
(65, 'Fitria Bunga Dewi', '3195418952', 'Lumajang', '2019-06-07', 'PEPE'),
(66, 'Akmal Kamalukdin Bahar', '3191017209', 'Lumajang', '2019-03-21', 'Jl. Selokondung'),
(67, 'Fayolla Zaufalin Al Widad', '3198857342', 'Lumajang', '2019-07-21', 'Jl. Wadaan'),
(68, 'Muhammad Andre Firmansyah', '3193980261', 'Lumajang', '2019-10-02', 'Jl. Diponegoro'),
(69, 'Abidah Hifza Maulidah', '3192377644', 'Lumajang', '2019-11-27', 'Jl. Serambaan'),
(70, 'Kirana Hanum Asyifa', '3194463247', 'Lumajang', '2019-05-24', 'Jl. Diponegoro'),
(71, 'Hanum Arza Wilda', '3200933704', 'Lumajang', '2020-01-02', 'Jl. Krajan Barat'),
(72, 'Vino', NULL, NULL, NULL, NULL),
(73, 'Icho', NULL, NULL, NULL, NULL),
(74, 'Afka', NULL, NULL, NULL, NULL),
(75, 'Dio', NULL, NULL, NULL, NULL),
(76, 'Fares', NULL, NULL, NULL, NULL),
(77, 'Jeje', NULL, NULL, NULL, NULL),
(78, 'Azzahra Nafeza Hadier', '3190229824', 'Lumajang', '2019-05-23', 'Jl. Diponegoro'),
(79, 'Fakhril Favian Al Fariq', '3196979565', 'Lumajang', '2019-03-14', 'Jl. Krajan'),
(80, 'Grizelle Meisyah Ramadhani', '3202610467', 'Lumajang', '2020-05-05', 'Jl. Wadaan'),
(81, 'Karaissa Alvira Ilman', '3193552172', 'Lumajang', '2019-03-17', 'Jl. Diponegoro'),
(82, 'Muhammad Fathan Al Varo', '3194893856', 'Lumajang', '2019-11-02', 'Jl. Selok Ondung'),
(83, 'Muhammad Raffasya', '3194910311', 'Lumajang', '2019-06-09', 'Jl. Selok Ondung'),
(84, 'Zalfa Qirana', '3196676649', 'Lumajang', '2019-12-14', 'Jl. Bayur'),
(85, 'Afifah Na', '123456', '', '', ''),
(87, 'Karin', '1234', 'Lumajang', '2000-01-01', 'Lumajang'),
(88, 'Amanda', '1234', 'lmj', '2020-01-01', 'lmj');

-- --------------------------------------------------------

--
-- Table structure for table `siswa_kelas`
--

CREATE TABLE `siswa_kelas` (
  `id_siswa_kelas` bigint NOT NULL,
  `id_siswa` bigint NOT NULL,
  `id_kelas` varchar(10) NOT NULL,
  `id_tahun_ajaran` bigint NOT NULL
) ENGINE=InnoDB DEFAULT CHARSET=utf8mb4 COLLATE=utf8mb4_0900_ai_ci;

--
-- Dumping data for table `siswa_kelas`
--

INSERT INTO `siswa_kelas` (`id_siswa_kelas`, `id_siswa`, `id_kelas`, `id_tahun_ajaran`) VALUES
(1, 1, 'A1', 1),
(3, 2, 'A1', 1),
(4, 3, 'A1', 1),
(5, 4, 'A1', 1),
(6, 5, 'A1', 1),
(7, 6, 'A1', 1),
(8, 7, 'A1', 1),
(9, 8, 'A1', 1),
(10, 9, 'A1', 1),
(11, 10, 'A1', 1),
(12, 11, 'A1', 1),
(13, 12, 'A1', 1),
(14, 13, 'A1', 1),
(15, 14, 'A1', 1),
(16, 15, 'A1', 1),
(17, 16, 'A1', 1),
(18, 17, 'A1', 1),
(19, 18, 'A1', 1),
(20, 19, 'A1', 1),
(21, 20, 'A2', 1),
(22, 21, 'A2', 1),
(23, 22, 'A2', 1),
(24, 23, 'A2', 1),
(25, 24, 'A2', 1),
(26, 25, 'A2', 1),
(27, 26, 'A2', 1),
(28, 27, 'A2', 1),
(29, 28, 'A2', 1),
(30, 29, 'A2', 1),
(31, 30, 'A2', 1),
(32, 31, 'A2', 1),
(33, 32, 'A2', 1),
(34, 33, 'A2', 1),
(35, 34, 'A2', 1),
(36, 35, 'A2', 1),
(37, 36, 'A2', 1),
(38, 37, 'A2', 1),
(39, 38, 'A2', 1),
(40, 39, 'A2', 1),
(41, 40, 'A2', 1),
(42, 41, 'A2', 1),
(43, 42, 'A2', 1),
(44, 85, 'B1', 1),
(48, 43, 'B1', 2),
(49, 85, 'B1', 2),
(51, 87, 'B6', 1),
(52, 87, 'B6', 2),
(53, 88, 'A1', 2);

-- --------------------------------------------------------

--
-- Table structure for table `status_absensi`
--

CREATE TABLE `status_absensi` (
  `id_status` bigint NOT NULL,
  `nama_status` varchar(255) DEFAULT NULL
) ENGINE=InnoDB DEFAULT CHARSET=utf8mb4 COLLATE=utf8mb4_0900_ai_ci;

--
-- Dumping data for table `status_absensi`
--

INSERT INTO `status_absensi` (`id_status`, `nama_status`) VALUES
(1, 'Hadir'),
(2, 'Izin'),
(3, 'Sakit'),
(4, 'Alpa');

-- --------------------------------------------------------

--
-- Table structure for table `tahun_ajaran`
--

CREATE TABLE `tahun_ajaran` (
  `id_tahun_ajaran` bigint NOT NULL,
  `tahun` varchar(255) DEFAULT NULL,
  `semester` varchar(255) DEFAULT NULL,
  `status` varchar(255) DEFAULT NULL
) ENGINE=InnoDB DEFAULT CHARSET=utf8mb4 COLLATE=utf8mb4_0900_ai_ci;

--
-- Dumping data for table `tahun_ajaran`
--

INSERT INTO `tahun_ajaran` (`id_tahun_ajaran`, `tahun`, `semester`, `status`) VALUES
(1, '2026', '2', 'aktif'),
(2, '2026/2027', '1', 'tidak');

-- --------------------------------------------------------

--
-- Table structure for table `users`
--

CREATE TABLE `users` (
  `id_user` bigint NOT NULL,
  `username` varchar(255) DEFAULT NULL,
  `password` varchar(255) DEFAULT NULL,
  `role` varchar(255) DEFAULT NULL,
  `email` varchar(255) DEFAULT NULL,
  `id_guru` bigint DEFAULT NULL
) ENGINE=InnoDB DEFAULT CHARSET=utf8mb4 COLLATE=utf8mb4_0900_ai_ci;

--
-- Dumping data for table `users`
--

INSERT INTO `users` (`id_user`, `username`, `password`, `role`, `email`, `id_guru`) VALUES
(1, 'admin', '123', 'admin', 'admin@gmail.com', NULL),
(2, 'Susiani', '123', 'guru', 'Susiani@gmail.com', NULL),
(3, 'awa', '123', 'guru', 'awa@gmail.com', NULL),
(4, 'afifah', '123', 'guru', 'afif@gmail.com', NULL),
(5, 'amandaa', '123', 'guru', 'manda@gmail', NULL),
(6, 'alfa', '123', 'guru', 'alfa@gmail.com', NULL),
(7, 'Muba', '123', 'guru', 'random@gmail.com', NULL),
(8, 'dwi', '123', 'guru', 'wcdfef', NULL);

--
-- Indexes for dumped tables
--

--
-- Indexes for table `absensi_guru`
--
ALTER TABLE `absensi_guru`
  ADD PRIMARY KEY (`id_absensi_guru`),
  ADD KEY `id_guru` (`id_guru`),
  ADD KEY `absensi_guru_ibfk_2` (`id_status`),
  ADD KEY `absensi_guru_ibfk_3` (`id_tahun_ajaran`);

--
-- Indexes for table `absensi_siswa`
--
ALTER TABLE `absensi_siswa`
  ADD PRIMARY KEY (`id_absensi_siswa`),
  ADD UNIQUE KEY `unique_absen` (`id_siswa`,`tanggal`),
  ADD KEY `fk_kelas_absensi` (`id_kelas`),
  ADD KEY `fk_status` (`id_status`),
  ADD KEY `fk_tahun_ajaran` (`id_tahun_ajaran`);

--
-- Indexes for table `detail_absensi_siswa`
--
ALTER TABLE `detail_absensi_siswa`
  ADD PRIMARY KEY (`id_detail_absensi_siswa`),
  ADD KEY `id_siswa` (`id_siswa`),
  ADD KEY `id_absensi_siswa` (`id_absensi_siswa`);

--
-- Indexes for table `guru`
--
ALTER TABLE `guru`
  ADD PRIMARY KEY (`id_guru`),
  ADD UNIQUE KEY `UKgbma6cidaey2vd4kbd0651ais` (`id_user`);

--
-- Indexes for table `hari_libur`
--
ALTER TABLE `hari_libur`
  ADD PRIMARY KEY (`id_libur`),
  ADD UNIQUE KEY `tanggal` (`tanggal`);

--
-- Indexes for table `kelas`
--
ALTER TABLE `kelas`
  ADD PRIMARY KEY (`id_kelas`);

--
-- Indexes for table `kelas_guru`
--
ALTER TABLE `kelas_guru`
  ADD PRIMARY KEY (`id`),
  ADD KEY `fk_kelas_guru_kelas` (`id_kelas`),
  ADD KEY `fk_kelas_guru_guru` (`id_guru`),
  ADD KEY `fk_kelas_guru_tahun` (`id_tahun_ajaran`);

--
-- Indexes for table `notifikasi`
--
ALTER TABLE `notifikasi`
  ADD PRIMARY KEY (`id`);

--
-- Indexes for table `siswa`
--
ALTER TABLE `siswa`
  ADD PRIMARY KEY (`id_siswa`);

--
-- Indexes for table `siswa_kelas`
--
ALTER TABLE `siswa_kelas`
  ADD PRIMARY KEY (`id_siswa_kelas`),
  ADD UNIQUE KEY `unique_siswa_tahun` (`id_siswa`,`id_tahun_ajaran`),
  ADD UNIQUE KEY `UKrpjjdddbiyiqjvg07gmi947bo` (`id_siswa`,`id_tahun_ajaran`),
  ADD KEY `id_siswa` (`id_siswa`),
  ADD KEY `id_tahun_ajaran` (`id_tahun_ajaran`),
  ADD KEY `siswa_kelas_ibfk_3` (`id_kelas`);

--
-- Indexes for table `status_absensi`
--
ALTER TABLE `status_absensi`
  ADD PRIMARY KEY (`id_status`);

--
-- Indexes for table `tahun_ajaran`
--
ALTER TABLE `tahun_ajaran`
  ADD PRIMARY KEY (`id_tahun_ajaran`);

--
-- Indexes for table `users`
--
ALTER TABLE `users`
  ADD PRIMARY KEY (`id_user`);

--
-- AUTO_INCREMENT for dumped tables
--

--
-- AUTO_INCREMENT for table `absensi_guru`
--
ALTER TABLE `absensi_guru`
  MODIFY `id_absensi_guru` bigint NOT NULL AUTO_INCREMENT, AUTO_INCREMENT=103;

--
-- AUTO_INCREMENT for table `absensi_siswa`
--
ALTER TABLE `absensi_siswa`
  MODIFY `id_absensi_siswa` bigint NOT NULL AUTO_INCREMENT, AUTO_INCREMENT=348;

--
-- AUTO_INCREMENT for table `detail_absensi_siswa`
--
ALTER TABLE `detail_absensi_siswa`
  MODIFY `id_detail_absensi_siswa` int NOT NULL AUTO_INCREMENT;

--
-- AUTO_INCREMENT for table `guru`
--
ALTER TABLE `guru`
  MODIFY `id_guru` bigint NOT NULL AUTO_INCREMENT, AUTO_INCREMENT=22;

--
-- AUTO_INCREMENT for table `hari_libur`
--
ALTER TABLE `hari_libur`
  MODIFY `id_libur` bigint NOT NULL AUTO_INCREMENT, AUTO_INCREMENT=15;

--
-- AUTO_INCREMENT for table `kelas_guru`
--
ALTER TABLE `kelas_guru`
  MODIFY `id` bigint NOT NULL AUTO_INCREMENT, AUTO_INCREMENT=52;

--
-- AUTO_INCREMENT for table `notifikasi`
--
ALTER TABLE `notifikasi`
  MODIFY `id` bigint NOT NULL AUTO_INCREMENT, AUTO_INCREMENT=176;

--
-- AUTO_INCREMENT for table `siswa`
--
ALTER TABLE `siswa`
  MODIFY `id_siswa` bigint NOT NULL AUTO_INCREMENT, AUTO_INCREMENT=90;

--
-- AUTO_INCREMENT for table `siswa_kelas`
--
ALTER TABLE `siswa_kelas`
  MODIFY `id_siswa_kelas` bigint NOT NULL AUTO_INCREMENT, AUTO_INCREMENT=55;

--
-- AUTO_INCREMENT for table `status_absensi`
--
ALTER TABLE `status_absensi`
  MODIFY `id_status` bigint NOT NULL AUTO_INCREMENT, AUTO_INCREMENT=5;

--
-- AUTO_INCREMENT for table `tahun_ajaran`
--
ALTER TABLE `tahun_ajaran`
  MODIFY `id_tahun_ajaran` bigint NOT NULL AUTO_INCREMENT, AUTO_INCREMENT=3;

--
-- AUTO_INCREMENT for table `users`
--
ALTER TABLE `users`
  MODIFY `id_user` bigint NOT NULL AUTO_INCREMENT, AUTO_INCREMENT=9;

--
-- Constraints for dumped tables
--

--
-- Constraints for table `absensi_guru`
--
ALTER TABLE `absensi_guru`
  ADD CONSTRAINT `absensi_guru_ibfk_1` FOREIGN KEY (`id_guru`) REFERENCES `guru` (`id_guru`) ON DELETE RESTRICT ON UPDATE RESTRICT,
  ADD CONSTRAINT `absensi_guru_ibfk_2` FOREIGN KEY (`id_status`) REFERENCES `status_absensi` (`id_status`) ON DELETE RESTRICT ON UPDATE RESTRICT,
  ADD CONSTRAINT `absensi_guru_ibfk_3` FOREIGN KEY (`id_tahun_ajaran`) REFERENCES `tahun_ajaran` (`id_tahun_ajaran`) ON DELETE RESTRICT ON UPDATE RESTRICT;

--
-- Constraints for table `absensi_siswa`
--
ALTER TABLE `absensi_siswa`
  ADD CONSTRAINT `fk_kelas` FOREIGN KEY (`id_kelas`) REFERENCES `kelas` (`id_kelas`) ON DELETE RESTRICT ON UPDATE RESTRICT,
  ADD CONSTRAINT `fk_siswa` FOREIGN KEY (`id_siswa`) REFERENCES `siswa` (`id_siswa`) ON DELETE RESTRICT ON UPDATE RESTRICT,
  ADD CONSTRAINT `fk_status` FOREIGN KEY (`id_status`) REFERENCES `status_absensi` (`id_status`),
  ADD CONSTRAINT `fk_tahun_ajaran` FOREIGN KEY (`id_tahun_ajaran`) REFERENCES `tahun_ajaran` (`id_tahun_ajaran`) ON DELETE RESTRICT ON UPDATE RESTRICT;

--
-- Constraints for table `detail_absensi_siswa`
--
ALTER TABLE `detail_absensi_siswa`
  ADD CONSTRAINT `absensi_siswa_ibfk_2` FOREIGN KEY (`id_absensi_siswa`) REFERENCES `absensi_siswa` (`id_absensi_siswa`) ON DELETE RESTRICT ON UPDATE RESTRICT,
  ADD CONSTRAINT `siswa_ibfk_1` FOREIGN KEY (`id_siswa`) REFERENCES `siswa` (`id_siswa`) ON DELETE RESTRICT ON UPDATE RESTRICT;

--
-- Constraints for table `guru`
--
ALTER TABLE `guru`
  ADD CONSTRAINT `FK6hc972jx6gj7ycv7e3i02nbha` FOREIGN KEY (`id_user`) REFERENCES `users` (`id_user`);

--
-- Constraints for table `kelas_guru`
--
ALTER TABLE `kelas_guru`
  ADD CONSTRAINT `fk_kelas_guru_guru` FOREIGN KEY (`id_guru`) REFERENCES `guru` (`id_guru`) ON DELETE RESTRICT ON UPDATE RESTRICT,
  ADD CONSTRAINT `fk_kelas_guru_kelas` FOREIGN KEY (`id_kelas`) REFERENCES `kelas` (`id_kelas`) ON DELETE RESTRICT ON UPDATE RESTRICT,
  ADD CONSTRAINT `fk_kelas_guru_tahun_ajaran` FOREIGN KEY (`id_tahun_ajaran`) REFERENCES `tahun_ajaran` (`id_tahun_ajaran`) ON DELETE RESTRICT ON UPDATE RESTRICT;

--
-- Constraints for table `siswa_kelas`
--
ALTER TABLE `siswa_kelas`
  ADD CONSTRAINT `siswa_kelas_ibfk_1` FOREIGN KEY (`id_siswa`) REFERENCES `siswa` (`id_siswa`) ON DELETE RESTRICT ON UPDATE RESTRICT,
  ADD CONSTRAINT `siswa_kelas_ibfk_2` FOREIGN KEY (`id_tahun_ajaran`) REFERENCES `tahun_ajaran` (`id_tahun_ajaran`) ON DELETE RESTRICT ON UPDATE RESTRICT,
  ADD CONSTRAINT `siswa_kelas_ibfk_3` FOREIGN KEY (`id_kelas`) REFERENCES `kelas` (`id_kelas`) ON DELETE RESTRICT ON UPDATE RESTRICT;
COMMIT;

/*!40101 SET CHARACTER_SET_CLIENT=@OLD_CHARACTER_SET_CLIENT */;
/*!40101 SET CHARACTER_SET_RESULTS=@OLD_CHARACTER_SET_RESULTS */;
/*!40101 SET COLLATION_CONNECTION=@OLD_COLLATION_CONNECTION */;
